
[2026-04-05 11:32:23] production.ERROR: Class "NunoMaduro\Collision\Adapters\Laravel\CollisionServiceProvider" not found {"exception":"[object] (Error(code: 0): Class \"NunoMaduro\\Collision\\Adapters\\Laravel\\CollisionServiceProvider\" not found at /home3/motobeatceyloanp/public_html/vendor/laravel/framework/src/Illuminate/Foundation/Application.php:880)
[stacktrace]
#0 /home3/motobeatceyloanp/public_html/vendor/laravel/framework/src/Illuminate/Foundation/Application.php(814): Illuminate\\Foundation\\Application->resolveProvider()
#1 /home3/motobeatceyloanp/public_html/vendor/laravel/framework/src/Illuminate/Foundation/ProviderRepository.php(75): Illuminate\\Foundation\\Application->register()
#2 /home3/motobeatceyloanp/public_html/vendor/laravel/framework/src/Illuminate/Foundation/Application.php(794): Illuminate\\Foundation\\ProviderRepository->load()
#3 /home3/motobeatceyloanp/public_html/vendor/laravel/framework/src/Illuminate/Foundation/Bootstrap/RegisterProviders.php(17): Illuminate\\Foundation\\Application->registerConfiguredProviders()
#4 /home3/motobeatceyloanp/public_html/vendor/laravel/framework/src/Illuminate/Foundation/Application.php(286): Illuminate\\Foundation\\Bootstrap\\RegisterProviders->bootstrap()
#5 /home3/motobeatceyloanp/public_html/vendor/laravel/framework/src/Illuminate/Foundation/Http/Kernel.php(186): Illuminate\\Foundation\\Application->bootstrapWith()
#6 /home3/motobeatceyloanp/public_html/vendor/laravel/framework/src/Illuminate/Foundation/Http/Kernel.php(170): Illuminate\\Foundation\\Http\\Kernel->bootstrap()
#7 /home3/motobeatceyloanp/public_html/vendor/laravel/framework/src/Illuminate/Foundation/Http/Kernel.php(144): Illuminate\\Foundation\\Http\\Kernel->sendRequestThroughRouter()
#8 /home3/motobeatceyloanp/public_html/public/index.php(36): Illuminate\\Foundation\\Http\\Kernel->handle()
#9 {main}
"} 
[2026-04-05 11:32:23] production.ERROR: Target class [translator] does not exist. (View: /home3/motobeatceyloanp/public_html/vendor/laravel/framework/src/Illuminate/Foundation/Exceptions/views/500.blade.php) {"exception":"[object] (Illuminate\\View\\ViewException(code: 0): Target class [translator] does not exist. (View: /home3/motobeatceyloanp/public_html/vendor/laravel/framework/src/Illuminate/Foundation/Exceptions/views/500.blade.php) at /home3/motobeatceyloanp/public_html/vendor/laravel/framework/src/Illuminate/Container/Container.php:914)
[stacktrace]
#0 /home3/motobeatceyloanp/public_html/vendor/laravel/framework/src/Illuminate/View/Engines/PhpEngine.php(60): Illuminate\\View\\Engines\\CompilerEngine->handleViewException()
#1 /home3/motobeatceyloanp/public_html/vendor/laravel/framework/src/Illuminate/View/Engines/CompilerEngine.php(72): Illuminate\\View\\Engines\\PhpEngine->evaluatePath()
#2 /home3/motobeatceyloanp/public_html/vendor/laravel/framework/src/Illuminate/View/View.php(207): Illuminate\\View\\Engines\\CompilerEngine->get()
#3 /home3/motobeatceyloanp/public_html/vendor/laravel/framework/src/Illuminate/View/View.php(190): Illuminate\\View\\View->getContents()
#4 /home3/motobeatceyloanp/public_html/vendor/laravel/framework/src/Illuminate/View/View.php(159): Illuminate\\View\\View->renderContents()
#5 /home3/motobeatceyloanp/public_html/vendor/laravel/framework/src/Illuminate/Http/Response.php(69): Illuminate\\View\\View->render()
#6 /home3/motobeatceyloanp/public_html/vendor/laravel/framework/src/Illuminate/Http/Response.php(35): Illuminate\\Http\\Response->setContent()
#7 /home3/motobeatceyloanp/public_html/vendor/laravel/framework/src/Illuminate/Routing/ResponseFactory.php(58): Illuminate\\Http\\Response->__construct()
#8 /home3/motobeatceyloanp/public_html/vendor/laravel/framework/src/Illuminate/Routing/ResponseFactory.php(88): Illuminate\\Routing\\ResponseFactory->make()
#9 /home3/motobeatceyloanp/public_html/vendor/laravel/framework/src/Illuminate/Foundation/Exceptions/Handler.php(723): Illuminate\\Routing\\ResponseFactory->view()
#10 /home3/motobeatceyloanp/public_html/vendor/laravel/framework/src/Illuminate/Foundation/Exceptions/Handler.php(650): Illuminate\\Foundation\\Exceptions\\Handler->renderHttpException()
#11 /home3/motobeatceyloanp/public_html/vendor/laravel/framework/src/Illuminate/Foundation/Exceptions/Handler.php(556): Illuminate\\Foundation\\Exceptions\\Handler->prepareResponse()
#12 /home3/motobeatceyloanp/public_html/vendor/laravel/framework/src/Illuminate/Foundation/Exceptions/Handler.php(473): Illuminate\\Foundation\\Exceptions\\Handler->renderExceptionResponse()
#13 /home3/motobeatceyloanp/public_html/vendor/laravel/framework/src/Illuminate/Foundation/Http/Kernel.php(509): Illuminate\\Foundation\\Exceptions\\Handler->render()
#14 /home3/motobeatceyloanp/public_html/vendor/laravel/framework/src/Illuminate/Foundation/Http/Kernel.php(148): Illuminate\\Foundation\\Http\\Kernel->renderException()
#15 /home3/motobeatceyloanp/public_html/public/index.php(36): Illuminate\\Foundation\\Http\\Kernel->handle()
#16 {main}

[previous exception] [object] (Illuminate\\Contracts\\Container\\BindingResolutionException(code: 0): Target class [translator] does not exist. at /home3/motobeatceyloanp/public_html/vendor/laravel/framework/src/Illuminate/Container/Container.php:914)
[stacktrace]
#0 /home3/motobeatceyloanp/public_html/vendor/laravel/framework/src/Illuminate/Container/Container.php(795): Illuminate\\Container\\Container->build()
#1 /home3/motobeatceyloanp/public_html/vendor/laravel/framework/src/Illuminate/Foundation/Application.php(986): Illuminate\\Container\\Container->resolve()
#2 /home3/motobeatceyloanp/public_html/vendor/laravel/framework/src/Illuminate/Container/Container.php(731): Illuminate\\Foundation\\Application->resolve()
#3 /home3/motobeatceyloanp/public_html/vendor/laravel/framework/src/Illuminate/Foundation/Application.php(971): Illuminate\\Container\\Container->make()
#4 /home3/motobeatceyloanp/public_html/vendor/laravel/framework/src/Illuminate/Foundation/helpers.php(120): Illuminate\\Foundation\\Application->make()
#5 /home3/motobeatceyloanp/public_html/vendor/laravel/framework/src/Illuminate/Foundation/helpers.php(923): app()
#6 /home3/motobeatceyloanp/public_html/vendor/laravel/framework/src/Illuminate/Foundation/helpers.php(958): trans()
#7 /home3/motobeatceyloanp/public_html/storage/framework/views/fb7ecf35651f92fd143f7ef9472a0002.php(1): __()
#8 /home3/motobeatceyloanp/public_html/vendor/laravel/framework/src/Illuminate/Filesystem/Filesystem.php(123): require('/home3/motobeat...')
#9 /home3/motobeatceyloanp/public_html/vendor/laravel/framework/src/Illuminate/Filesystem/Filesystem.php(124): Illuminate\\Filesystem\\Filesystem::Illuminate\\Filesystem\\{closure}()
#10 /home3/motobeatceyloanp/public_html/vendor/laravel/framework/src/Illuminate/View/Engines/PhpEngine.php(58): Illuminate\\Filesystem\\Filesystem->getRequire()
#11 /home3/motobeatceyloanp/public_html/vendor/laravel/framework/src/Illuminate/View/Engines/CompilerEngine.php(72): Illuminate\\View\\Engines\\PhpEngine->evaluatePath()
#12 /home3/motobeatceyloanp/public_html/vendor/laravel/framework/src/Illuminate/View/View.php(207): Illuminate\\View\\Engines\\CompilerEngine->get()
#13 /home3/motobeatceyloanp/public_html/vendor/laravel/framework/src/Illuminate/View/View.php(190): Illuminate\\View\\View->getContents()
#14 /home3/motobeatceyloanp/public_html/vendor/laravel/framework/src/Illuminate/View/View.php(159): Illuminate\\View\\View->renderContents()
#15 /home3/motobeatceyloanp/public_html/vendor/laravel/framework/src/Illuminate/Http/Response.php(69): Illuminate\\View\\View->render()
#16 /home3/motobeatceyloanp/public_html/vendor/laravel/framework/src/Illuminate/Http/Response.php(35): Illuminate\\Http\\Response->setContent()
#17 /home3/motobeatceyloanp/public_html/vendor/laravel/framework/src/Illuminate/Routing/ResponseFactory.php(58): Illuminate\\Http\\Response->__construct()
#18 /home3/motobeatceyloanp/public_html/vendor/laravel/framework/src/Illuminate/Routing/ResponseFactory.php(88): Illuminate\\Routing\\ResponseFactory->make()
#19 /home3/motobeatceyloanp/public_html/vendor/laravel/framework/src/Illuminate/Foundation/Exceptions/Handler.php(723): Illuminate\\Routing\\ResponseFactory->view()
#20 /home3/motobeatceyloanp/public_html/vendor/laravel/framework/src/Illuminate/Foundation/Exceptions/Handler.php(650): Illuminate\\Foundation\\Exceptions\\Handler->renderHttpException()
#21 /home3/motobeatceyloanp/public_html/vendor/laravel/framework/src/Illuminate/Foundation/Exceptions/Handler.php(556): Illuminate\\Foundation\\Exceptions\\Handler->prepareResponse()
#22 /home3/motobeatceyloanp/public_html/vendor/laravel/framework/src/Illuminate/Foundation/Exceptions/Handler.php(473): Illuminate\\Foundation\\Exceptions\\Handler->renderExceptionResponse()
#23 /home3/motobeatceyloanp/public_html/vendor/laravel/framework/src/Illuminate/Foundation/Http/Kernel.php(509): Illuminate\\Foundation\\Exceptions\\Handler->render()
#24 /home3/motobeatceyloanp/public_html/vendor/laravel/framework/src/Illuminate/Foundation/Http/Kernel.php(148): Illuminate\\Foundation\\Http\\Kernel->renderException()
#25 /home3/motobeatceyloanp/public_html/public/index.php(36): Illuminate\\Foundation\\Http\\Kernel->handle()
#26 {main}

[previous exception] [object] (ReflectionException(code: -1): Class \"translator\" does not exist at /home3/motobeatceyloanp/public_html/vendor/laravel/framework/src/Illuminate/Container/Container.php:912)
[stacktrace]
#0 /home3/motobeatceyloanp/public_html/vendor/laravel/framework/src/Illuminate/Container/Container.php(912): ReflectionClass->__construct()
#1 /home3/motobeatceyloanp/public_html/vendor/laravel/framework/src/Illuminate/Container/Container.php(795): Illuminate\\Container\\Container->build()
#2 /home3/motobeatceyloanp/public_html/vendor/laravel/framework/src/Illuminate/Foundation/Application.php(986): Illuminate\\Container\\Container->resolve()
#3 /home3/motobeatceyloanp/public_html/vendor/laravel/framework/src/Illuminate/Container/Container.php(731): Illuminate\\Foundation\\Application->resolve()
#4 /home3/motobeatceyloanp/public_html/vendor/laravel/framework/src/Illuminate/Foundation/Application.php(971): Illuminate\\Container\\Container->make()
#5 /home3/motobeatceyloanp/public_html/vendor/laravel/framework/src/Illuminate/Foundation/helpers.php(120): Illuminate\\Foundation\\Application->make()
#6 /home3/motobeatceyloanp/public_html/vendor/laravel/framework/src/Illuminate/Foundation/helpers.php(923): app()
#7 /home3/motobeatceyloanp/public_html/vendor/laravel/framework/src/Illuminate/Foundation/helpers.php(958): trans()
#8 /home3/motobeatceyloanp/public_html/storage/framework/views/fb7ecf35651f92fd143f7ef9472a0002.php(1): __()
#9 /home3/motobeatceyloanp/public_html/vendor/laravel/framework/src/Illuminate/Filesystem/Filesystem.php(123): require('/home3/motobeat...')
#10 /home3/motobeatceyloanp/public_html/vendor/laravel/framework/src/Illuminate/Filesystem/Filesystem.php(124): Illuminate\\Filesystem\\Filesystem::Illuminate\\Filesystem\\{closure}()
#11 /home3/motobeatceyloanp/public_html/vendor/laravel/framework/src/Illuminate/View/Engines/PhpEngine.php(58): Illuminate\\Filesystem\\Filesystem->getRequire()
#12 /home3/motobeatceyloanp/public_html/vendor/laravel/framework/src/Illuminate/View/Engines/CompilerEngine.php(72): Illuminate\\View\\Engines\\PhpEngine->evaluatePath()
#13 /home3/motobeatceyloanp/public_html/vendor/laravel/framework/src/Illuminate/View/View.php(207): Illuminate\\View\\Engines\\CompilerEngine->get()
#14 /home3/motobeatceyloanp/public_html/vendor/laravel/framework/src/Illuminate/View/View.php(190): Illuminate\\View\\View->getContents()
#15 /home3/motobeatceyloanp/public_html/vendor/laravel/framework/src/Illuminate/View/View.php(159): Illuminate\\View\\View->renderContents()
#16 /home3/motobeatceyloanp/public_html/vendor/laravel/framework/src/Illuminate/Http/Response.php(69): Illuminate\\View\\View->render()
#17 /home3/motobeatceyloanp/public_html/vendor/laravel/framework/src/Illuminate/Http/Response.php(35): Illuminate\\Http\\Response->setContent()
#18 /home3/motobeatceyloanp/public_html/vendor/laravel/framework/src/Illuminate/Routing/ResponseFactory.php(58): Illuminate\\Http\\Response->__construct()
#19 /home3/motobeatceyloanp/public_html/vendor/laravel/framework/src/Illuminate/Routing/ResponseFactory.php(88): Illuminate\\Routing\\ResponseFactory->make()
#20 /home3/motobeatceyloanp/public_html/vendor/laravel/framework/src/Illuminate/Foundation/Exceptions/Handler.php(723): Illuminate\\Routing\\ResponseFactory->view()
#21 /home3/motobeatceyloanp/public_html/vendor/laravel/framework/src/Illuminate/Foundation/Exceptions/Handler.php(650): Illuminate\\Foundation\\Exceptions\\Handler->renderHttpException()
#22 /home3/motobeatceyloanp/public_html/vendor/laravel/framework/src/Illuminate/Foundation/Exceptions/Handler.php(556): Illuminate\\Foundation\\Exceptions\\Handler->prepareResponse()
#23 /home3/motobeatceyloanp/public_html/vendor/laravel/framework/src/Illuminate/Foundation/Exceptions/Handler.php(473): Illuminate\\Foundation\\Exceptions\\Handler->renderExceptionResponse()
#24 /home3/motobeatceyloanp/public_html/vendor/laravel/framework/src/Illuminate/Foundation/Http/Kernel.php(509): Illuminate\\Foundation\\Exceptions\\Handler->render()
#25 /home3/motobeatceyloanp/public_html/vendor/laravel/framework/src/Illuminate/Foundation/Http/Kernel.php(148): Illuminate\\Foundation\\Http\\Kernel->renderException()
#26 /home3/motobeatceyloanp/public_html/public/index.php(36): Illuminate\\Foundation\\Http\\Kernel->handle()
#27 {main}
"} 
[2026-04-05 11:35:25] production.ERROR: Class "NunoMaduro\Collision\Adapters\Laravel\CollisionServiceProvider" not found {"exception":"[object] (Error(code: 0): Class \"NunoMaduro\\Collision\\Adapters\\Laravel\\CollisionServiceProvider\" not found at /home3/motobeatceyloanp/public_html/vendor/laravel/framework/src/Illuminate/Foundation/Application.php:880)
[stacktrace]
#0 /home3/motobeatceyloanp/public_html/vendor/laravel/framework/src/Illuminate/Foundation/Application.php(814): Illuminate\\Foundation\\Application->resolveProvider()
#1 /home3/motobeatceyloanp/public_html/vendor/laravel/framework/src/Illuminate/Foundation/ProviderRepository.php(75): Illuminate\\Foundation\\Application->register()
#2 /home3/motobeatceyloanp/public_html/vendor/laravel/framework/src/Illuminate/Foundation/Application.php(794): Illuminate\\Foundation\\ProviderRepository->load()
#3 /home3/motobeatceyloanp/public_html/vendor/laravel/framework/src/Illuminate/Foundation/Bootstrap/RegisterProviders.php(17): Illuminate\\Foundation\\Application->registerConfiguredProviders()
#4 /home3/motobeatceyloanp/public_html/vendor/laravel/framework/src/Illuminate/Foundation/Application.php(286): Illuminate\\Foundation\\Bootstrap\\RegisterProviders->bootstrap()
#5 /home3/motobeatceyloanp/public_html/vendor/laravel/framework/src/Illuminate/Foundation/Http/Kernel.php(186): Illuminate\\Foundation\\Application->bootstrapWith()
#6 /home3/motobeatceyloanp/public_html/vendor/laravel/framework/src/Illuminate/Foundation/Http/Kernel.php(170): Illuminate\\Foundation\\Http\\Kernel->bootstrap()
#7 /home3/motobeatceyloanp/public_html/vendor/laravel/framework/src/Illuminate/Foundation/Http/Kernel.php(144): Illuminate\\Foundation\\Http\\Kernel->sendRequestThroughRouter()
#8 /home3/motobeatceyloanp/public_html/public/index.php(36): Illuminate\\Foundation\\Http\\Kernel->handle()
#9 {main}
"} 
[2026-04-05 11:35:25] production.ERROR: Target class [translator] does not exist. (View: /home3/motobeatceyloanp/public_html/vendor/laravel/framework/src/Illuminate/Foundation/Exceptions/views/500.blade.php) {"exception":"[object] (Illuminate\\View\\ViewException(code: 0): Target class [translator] does not exist. (View: /home3/motobeatceyloanp/public_html/vendor/laravel/framework/src/Illuminate/Foundation/Exceptions/views/500.blade.php) at /home3/motobeatceyloanp/public_html/vendor/laravel/framework/src/Illuminate/Container/Container.php:914)
[stacktrace]
#0 /home3/motobeatceyloanp/public_html/vendor/laravel/framework/src/Illuminate/View/Engines/PhpEngine.php(60): Illuminate\\View\\Engines\\CompilerEngine->handleViewException()
#1 /home3/motobeatceyloanp/public_html/vendor/laravel/framework/src/Illuminate/View/Engines/CompilerEngine.php(72): Illuminate\\View\\Engines\\PhpEngine->evaluatePath()
#2 /home3/motobeatceyloanp/public_html/vendor/laravel/framework/src/Illuminate/View/View.php(207): Illuminate\\View\\Engines\\CompilerEngine->get()
#3 /home3/motobeatceyloanp/public_html/vendor/laravel/framework/src/Illuminate/View/View.php(190): Illuminate\\View\\View->getContents()
#4 /home3/motobeatceyloanp/public_html/vendor/laravel/framework/src/Illuminate/View/View.php(159): Illuminate\\View\\View->renderContents()
#5 /home3/motobeatceyloanp/public_html/vendor/laravel/framework/src/Illuminate/Http/Response.php(69): Illuminate\\View\\View->render()
#6 /home3/motobeatceyloanp/public_html/vendor/laravel/framework/src/Illuminate/Http/Response.php(35): Illuminate\\Http\\Response->setContent()
#7 /home3/motobeatceyloanp/public_html/vendor/laravel/framework/src/Illuminate/Routing/ResponseFactory.php(58): Illuminate\\Http\\Response->__construct()
#8 /home3/motobeatceyloanp/public_html/vendor/laravel/framework/src/Illuminate/Routing/ResponseFactory.php(88): Illuminate\\Routing\\ResponseFactory->make()
#9 /home3/motobeatceyloanp/public_html/vendor/laravel/framework/src/Illuminate/Foundation/Exceptions/Handler.php(723): Illuminate\\Routing\\ResponseFactory->view()
#10 /home3/motobeatceyloanp/public_html/vendor/laravel/framework/src/Illuminate/Foundation/Exceptions/Handler.php(650): Illuminate\\Foundation\\Exceptions\\Handler->renderHttpException()
#11 /home3/motobeatceyloanp/public_html/vendor/laravel/framework/src/Illuminate/Foundation/Exceptions/Handler.php(556): Illuminate\\Foundation\\Exceptions\\Handler->prepareResponse()
#12 /home3/motobeatceyloanp/public_html/vendor/laravel/framework/src/Illuminate/Foundation/Exceptions/Handler.php(473): Illuminate\\Foundation\\Exceptions\\Handler->renderExceptionResponse()
#13 /home3/motobeatceyloanp/public_html/vendor/laravel/framework/src/Illuminate/Foundation/Http/Kernel.php(509): Illuminate\\Foundation\\Exceptions\\Handler->render()
#14 /home3/motobeatceyloanp/public_html/vendor/laravel/framework/src/Illuminate/Foundation/Http/Kernel.php(148): Illuminate\\Foundation\\Http\\Kernel->renderException()
#15 /home3/motobeatceyloanp/public_html/public/index.php(36): Illuminate\\Foundation\\Http\\Kernel->handle()
#16 {main}

[previous exception] [object] (Illuminate\\Contracts\\Container\\BindingResolutionException(code: 0): Target class [translator] does not exist. at /home3/motobeatceyloanp/public_html/vendor/laravel/framework/src/Illuminate/Container/Container.php:914)
[stacktrace]
#0 /home3/motobeatceyloanp/public_html/vendor/laravel/framework/src/Illuminate/Container/Container.php(795): Illuminate\\Container\\Container->build()
#1 /home3/motobeatceyloanp/public_html/vendor/laravel/framework/src/Illuminate/Foundation/Application.php(986): Illuminate\\Container\\Container->resolve()
#2 /home3/motobeatceyloanp/public_html/vendor/laravel/framework/src/Illuminate/Container/Container.php(731): Illuminate\\Foundation\\Application->resolve()
#3 /home3/motobeatceyloanp/public_html/vendor/laravel/framework/src/Illuminate/Foundation/Application.php(971): Illuminate\\Container\\Container->make()
#4 /home3/motobeatceyloanp/public_html/vendor/laravel/framework/src/Illuminate/Foundation/helpers.php(120): Illuminate\\Foundation\\Application->make()
#5 /home3/motobeatceyloanp/public_html/vendor/laravel/framework/src/Illuminate/Foundation/helpers.php(923): app()
#6 /home3/motobeatceyloanp/public_html/vendor/laravel/framework/src/Illuminate/Foundation/helpers.php(958): trans()
#7 /home3/motobeatceyloanp/public_html/storage/framework/views/fb7ecf35651f92fd143f7ef9472a0002.php(1): __()
#8 /home3/motobeatceyloanp/public_html/vendor/laravel/framework/src/Illuminate/Filesystem/Filesystem.php(123): require('/home3/motobeat...')
#9 /home3/motobeatceyloanp/public_html/vendor/laravel/framework/src/Illuminate/Filesystem/Filesystem.php(124): Illuminate\\Filesystem\\Filesystem::Illuminate\\Filesystem\\{closure}()
#10 /home3/motobeatceyloanp/public_html/vendor/laravel/framework/src/Illuminate/View/Engines/PhpEngine.php(58): Illuminate\\Filesystem\\Filesystem->getRequire()
#11 /home3/motobeatceyloanp/public_html/vendor/laravel/framework/src/Illuminate/View/Engines/CompilerEngine.php(72): Illuminate\\View\\Engines\\PhpEngine->evaluatePath()
#12 /home3/motobeatceyloanp/public_html/vendor/laravel/framework/src/Illuminate/View/View.php(207): Illuminate\\View\\Engines\\CompilerEngine->get()
#13 /home3/motobeatceyloanp/public_html/vendor/laravel/framework/src/Illuminate/View/View.php(190): Illuminate\\View\\View->getContents()
#14 /home3/motobeatceyloanp/public_html/vendor/laravel/framework/src/Illuminate/View/View.php(159): Illuminate\\View\\View->renderContents()
#15 /home3/motobeatceyloanp/public_html/vendor/laravel/framework/src/Illuminate/Http/Response.php(69): Illuminate\\View\\View->render()
#16 /home3/motobeatceyloanp/public_html/vendor/laravel/framework/src/Illuminate/Http/Response.php(35): Illuminate\\Http\\Response->setContent()
#17 /home3/motobeatceyloanp/public_html/vendor/laravel/framework/src/Illuminate/Routing/ResponseFactory.php(58): Illuminate\\Http\\Response->__construct()
#18 /home3/motobeatceyloanp/public_html/vendor/laravel/framework/src/Illuminate/Routing/ResponseFactory.php(88): Illuminate\\Routing\\ResponseFactory->make()
#19 /home3/motobeatceyloanp/public_html/vendor/laravel/framework/src/Illuminate/Foundation/Exceptions/Handler.php(723): Illuminate\\Routing\\ResponseFactory->view()
#20 /home3/motobeatceyloanp/public_html/vendor/laravel/framework/src/Illuminate/Foundation/Exceptions/Handler.php(650): Illuminate\\Foundation\\Exceptions\\Handler->renderHttpException()
#21 /home3/motobeatceyloanp/public_html/vendor/laravel/framework/src/Illuminate/Foundation/Exceptions/Handler.php(556): Illuminate\\Foundation\\Exceptions\\Handler->prepareResponse()
#22 /home3/motobeatceyloanp/public_html/vendor/laravel/framework/src/Illuminate/Foundation/Exceptions/Handler.php(473): Illuminate\\Foundation\\Exceptions\\Handler->renderExceptionResponse()
#23 /home3/motobeatceyloanp/public_html/vendor/laravel/framework/src/Illuminate/Foundation/Http/Kernel.php(509): Illuminate\\Foundation\\Exceptions\\Handler->render()
#24 /home3/motobeatceyloanp/public_html/vendor/laravel/framework/src/Illuminate/Foundation/Http/Kernel.php(148): Illuminate\\Foundation\\Http\\Kernel->renderException()
#25 /home3/motobeatceyloanp/public_html/public/index.php(36): Illuminate\\Foundation\\Http\\Kernel->handle()
#26 {main}

[previous exception] [object] (ReflectionException(code: -1): Class \"translator\" does not exist at /home3/motobeatceyloanp/public_html/vendor/laravel/framework/src/Illuminate/Container/Container.php:912)
[stacktrace]
#0 /home3/motobeatceyloanp/public_html/vendor/laravel/framework/src/Illuminate/Container/Container.php(912): ReflectionClass->__construct()
#1 /home3/motobeatceyloanp/public_html/vendor/laravel/framework/src/Illuminate/Container/Container.php(795): Illuminate\\Container\\Container->build()
#2 /home3/motobeatceyloanp/public_html/vendor/laravel/framework/src/Illuminate/Foundation/Application.php(986): Illuminate\\Container\\Container->resolve()
#3 /home3/motobeatceyloanp/public_html/vendor/laravel/framework/src/Illuminate/Container/Container.php(731): Illuminate\\Foundation\\Application->resolve()
#4 /home3/motobeatceyloanp/public_html/vendor/laravel/framework/src/Illuminate/Foundation/Application.php(971): Illuminate\\Container\\Container->make()
#5 /home3/motobeatceyloanp/public_html/vendor/laravel/framework/src/Illuminate/Foundation/helpers.php(120): Illuminate\\Foundation\\Application->make()
#6 /home3/motobeatceyloanp/public_html/vendor/laravel/framework/src/Illuminate/Foundation/helpers.php(923): app()
#7 /home3/motobeatceyloanp/public_html/vendor/laravel/framework/src/Illuminate/Foundation/helpers.php(958): trans()
#8 /home3/motobeatceyloanp/public_html/storage/framework/views/fb7ecf35651f92fd143f7ef9472a0002.php(1): __()
#9 /home3/motobeatceyloanp/public_html/vendor/laravel/framework/src/Illuminate/Filesystem/Filesystem.php(123): require('/home3/motobeat...')
#10 /home3/motobeatceyloanp/public_html/vendor/laravel/framework/src/Illuminate/Filesystem/Filesystem.php(124): Illuminate\\Filesystem\\Filesystem::Illuminate\\Filesystem\\{closure}()
#11 /home3/motobeatceyloanp/public_html/vendor/laravel/framework/src/Illuminate/View/Engines/PhpEngine.php(58): Illuminate\\Filesystem\\Filesystem->getRequire()
#12 /home3/motobeatceyloanp/public_html/vendor/laravel/framework/src/Illuminate/View/Engines/CompilerEngine.php(72): Illuminate\\View\\Engines\\PhpEngine->evaluatePath()
#13 /home3/motobeatceyloanp/public_html/vendor/laravel/framework/src/Illuminate/View/View.php(207): Illuminate\\View\\Engines\\CompilerEngine->get()
#14 /home3/motobeatceyloanp/public_html/vendor/laravel/framework/src/Illuminate/View/View.php(190): Illuminate\\View\\View->getContents()
#15 /home3/motobeatceyloanp/public_html/vendor/laravel/framework/src/Illuminate/View/View.php(159): Illuminate\\View\\View->renderContents()
#16 /home3/motobeatceyloanp/public_html/vendor/laravel/framework/src/Illuminate/Http/Response.php(69): Illuminate\\View\\View->render()
#17 /home3/motobeatceyloanp/public_html/vendor/laravel/framework/src/Illuminate/Http/Response.php(35): Illuminate\\Http\\Response->setContent()
#18 /home3/motobeatceyloanp/public_html/vendor/laravel/framework/src/Illuminate/Routing/ResponseFactory.php(58): Illuminate\\Http\\Response->__construct()
#19 /home3/motobeatceyloanp/public_html/vendor/laravel/framework/src/Illuminate/Routing/ResponseFactory.php(88): Illuminate\\Routing\\ResponseFactory->make()
#20 /home3/motobeatceyloanp/public_html/vendor/laravel/framework/src/Illuminate/Foundation/Exceptions/Handler.php(723): Illuminate\\Routing\\ResponseFactory->view()
#21 /home3/motobeatceyloanp/public_html/vendor/laravel/framework/src/Illuminate/Foundation/Exceptions/Handler.php(650): Illuminate\\Foundation\\Exceptions\\Handler->renderHttpException()
#22 /home3/motobeatceyloanp/public_html/vendor/laravel/framework/src/Illuminate/Foundation/Exceptions/Handler.php(556): Illuminate\\Foundation\\Exceptions\\Handler->prepareResponse()
#23 /home3/motobeatceyloanp/public_html/vendor/laravel/framework/src/Illuminate/Foundation/Exceptions/Handler.php(473): Illuminate\\Foundation\\Exceptions\\Handler->renderExceptionResponse()
#24 /home3/motobeatceyloanp/public_html/vendor/laravel/framework/src/Illuminate/Foundation/Http/Kernel.php(509): Illuminate\\Foundation\\Exceptions\\Handler->render()
#25 /home3/motobeatceyloanp/public_html/vendor/laravel/framework/src/Illuminate/Foundation/Http/Kernel.php(148): Illuminate\\Foundation\\Http\\Kernel->renderException()
#26 /home3/motobeatceyloanp/public_html/public/index.php(36): Illuminate\\Foundation\\Http\\Kernel->handle()
#27 {main}
"} 
[2026-04-05 11:38:49] production.ERROR: Class "NunoMaduro\Collision\Adapters\Laravel\CollisionServiceProvider" not found {"exception":"[object] (Error(code: 0): Class \"NunoMaduro\\Collision\\Adapters\\Laravel\\CollisionServiceProvider\" not found at /home3/motobeatceyloanp/public_html/vendor/laravel/framework/src/Illuminate/Foundation/Application.php:880)
[stacktrace]
#0 /home3/motobeatceyloanp/public_html/vendor/laravel/framework/src/Illuminate/Foundation/Application.php(814): Illuminate\\Foundation\\Application->resolveProvider()
#1 /home3/motobeatceyloanp/public_html/vendor/laravel/framework/src/Illuminate/Foundation/ProviderRepository.php(75): Illuminate\\Foundation\\Application->register()
#2 /home3/motobeatceyloanp/public_html/vendor/laravel/framework/src/Illuminate/Foundation/Application.php(794): Illuminate\\Foundation\\ProviderRepository->load()
#3 /home3/motobeatceyloanp/public_html/vendor/laravel/framework/src/Illuminate/Foundation/Bootstrap/RegisterProviders.php(17): Illuminate\\Foundation\\Application->registerConfiguredProviders()
#4 /home3/motobeatceyloanp/public_html/vendor/laravel/framework/src/Illuminate/Foundation/Application.php(286): Illuminate\\Foundation\\Bootstrap\\RegisterProviders->bootstrap()
#5 /home3/motobeatceyloanp/public_html/vendor/laravel/framework/src/Illuminate/Foundation/Console/Kernel.php(447): Illuminate\\Foundation\\Application->bootstrapWith()
#6 /home3/motobeatceyloanp/public_html/public/migrate.php(8): Illuminate\\Foundation\\Console\\Kernel->bootstrap()
#7 {main}
"} 
[2026-04-05 11:38:49] production.ERROR: Target class [translator] does not exist. (View: /home3/motobeatceyloanp/public_html/vendor/laravel/framework/src/Illuminate/Foundation/Exceptions/views/500.blade.php) {"exception":"[object] (Illuminate\\View\\ViewException(code: 0): Target class [translator] does not exist. (View: /home3/motobeatceyloanp/public_html/vendor/laravel/framework/src/Illuminate/Foundation/Exceptions/views/500.blade.php) at /home3/motobeatceyloanp/public_html/vendor/laravel/framework/src/Illuminate/Container/Container.php:914)
[stacktrace]
#0 /home3/motobeatceyloanp/public_html/vendor/laravel/framework/src/Illuminate/View/Engines/PhpEngine.php(60): Illuminate\\View\\Engines\\CompilerEngine->handleViewException()
#1 /home3/motobeatceyloanp/public_html/vendor/laravel/framework/src/Illuminate/View/Engines/CompilerEngine.php(72): Illuminate\\View\\Engines\\PhpEngine->evaluatePath()
#2 /home3/motobeatceyloanp/public_html/vendor/laravel/framework/src/Illuminate/View/View.php(207): Illuminate\\View\\Engines\\CompilerEngine->get()
#3 /home3/motobeatceyloanp/public_html/vendor/laravel/framework/src/Illuminate/View/View.php(190): Illuminate\\View\\View->getContents()
#4 /home3/motobeatceyloanp/public_html/vendor/laravel/framework/src/Illuminate/View/View.php(159): Illuminate\\View\\View->renderContents()
#5 /home3/motobeatceyloanp/public_html/vendor/laravel/framework/src/Illuminate/Http/Response.php(69): Illuminate\\View\\View->render()
#6 /home3/motobeatceyloanp/public_html/vendor/laravel/framework/src/Illuminate/Http/Response.php(35): Illuminate\\Http\\Response->setContent()
#7 /home3/motobeatceyloanp/public_html/vendor/laravel/framework/src/Illuminate/Routing/ResponseFactory.php(58): Illuminate\\Http\\Response->__construct()
#8 /home3/motobeatceyloanp/public_html/vendor/laravel/framework/src/Illuminate/Routing/ResponseFactory.php(88): Illuminate\\Routing\\ResponseFactory->make()
#9 /home3/motobeatceyloanp/public_html/vendor/laravel/framework/src/Illuminate/Foundation/Exceptions/Handler.php(723): Illuminate\\Routing\\ResponseFactory->view()
#10 /home3/motobeatceyloanp/public_html/vendor/laravel/framework/src/Illuminate/Foundation/Exceptions/Handler.php(650): Illuminate\\Foundation\\Exceptions\\Handler->renderHttpException()
#11 /home3/motobeatceyloanp/public_html/vendor/laravel/framework/src/Illuminate/Foundation/Exceptions/Handler.php(556): Illuminate\\Foundation\\Exceptions\\Handler->prepareResponse()
#12 /home3/motobeatceyloanp/public_html/vendor/laravel/framework/src/Illuminate/Foundation/Exceptions/Handler.php(473): Illuminate\\Foundation\\Exceptions\\Handler->renderExceptionResponse()
#13 /home3/motobeatceyloanp/public_html/vendor/laravel/framework/src/Illuminate/Foundation/Bootstrap/HandleExceptions.php(218): Illuminate\\Foundation\\Exceptions\\Handler->render()
#14 /home3/motobeatceyloanp/public_html/vendor/laravel/framework/src/Illuminate/Foundation/Bootstrap/HandleExceptions.php(195): Illuminate\\Foundation\\Bootstrap\\HandleExceptions->renderHttpResponse()
#15 /home3/motobeatceyloanp/public_html/vendor/laravel/framework/src/Illuminate/Foundation/Bootstrap/HandleExceptions.php(255): Illuminate\\Foundation\\Bootstrap\\HandleExceptions->handleException()
#16 [internal function]: Illuminate\\Foundation\\Bootstrap\\HandleExceptions->Illuminate\\Foundation\\Bootstrap\\{closure}()
#17 {main}

[previous exception] [object] (Illuminate\\Contracts\\Container\\BindingResolutionException(code: 0): Target class [translator] does not exist. at /home3/motobeatceyloanp/public_html/vendor/laravel/framework/src/Illuminate/Container/Container.php:914)
[stacktrace]
#0 /home3/motobeatceyloanp/public_html/vendor/laravel/framework/src/Illuminate/Container/Container.php(795): Illuminate\\Container\\Container->build()
#1 /home3/motobeatceyloanp/public_html/vendor/laravel/framework/src/Illuminate/Foundation/Application.php(986): Illuminate\\Container\\Container->resolve()
#2 /home3/motobeatceyloanp/public_html/vendor/laravel/framework/src/Illuminate/Container/Container.php(731): Illuminate\\Foundation\\Application->resolve()
#3 /home3/motobeatceyloanp/public_html/vendor/laravel/framework/src/Illuminate/Foundation/Application.php(971): Illuminate\\Container\\Container->make()
#4 /home3/motobeatceyloanp/public_html/vendor/laravel/framework/src/Illuminate/Foundation/helpers.php(120): Illuminate\\Foundation\\Application->make()
#5 /home3/motobeatceyloanp/public_html/vendor/laravel/framework/src/Illuminate/Foundation/helpers.php(923): app()
#6 /home3/motobeatceyloanp/public_html/vendor/laravel/framework/src/Illuminate/Foundation/helpers.php(958): trans()
#7 /home3/motobeatceyloanp/public_html/storage/framework/views/fb7ecf35651f92fd143f7ef9472a0002.php(1): __()
#8 /home3/motobeatceyloanp/public_html/vendor/laravel/framework/src/Illuminate/Filesystem/Filesystem.php(123): require('/home3/motobeat...')
#9 /home3/motobeatceyloanp/public_html/vendor/laravel/framework/src/Illuminate/Filesystem/Filesystem.php(124): Illuminate\\Filesystem\\Filesystem::Illuminate\\Filesystem\\{closure}()
#10 /home3/motobeatceyloanp/public_html/vendor/laravel/framework/src/Illuminate/View/Engines/PhpEngine.php(58): Illuminate\\Filesystem\\Filesystem->getRequire()
#11 /home3/motobeatceyloanp/public_html/vendor/laravel/framework/src/Illuminate/View/Engines/CompilerEngine.php(72): Illuminate\\View\\Engines\\PhpEngine->evaluatePath()
#12 /home3/motobeatceyloanp/public_html/vendor/laravel/framework/src/Illuminate/View/View.php(207): Illuminate\\View\\Engines\\CompilerEngine->get()
#13 /home3/motobeatceyloanp/public_html/vendor/laravel/framework/src/Illuminate/View/View.php(190): Illuminate\\View\\View->getContents()
#14 /home3/motobeatceyloanp/public_html/vendor/laravel/framework/src/Illuminate/View/View.php(159): Illuminate\\View\\View->renderContents()
#15 /home3/motobeatceyloanp/public_html/vendor/laravel/framework/src/Illuminate/Http/Response.php(69): Illuminate\\View\\View->render()
#16 /home3/motobeatceyloanp/public_html/vendor/laravel/framework/src/Illuminate/Http/Response.php(35): Illuminate\\Http\\Response->setContent()
#17 /home3/motobeatceyloanp/public_html/vendor/laravel/framework/src/Illuminate/Routing/ResponseFactory.php(58): Illuminate\\Http\\Response->__construct()
#18 /home3/motobeatceyloanp/public_html/vendor/laravel/framework/src/Illuminate/Routing/ResponseFactory.php(88): Illuminate\\Routing\\ResponseFactory->make()
#19 /home3/motobeatceyloanp/public_html/vendor/laravel/framework/src/Illuminate/Foundation/Exceptions/Handler.php(723): Illuminate\\Routing\\ResponseFactory->view()
#20 /home3/motobeatceyloanp/public_html/vendor/laravel/framework/src/Illuminate/Foundation/Exceptions/Handler.php(650): Illuminate\\Foundation\\Exceptions\\Handler->renderHttpException()
#21 /home3/motobeatceyloanp/public_html/vendor/laravel/framework/src/Illuminate/Foundation/Exceptions/Handler.php(556): Illuminate\\Foundation\\Exceptions\\Handler->prepareResponse()
#22 /home3/motobeatceyloanp/public_html/vendor/laravel/framework/src/Illuminate/Foundation/Exceptions/Handler.php(473): Illuminate\\Foundation\\Exceptions\\Handler->renderExceptionResponse()
#23 /home3/motobeatceyloanp/public_html/vendor/laravel/framework/src/Illuminate/Foundation/Bootstrap/HandleExceptions.php(218): Illuminate\\Foundation\\Exceptions\\Handler->render()
#24 /home3/motobeatceyloanp/public_html/vendor/laravel/framework/src/Illuminate/Foundation/Bootstrap/HandleExceptions.php(195): Illuminate\\Foundation\\Bootstrap\\HandleExceptions->renderHttpResponse()
#25 /home3/motobeatceyloanp/public_html/vendor/laravel/framework/src/Illuminate/Foundation/Bootstrap/HandleExceptions.php(255): Illuminate\\Foundation\\Bootstrap\\HandleExceptions->handleException()
#26 [internal function]: Illuminate\\Foundation\\Bootstrap\\HandleExceptions->Illuminate\\Foundation\\Bootstrap\\{closure}()
#27 {main}

[previous exception] [object] (ReflectionException(code: -1): Class \"translator\" does not exist at /home3/motobeatceyloanp/public_html/vendor/laravel/framework/src/Illuminate/Container/Container.php:912)
[stacktrace]
#0 /home3/motobeatceyloanp/public_html/vendor/laravel/framework/src/Illuminate/Container/Container.php(912): ReflectionClass->__construct()
#1 /home3/motobeatceyloanp/public_html/vendor/laravel/framework/src/Illuminate/Container/Container.php(795): Illuminate\\Container\\Container->build()
#2 /home3/motobeatceyloanp/public_html/vendor/laravel/framework/src/Illuminate/Foundation/Application.php(986): Illuminate\\Container\\Container->resolve()
#3 /home3/motobeatceyloanp/public_html/vendor/laravel/framework/src/Illuminate/Container/Container.php(731): Illuminate\\Foundation\\Application->resolve()
#4 /home3/motobeatceyloanp/public_html/vendor/laravel/framework/src/Illuminate/Foundation/Application.php(971): Illuminate\\Container\\Container->make()
#5 /home3/motobeatceyloanp/public_html/vendor/laravel/framework/src/Illuminate/Foundation/helpers.php(120): Illuminate\\Foundation\\Application->make()
#6 /home3/motobeatceyloanp/public_html/vendor/laravel/framework/src/Illuminate/Foundation/helpers.php(923): app()
#7 /home3/motobeatceyloanp/public_html/vendor/laravel/framework/src/Illuminate/Foundation/helpers.php(958): trans()
#8 /home3/motobeatceyloanp/public_html/storage/framework/views/fb7ecf35651f92fd143f7ef9472a0002.php(1): __()
#9 /home3/motobeatceyloanp/public_html/vendor/laravel/framework/src/Illuminate/Filesystem/Filesystem.php(123): require('/home3/motobeat...')
#10 /home3/motobeatceyloanp/public_html/vendor/laravel/framework/src/Illuminate/Filesystem/Filesystem.php(124): Illuminate\\Filesystem\\Filesystem::Illuminate\\Filesystem\\{closure}()
#11 /home3/motobeatceyloanp/public_html/vendor/laravel/framework/src/Illuminate/View/Engines/PhpEngine.php(58): Illuminate\\Filesystem\\Filesystem->getRequire()
#12 /home3/motobeatceyloanp/public_html/vendor/laravel/framework/src/Illuminate/View/Engines/CompilerEngine.php(72): Illuminate\\View\\Engines\\PhpEngine->evaluatePath()
#13 /home3/motobeatceyloanp/public_html/vendor/laravel/framework/src/Illuminate/View/View.php(207): Illuminate\\View\\Engines\\CompilerEngine->get()
#14 /home3/motobeatceyloanp/public_html/vendor/laravel/framework/src/Illuminate/View/View.php(190): Illuminate\\View\\View->getContents()
#15 /home3/motobeatceyloanp/public_html/vendor/laravel/framework/src/Illuminate/View/View.php(159): Illuminate\\View\\View->renderContents()
#16 /home3/motobeatceyloanp/public_html/vendor/laravel/framework/src/Illuminate/Http/Response.php(69): Illuminate\\View\\View->render()
#17 /home3/motobeatceyloanp/public_html/vendor/laravel/framework/src/Illuminate/Http/Response.php(35): Illuminate\\Http\\Response->setContent()
#18 /home3/motobeatceyloanp/public_html/vendor/laravel/framework/src/Illuminate/Routing/ResponseFactory.php(58): Illuminate\\Http\\Response->__construct()
#19 /home3/motobeatceyloanp/public_html/vendor/laravel/framework/src/Illuminate/Routing/ResponseFactory.php(88): Illuminate\\Routing\\ResponseFactory->make()
#20 /home3/motobeatceyloanp/public_html/vendor/laravel/framework/src/Illuminate/Foundation/Exceptions/Handler.php(723): Illuminate\\Routing\\ResponseFactory->view()
#21 /home3/motobeatceyloanp/public_html/vendor/laravel/framework/src/Illuminate/Foundation/Exceptions/Handler.php(650): Illuminate\\Foundation\\Exceptions\\Handler->renderHttpException()
#22 /home3/motobeatceyloanp/public_html/vendor/laravel/framework/src/Illuminate/Foundation/Exceptions/Handler.php(556): Illuminate\\Foundation\\Exceptions\\Handler->prepareResponse()
#23 /home3/motobeatceyloanp/public_html/vendor/laravel/framework/src/Illuminate/Foundation/Exceptions/Handler.php(473): Illuminate\\Foundation\\Exceptions\\Handler->renderExceptionResponse()
#24 /home3/motobeatceyloanp/public_html/vendor/laravel/framework/src/Illuminate/Foundation/Bootstrap/HandleExceptions.php(218): Illuminate\\Foundation\\Exceptions\\Handler->render()
#25 /home3/motobeatceyloanp/public_html/vendor/laravel/framework/src/Illuminate/Foundation/Bootstrap/HandleExceptions.php(195): Illuminate\\Foundation\\Bootstrap\\HandleExceptions->renderHttpResponse()
#26 /home3/motobeatceyloanp/public_html/vendor/laravel/framework/src/Illuminate/Foundation/Bootstrap/HandleExceptions.php(255): Illuminate\\Foundation\\Bootstrap\\HandleExceptions->handleException()
#27 [internal function]: Illuminate\\Foundation\\Bootstrap\\HandleExceptions->Illuminate\\Foundation\\Bootstrap\\{closure}()
#28 {main}
"} 
[2026-04-05 11:43:55] production.ERROR: Class "NunoMaduro\Collision\Adapters\Laravel\CollisionServiceProvider" not found {"exception":"[object] (Error(code: 0): Class \"NunoMaduro\\Collision\\Adapters\\Laravel\\CollisionServiceProvider\" not found at /home3/motobeatceyloanp/public_html/vendor/laravel/framework/src/Illuminate/Foundation/Application.php:880)
[stacktrace]
#0 /home3/motobeatceyloanp/public_html/vendor/laravel/framework/src/Illuminate/Foundation/Application.php(814): Illuminate\\Foundation\\Application->resolveProvider()
#1 /home3/motobeatceyloanp/public_html/vendor/laravel/framework/src/Illuminate/Foundation/ProviderRepository.php(75): Illuminate\\Foundation\\Application->register()
#2 /home3/motobeatceyloanp/public_html/vendor/laravel/framework/src/Illuminate/Foundation/Application.php(794): Illuminate\\Foundation\\ProviderRepository->load()
#3 /home3/motobeatceyloanp/public_html/vendor/laravel/framework/src/Illuminate/Foundation/Bootstrap/RegisterProviders.php(17): Illuminate\\Foundation\\Application->registerConfiguredProviders()
#4 /home3/motobeatceyloanp/public_html/vendor/laravel/framework/src/Illuminate/Foundation/Application.php(286): Illuminate\\Foundation\\Bootstrap\\RegisterProviders->bootstrap()
#5 /home3/motobeatceyloanp/public_html/vendor/laravel/framework/src/Illuminate/Foundation/Http/Kernel.php(186): Illuminate\\Foundation\\Application->bootstrapWith()
#6 /home3/motobeatceyloanp/public_html/vendor/laravel/framework/src/Illuminate/Foundation/Http/Kernel.php(170): Illuminate\\Foundation\\Http\\Kernel->bootstrap()
#7 /home3/motobeatceyloanp/public_html/vendor/laravel/framework/src/Illuminate/Foundation/Http/Kernel.php(144): Illuminate\\Foundation\\Http\\Kernel->sendRequestThroughRouter()
#8 /home3/motobeatceyloanp/public_html/public/index.php(36): Illuminate\\Foundation\\Http\\Kernel->handle()
#9 {main}
"} 
[2026-04-05 11:43:55] production.ERROR: Target class [translator] does not exist. (View: /home3/motobeatceyloanp/public_html/vendor/laravel/framework/src/Illuminate/Foundation/Exceptions/views/500.blade.php) {"exception":"[object] (Illuminate\\View\\ViewException(code: 0): Target class [translator] does not exist. (View: /home3/motobeatceyloanp/public_html/vendor/laravel/framework/src/Illuminate/Foundation/Exceptions/views/500.blade.php) at /home3/motobeatceyloanp/public_html/vendor/laravel/framework/src/Illuminate/Container/Container.php:914)
[stacktrace]
#0 /home3/motobeatceyloanp/public_html/vendor/laravel/framework/src/Illuminate/View/Engines/PhpEngine.php(60): Illuminate\\View\\Engines\\CompilerEngine->handleViewException()
#1 /home3/motobeatceyloanp/public_html/vendor/laravel/framework/src/Illuminate/View/Engines/CompilerEngine.php(72): Illuminate\\View\\Engines\\PhpEngine->evaluatePath()
#2 /home3/motobeatceyloanp/public_html/vendor/laravel/framework/src/Illuminate/View/View.php(207): Illuminate\\View\\Engines\\CompilerEngine->get()
#3 /home3/motobeatceyloanp/public_html/vendor/laravel/framework/src/Illuminate/View/View.php(190): Illuminate\\View\\View->getContents()
#4 /home3/motobeatceyloanp/public_html/vendor/laravel/framework/src/Illuminate/View/View.php(159): Illuminate\\View\\View->renderContents()
#5 /home3/motobeatceyloanp/public_html/vendor/laravel/framework/src/Illuminate/Http/Response.php(69): Illuminate\\View\\View->render()
#6 /home3/motobeatceyloanp/public_html/vendor/laravel/framework/src/Illuminate/Http/Response.php(35): Illuminate\\Http\\Response->setContent()
#7 /home3/motobeatceyloanp/public_html/vendor/laravel/framework/src/Illuminate/Routing/ResponseFactory.php(58): Illuminate\\Http\\Response->__construct()
#8 /home3/motobeatceyloanp/public_html/vendor/laravel/framework/src/Illuminate/Routing/ResponseFactory.php(88): Illuminate\\Routing\\ResponseFactory->make()
#9 /home3/motobeatceyloanp/public_html/vendor/laravel/framework/src/Illuminate/Foundation/Exceptions/Handler.php(723): Illuminate\\Routing\\ResponseFactory->view()
#10 /home3/motobeatceyloanp/public_html/vendor/laravel/framework/src/Illuminate/Foundation/Exceptions/Handler.php(650): Illuminate\\Foundation\\Exceptions\\Handler->renderHttpException()
#11 /home3/motobeatceyloanp/public_html/vendor/laravel/framework/src/Illuminate/Foundation/Exceptions/Handler.php(556): Illuminate\\Foundation\\Exceptions\\Handler->prepareResponse()
#12 /home3/motobeatceyloanp/public_html/vendor/laravel/framework/src/Illuminate/Foundation/Exceptions/Handler.php(473): Illuminate\\Foundation\\Exceptions\\Handler->renderExceptionResponse()
#13 /home3/motobeatceyloanp/public_html/vendor/laravel/framework/src/Illuminate/Foundation/Http/Kernel.php(509): Illuminate\\Foundation\\Exceptions\\Handler->render()
#14 /home3/motobeatceyloanp/public_html/vendor/laravel/framework/src/Illuminate/Foundation/Http/Kernel.php(148): Illuminate\\Foundation\\Http\\Kernel->renderException()
#15 /home3/motobeatceyloanp/public_html/public/index.php(36): Illuminate\\Foundation\\Http\\Kernel->handle()
#16 {main}

[previous exception] [object] (Illuminate\\Contracts\\Container\\BindingResolutionException(code: 0): Target class [translator] does not exist. at /home3/motobeatceyloanp/public_html/vendor/laravel/framework/src/Illuminate/Container/Container.php:914)
[stacktrace]
#0 /home3/motobeatceyloanp/public_html/vendor/laravel/framework/src/Illuminate/Container/Container.php(795): Illuminate\\Container\\Container->build()
#1 /home3/motobeatceyloanp/public_html/vendor/laravel/framework/src/Illuminate/Foundation/Application.php(986): Illuminate\\Container\\Container->resolve()
#2 /home3/motobeatceyloanp/public_html/vendor/laravel/framework/src/Illuminate/Container/Container.php(731): Illuminate\\Foundation\\Application->resolve()
#3 /home3/motobeatceyloanp/public_html/vendor/laravel/framework/src/Illuminate/Foundation/Application.php(971): Illuminate\\Container\\Container->make()
#4 /home3/motobeatceyloanp/public_html/vendor/laravel/framework/src/Illuminate/Foundation/helpers.php(120): Illuminate\\Foundation\\Application->make()
#5 /home3/motobeatceyloanp/public_html/vendor/laravel/framework/src/Illuminate/Foundation/helpers.php(923): app()
#6 /home3/motobeatceyloanp/public_html/vendor/laravel/framework/src/Illuminate/Foundation/helpers.php(958): trans()
#7 /home3/motobeatceyloanp/public_html/storage/framework/views/fb7ecf35651f92fd143f7ef9472a0002.php(1): __()
#8 /home3/motobeatceyloanp/public_html/vendor/laravel/framework/src/Illuminate/Filesystem/Filesystem.php(123): require('/home3/motobeat...')
#9 /home3/motobeatceyloanp/public_html/vendor/laravel/framework/src/Illuminate/Filesystem/Filesystem.php(124): Illuminate\\Filesystem\\Filesystem::Illuminate\\Filesystem\\{closure}()
#10 /home3/motobeatceyloanp/public_html/vendor/laravel/framework/src/Illuminate/View/Engines/PhpEngine.php(58): Illuminate\\Filesystem\\Filesystem->getRequire()
#11 /home3/motobeatceyloanp/public_html/vendor/laravel/framework/src/Illuminate/View/Engines/CompilerEngine.php(72): Illuminate\\View\\Engines\\PhpEngine->evaluatePath()
#12 /home3/motobeatceyloanp/public_html/vendor/laravel/framework/src/Illuminate/View/View.php(207): Illuminate\\View\\Engines\\CompilerEngine->get()
#13 /home3/motobeatceyloanp/public_html/vendor/laravel/framework/src/Illuminate/View/View.php(190): Illuminate\\View\\View->getContents()
#14 /home3/motobeatceyloanp/public_html/vendor/laravel/framework/src/Illuminate/View/View.php(159): Illuminate\\View\\View->renderContents()
#15 /home3/motobeatceyloanp/public_html/vendor/laravel/framework/src/Illuminate/Http/Response.php(69): Illuminate\\View\\View->render()
#16 /home3/motobeatceyloanp/public_html/vendor/laravel/framework/src/Illuminate/Http/Response.php(35): Illuminate\\Http\\Response->setContent()
#17 /home3/motobeatceyloanp/public_html/vendor/laravel/framework/src/Illuminate/Routing/ResponseFactory.php(58): Illuminate\\Http\\Response->__construct()
#18 /home3/motobeatceyloanp/public_html/vendor/laravel/framework/src/Illuminate/Routing/ResponseFactory.php(88): Illuminate\\Routing\\ResponseFactory->make()
#19 /home3/motobeatceyloanp/public_html/vendor/laravel/framework/src/Illuminate/Foundation/Exceptions/Handler.php(723): Illuminate\\Routing\\ResponseFactory->view()
#20 /home3/motobeatceyloanp/public_html/vendor/laravel/framework/src/Illuminate/Foundation/Exceptions/Handler.php(650): Illuminate\\Foundation\\Exceptions\\Handler->renderHttpException()
#21 /home3/motobeatceyloanp/public_html/vendor/laravel/framework/src/Illuminate/Foundation/Exceptions/Handler.php(556): Illuminate\\Foundation\\Exceptions\\Handler->prepareResponse()
#22 /home3/motobeatceyloanp/public_html/vendor/laravel/framework/src/Illuminate/Foundation/Exceptions/Handler.php(473): Illuminate\\Foundation\\Exceptions\\Handler->renderExceptionResponse()
#23 /home3/motobeatceyloanp/public_html/vendor/laravel/framework/src/Illuminate/Foundation/Http/Kernel.php(509): Illuminate\\Foundation\\Exceptions\\Handler->render()
#24 /home3/motobeatceyloanp/public_html/vendor/laravel/framework/src/Illuminate/Foundation/Http/Kernel.php(148): Illuminate\\Foundation\\Http\\Kernel->renderException()
#25 /home3/motobeatceyloanp/public_html/public/index.php(36): Illuminate\\Foundation\\Http\\Kernel->handle()
#26 {main}

[previous exception] [object] (ReflectionException(code: -1): Class \"translator\" does not exist at /home3/motobeatceyloanp/public_html/vendor/laravel/framework/src/Illuminate/Container/Container.php:912)
[stacktrace]
#0 /home3/motobeatceyloanp/public_html/vendor/laravel/framework/src/Illuminate/Container/Container.php(912): ReflectionClass->__construct()
#1 /home3/motobeatceyloanp/public_html/vendor/laravel/framework/src/Illuminate/Container/Container.php(795): Illuminate\\Container\\Container->build()
#2 /home3/motobeatceyloanp/public_html/vendor/laravel/framework/src/Illuminate/Foundation/Application.php(986): Illuminate\\Container\\Container->resolve()
#3 /home3/motobeatceyloanp/public_html/vendor/laravel/framework/src/Illuminate/Container/Container.php(731): Illuminate\\Foundation\\Application->resolve()
#4 /home3/motobeatceyloanp/public_html/vendor/laravel/framework/src/Illuminate/Foundation/Application.php(971): Illuminate\\Container\\Container->make()
#5 /home3/motobeatceyloanp/public_html/vendor/laravel/framework/src/Illuminate/Foundation/helpers.php(120): Illuminate\\Foundation\\Application->make()
#6 /home3/motobeatceyloanp/public_html/vendor/laravel/framework/src/Illuminate/Foundation/helpers.php(923): app()
#7 /home3/motobeatceyloanp/public_html/vendor/laravel/framework/src/Illuminate/Foundation/helpers.php(958): trans()
#8 /home3/motobeatceyloanp/public_html/storage/framework/views/fb7ecf35651f92fd143f7ef9472a0002.php(1): __()
#9 /home3/motobeatceyloanp/public_html/vendor/laravel/framework/src/Illuminate/Filesystem/Filesystem.php(123): require('/home3/motobeat...')
#10 /home3/motobeatceyloanp/public_html/vendor/laravel/framework/src/Illuminate/Filesystem/Filesystem.php(124): Illuminate\\Filesystem\\Filesystem::Illuminate\\Filesystem\\{closure}()
#11 /home3/motobeatceyloanp/public_html/vendor/laravel/framework/src/Illuminate/View/Engines/PhpEngine.php(58): Illuminate\\Filesystem\\Filesystem->getRequire()
#12 /home3/motobeatceyloanp/public_html/vendor/laravel/framework/src/Illuminate/View/Engines/CompilerEngine.php(72): Illuminate\\View\\Engines\\PhpEngine->evaluatePath()
#13 /home3/motobeatceyloanp/public_html/vendor/laravel/framework/src/Illuminate/View/View.php(207): Illuminate\\View\\Engines\\CompilerEngine->get()
#14 /home3/motobeatceyloanp/public_html/vendor/laravel/framework/src/Illuminate/View/View.php(190): Illuminate\\View\\View->getContents()
#15 /home3/motobeatceyloanp/public_html/vendor/laravel/framework/src/Illuminate/View/View.php(159): Illuminate\\View\\View->renderContents()
#16 /home3/motobeatceyloanp/public_html/vendor/laravel/framework/src/Illuminate/Http/Response.php(69): Illuminate\\View\\View->render()
#17 /home3/motobeatceyloanp/public_html/vendor/laravel/framework/src/Illuminate/Http/Response.php(35): Illuminate\\Http\\Response->setContent()
#18 /home3/motobeatceyloanp/public_html/vendor/laravel/framework/src/Illuminate/Routing/ResponseFactory.php(58): Illuminate\\Http\\Response->__construct()
#19 /home3/motobeatceyloanp/public_html/vendor/laravel/framework/src/Illuminate/Routing/ResponseFactory.php(88): Illuminate\\Routing\\ResponseFactory->make()
#20 /home3/motobeatceyloanp/public_html/vendor/laravel/framework/src/Illuminate/Foundation/Exceptions/Handler.php(723): Illuminate\\Routing\\ResponseFactory->view()
#21 /home3/motobeatceyloanp/public_html/vendor/laravel/framework/src/Illuminate/Foundation/Exceptions/Handler.php(650): Illuminate\\Foundation\\Exceptions\\Handler->renderHttpException()
#22 /home3/motobeatceyloanp/public_html/vendor/laravel/framework/src/Illuminate/Foundation/Exceptions/Handler.php(556): Illuminate\\Foundation\\Exceptions\\Handler->prepareResponse()
#23 /home3/motobeatceyloanp/public_html/vendor/laravel/framework/src/Illuminate/Foundation/Exceptions/Handler.php(473): Illuminate\\Foundation\\Exceptions\\Handler->renderExceptionResponse()
#24 /home3/motobeatceyloanp/public_html/vendor/laravel/framework/src/Illuminate/Foundation/Http/Kernel.php(509): Illuminate\\Foundation\\Exceptions\\Handler->render()
#25 /home3/motobeatceyloanp/public_html/vendor/laravel/framework/src/Illuminate/Foundation/Http/Kernel.php(148): Illuminate\\Foundation\\Http\\Kernel->renderException()
#26 /home3/motobeatceyloanp/public_html/public/index.php(36): Illuminate\\Foundation\\Http\\Kernel->handle()
#27 {main}
"} 
[2026-04-05 11:45:52] production.ERROR: Class "NunoMaduro\Collision\Adapters\Laravel\CollisionServiceProvider" not found {"exception":"[object] (Error(code: 0): Class \"NunoMaduro\\Collision\\Adapters\\Laravel\\CollisionServiceProvider\" not found at /home3/motobeatceyloanp/public_html/vendor/laravel/framework/src/Illuminate/Foundation/Application.php:880)
[stacktrace]
#0 /home3/motobeatceyloanp/public_html/vendor/laravel/framework/src/Illuminate/Foundation/Application.php(814): Illuminate\\Foundation\\Application->resolveProvider()
#1 /home3/motobeatceyloanp/public_html/vendor/laravel/framework/src/Illuminate/Foundation/ProviderRepository.php(75): Illuminate\\Foundation\\Application->register()
#2 /home3/motobeatceyloanp/public_html/vendor/laravel/framework/src/Illuminate/Foundation/Application.php(794): Illuminate\\Foundation\\ProviderRepository->load()
#3 /home3/motobeatceyloanp/public_html/vendor/laravel/framework/src/Illuminate/Foundation/Bootstrap/RegisterProviders.php(17): Illuminate\\Foundation\\Application->registerConfiguredProviders()
#4 /home3/motobeatceyloanp/public_html/vendor/laravel/framework/src/Illuminate/Foundation/Application.php(286): Illuminate\\Foundation\\Bootstrap\\RegisterProviders->bootstrap()
#5 /home3/motobeatceyloanp/public_html/vendor/laravel/framework/src/Illuminate/Foundation/Http/Kernel.php(186): Illuminate\\Foundation\\Application->bootstrapWith()
#6 /home3/motobeatceyloanp/public_html/vendor/laravel/framework/src/Illuminate/Foundation/Http/Kernel.php(170): Illuminate\\Foundation\\Http\\Kernel->bootstrap()
#7 /home3/motobeatceyloanp/public_html/vendor/laravel/framework/src/Illuminate/Foundation/Http/Kernel.php(144): Illuminate\\Foundation\\Http\\Kernel->sendRequestThroughRouter()
#8 /home3/motobeatceyloanp/public_html/public/index.php(36): Illuminate\\Foundation\\Http\\Kernel->handle()
#9 {main}
"} 
[2026-04-05 11:45:52] production.ERROR: Target class [translator] does not exist. (View: /home3/motobeatceyloanp/public_html/vendor/laravel/framework/src/Illuminate/Foundation/Exceptions/views/500.blade.php) {"exception":"[object] (Illuminate\\View\\ViewException(code: 0): Target class [translator] does not exist. (View: /home3/motobeatceyloanp/public_html/vendor/laravel/framework/src/Illuminate/Foundation/Exceptions/views/500.blade.php) at /home3/motobeatceyloanp/public_html/vendor/laravel/framework/src/Illuminate/Container/Container.php:914)
[stacktrace]
#0 /home3/motobeatceyloanp/public_html/vendor/laravel/framework/src/Illuminate/View/Engines/PhpEngine.php(60): Illuminate\\View\\Engines\\CompilerEngine->handleViewException()
#1 /home3/motobeatceyloanp/public_html/vendor/laravel/framework/src/Illuminate/View/Engines/CompilerEngine.php(72): Illuminate\\View\\Engines\\PhpEngine->evaluatePath()
#2 /home3/motobeatceyloanp/public_html/vendor/laravel/framework/src/Illuminate/View/View.php(207): Illuminate\\View\\Engines\\CompilerEngine->get()
#3 /home3/motobeatceyloanp/public_html/vendor/laravel/framework/src/Illuminate/View/View.php(190): Illuminate\\View\\View->getContents()
#4 /home3/motobeatceyloanp/public_html/vendor/laravel/framework/src/Illuminate/View/View.php(159): Illuminate\\View\\View->renderContents()
#5 /home3/motobeatceyloanp/public_html/vendor/laravel/framework/src/Illuminate/Http/Response.php(69): Illuminate\\View\\View->render()
#6 /home3/motobeatceyloanp/public_html/vendor/laravel/framework/src/Illuminate/Http/Response.php(35): Illuminate\\Http\\Response->setContent()
#7 /home3/motobeatceyloanp/public_html/vendor/laravel/framework/src/Illuminate/Routing/ResponseFactory.php(58): Illuminate\\Http\\Response->__construct()
#8 /home3/motobeatceyloanp/public_html/vendor/laravel/framework/src/Illuminate/Routing/ResponseFactory.php(88): Illuminate\\Routing\\ResponseFactory->make()
#9 /home3/motobeatceyloanp/public_html/vendor/laravel/framework/src/Illuminate/Foundation/Exceptions/Handler.php(723): Illuminate\\Routing\\ResponseFactory->view()
#10 /home3/motobeatceyloanp/public_html/vendor/laravel/framework/src/Illuminate/Foundation/Exceptions/Handler.php(650): Illuminate\\Foundation\\Exceptions\\Handler->renderHttpException()
#11 /home3/motobeatceyloanp/public_html/vendor/laravel/framework/src/Illuminate/Foundation/Exceptions/Handler.php(556): Illuminate\\Foundation\\Exceptions\\Handler->prepareResponse()
#12 /home3/motobeatceyloanp/public_html/vendor/laravel/framework/src/Illuminate/Foundation/Exceptions/Handler.php(473): Illuminate\\Foundation\\Exceptions\\Handler->renderExceptionResponse()
#13 /home3/motobeatceyloanp/public_html/vendor/laravel/framework/src/Illuminate/Foundation/Http/Kernel.php(509): Illuminate\\Foundation\\Exceptions\\Handler->render()
#14 /home3/motobeatceyloanp/public_html/vendor/laravel/framework/src/Illuminate/Foundation/Http/Kernel.php(148): Illuminate\\Foundation\\Http\\Kernel->renderException()
#15 /home3/motobeatceyloanp/public_html/public/index.php(36): Illuminate\\Foundation\\Http\\Kernel->handle()
#16 {main}

[previous exception] [object] (Illuminate\\Contracts\\Container\\BindingResolutionException(code: 0): Target class [translator] does not exist. at /home3/motobeatceyloanp/public_html/vendor/laravel/framework/src/Illuminate/Container/Container.php:914)
[stacktrace]
#0 /home3/motobeatceyloanp/public_html/vendor/laravel/framework/src/Illuminate/Container/Container.php(795): Illuminate\\Container\\Container->build()
#1 /home3/motobeatceyloanp/public_html/vendor/laravel/framework/src/Illuminate/Foundation/Application.php(986): Illuminate\\Container\\Container->resolve()
#2 /home3/motobeatceyloanp/public_html/vendor/laravel/framework/src/Illuminate/Container/Container.php(731): Illuminate\\Foundation\\Application->resolve()
#3 /home3/motobeatceyloanp/public_html/vendor/laravel/framework/src/Illuminate/Foundation/Application.php(971): Illuminate\\Container\\Container->make()
#4 /home3/motobeatceyloanp/public_html/vendor/laravel/framework/src/Illuminate/Foundation/helpers.php(120): Illuminate\\Foundation\\Application->make()
#5 /home3/motobeatceyloanp/public_html/vendor/laravel/framework/src/Illuminate/Foundation/helpers.php(923): app()
#6 /home3/motobeatceyloanp/public_html/vendor/laravel/framework/src/Illuminate/Foundation/helpers.php(958): trans()
#7 /home3/motobeatceyloanp/public_html/storage/framework/views/fb7ecf35651f92fd143f7ef9472a0002.php(1): __()
#8 /home3/motobeatceyloanp/public_html/vendor/laravel/framework/src/Illuminate/Filesystem/Filesystem.php(123): require('/home3/motobeat...')
#9 /home3/motobeatceyloanp/public_html/vendor/laravel/framework/src/Illuminate/Filesystem/Filesystem.php(124): Illuminate\\Filesystem\\Filesystem::Illuminate\\Filesystem\\{closure}()
#10 /home3/motobeatceyloanp/public_html/vendor/laravel/framework/src/Illuminate/View/Engines/PhpEngine.php(58): Illuminate\\Filesystem\\Filesystem->getRequire()
#11 /home3/motobeatceyloanp/public_html/vendor/laravel/framework/src/Illuminate/View/Engines/CompilerEngine.php(72): Illuminate\\View\\Engines\\PhpEngine->evaluatePath()
#12 /home3/motobeatceyloanp/public_html/vendor/laravel/framework/src/Illuminate/View/View.php(207): Illuminate\\View\\Engines\\CompilerEngine->get()
#13 /home3/motobeatceyloanp/public_html/vendor/laravel/framework/src/Illuminate/View/View.php(190): Illuminate\\View\\View->getContents()
#14 /home3/motobeatceyloanp/public_html/vendor/laravel/framework/src/Illuminate/View/View.php(159): Illuminate\\View\\View->renderContents()
#15 /home3/motobeatceyloanp/public_html/vendor/laravel/framework/src/Illuminate/Http/Response.php(69): Illuminate\\View\\View->render()
#16 /home3/motobeatceyloanp/public_html/vendor/laravel/framework/src/Illuminate/Http/Response.php(35): Illuminate\\Http\\Response->setContent()
#17 /home3/motobeatceyloanp/public_html/vendor/laravel/framework/src/Illuminate/Routing/ResponseFactory.php(58): Illuminate\\Http\\Response->__construct()
#18 /home3/motobeatceyloanp/public_html/vendor/laravel/framework/src/Illuminate/Routing/ResponseFactory.php(88): Illuminate\\Routing\\ResponseFactory->make()
#19 /home3/motobeatceyloanp/public_html/vendor/laravel/framework/src/Illuminate/Foundation/Exceptions/Handler.php(723): Illuminate\\Routing\\ResponseFactory->view()
#20 /home3/motobeatceyloanp/public_html/vendor/laravel/framework/src/Illuminate/Foundation/Exceptions/Handler.php(650): Illuminate\\Foundation\\Exceptions\\Handler->renderHttpException()
#21 /home3/motobeatceyloanp/public_html/vendor/laravel/framework/src/Illuminate/Foundation/Exceptions/Handler.php(556): Illuminate\\Foundation\\Exceptions\\Handler->prepareResponse()
#22 /home3/motobeatceyloanp/public_html/vendor/laravel/framework/src/Illuminate/Foundation/Exceptions/Handler.php(473): Illuminate\\Foundation\\Exceptions\\Handler->renderExceptionResponse()
#23 /home3/motobeatceyloanp/public_html/vendor/laravel/framework/src/Illuminate/Foundation/Http/Kernel.php(509): Illuminate\\Foundation\\Exceptions\\Handler->render()
#24 /home3/motobeatceyloanp/public_html/vendor/laravel/framework/src/Illuminate/Foundation/Http/Kernel.php(148): Illuminate\\Foundation\\Http\\Kernel->renderException()
#25 /home3/motobeatceyloanp/public_html/public/index.php(36): Illuminate\\Foundation\\Http\\Kernel->handle()
#26 {main}

[previous exception] [object] (ReflectionException(code: -1): Class \"translator\" does not exist at /home3/motobeatceyloanp/public_html/vendor/laravel/framework/src/Illuminate/Container/Container.php:912)
[stacktrace]
#0 /home3/motobeatceyloanp/public_html/vendor/laravel/framework/src/Illuminate/Container/Container.php(912): ReflectionClass->__construct()
#1 /home3/motobeatceyloanp/public_html/vendor/laravel/framework/src/Illuminate/Container/Container.php(795): Illuminate\\Container\\Container->build()
#2 /home3/motobeatceyloanp/public_html/vendor/laravel/framework/src/Illuminate/Foundation/Application.php(986): Illuminate\\Container\\Container->resolve()
#3 /home3/motobeatceyloanp/public_html/vendor/laravel/framework/src/Illuminate/Container/Container.php(731): Illuminate\\Foundation\\Application->resolve()
#4 /home3/motobeatceyloanp/public_html/vendor/laravel/framework/src/Illuminate/Foundation/Application.php(971): Illuminate\\Container\\Container->make()
#5 /home3/motobeatceyloanp/public_html/vendor/laravel/framework/src/Illuminate/Foundation/helpers.php(120): Illuminate\\Foundation\\Application->make()
#6 /home3/motobeatceyloanp/public_html/vendor/laravel/framework/src/Illuminate/Foundation/helpers.php(923): app()
#7 /home3/motobeatceyloanp/public_html/vendor/laravel/framework/src/Illuminate/Foundation/helpers.php(958): trans()
#8 /home3/motobeatceyloanp/public_html/storage/framework/views/fb7ecf35651f92fd143f7ef9472a0002.php(1): __()
#9 /home3/motobeatceyloanp/public_html/vendor/laravel/framework/src/Illuminate/Filesystem/Filesystem.php(123): require('/home3/motobeat...')
#10 /home3/motobeatceyloanp/public_html/vendor/laravel/framework/src/Illuminate/Filesystem/Filesystem.php(124): Illuminate\\Filesystem\\Filesystem::Illuminate\\Filesystem\\{closure}()
#11 /home3/motobeatceyloanp/public_html/vendor/laravel/framework/src/Illuminate/View/Engines/PhpEngine.php(58): Illuminate\\Filesystem\\Filesystem->getRequire()
#12 /home3/motobeatceyloanp/public_html/vendor/laravel/framework/src/Illuminate/View/Engines/CompilerEngine.php(72): Illuminate\\View\\Engines\\PhpEngine->evaluatePath()
#13 /home3/motobeatceyloanp/public_html/vendor/laravel/framework/src/Illuminate/View/View.php(207): Illuminate\\View\\Engines\\CompilerEngine->get()
#14 /home3/motobeatceyloanp/public_html/vendor/laravel/framework/src/Illuminate/View/View.php(190): Illuminate\\View\\View->getContents()
#15 /home3/motobeatceyloanp/public_html/vendor/laravel/framework/src/Illuminate/View/View.php(159): Illuminate\\View\\View->renderContents()
#16 /home3/motobeatceyloanp/public_html/vendor/laravel/framework/src/Illuminate/Http/Response.php(69): Illuminate\\View\\View->render()
#17 /home3/motobeatceyloanp/public_html/vendor/laravel/framework/src/Illuminate/Http/Response.php(35): Illuminate\\Http\\Response->setContent()
#18 /home3/motobeatceyloanp/public_html/vendor/laravel/framework/src/Illuminate/Routing/ResponseFactory.php(58): Illuminate\\Http\\Response->__construct()
#19 /home3/motobeatceyloanp/public_html/vendor/laravel/framework/src/Illuminate/Routing/ResponseFactory.php(88): Illuminate\\Routing\\ResponseFactory->make()
#20 /home3/motobeatceyloanp/public_html/vendor/laravel/framework/src/Illuminate/Foundation/Exceptions/Handler.php(723): Illuminate\\Routing\\ResponseFactory->view()
#21 /home3/motobeatceyloanp/public_html/vendor/laravel/framework/src/Illuminate/Foundation/Exceptions/Handler.php(650): Illuminate\\Foundation\\Exceptions\\Handler->renderHttpException()
#22 /home3/motobeatceyloanp/public_html/vendor/laravel/framework/src/Illuminate/Foundation/Exceptions/Handler.php(556): Illuminate\\Foundation\\Exceptions\\Handler->prepareResponse()
#23 /home3/motobeatceyloanp/public_html/vendor/laravel/framework/src/Illuminate/Foundation/Exceptions/Handler.php(473): Illuminate\\Foundation\\Exceptions\\Handler->renderExceptionResponse()
#24 /home3/motobeatceyloanp/public_html/vendor/laravel/framework/src/Illuminate/Foundation/Http/Kernel.php(509): Illuminate\\Foundation\\Exceptions\\Handler->render()
#25 /home3/motobeatceyloanp/public_html/vendor/laravel/framework/src/Illuminate/Foundation/Http/Kernel.php(148): Illuminate\\Foundation\\Http\\Kernel->renderException()
#26 /home3/motobeatceyloanp/public_html/public/index.php(36): Illuminate\\Foundation\\Http\\Kernel->handle()
#27 {main}
"} 
[2026-04-05 11:48:43] production.ERROR: Class "NunoMaduro\Collision\Adapters\Laravel\CollisionServiceProvider" not found {"exception":"[object] (Error(code: 0): Class \"NunoMaduro\\Collision\\Adapters\\Laravel\\CollisionServiceProvider\" not found at /home3/motobeatceyloanp/public_html/vendor/laravel/framework/src/Illuminate/Foundation/Application.php:880)
[stacktrace]
#0 /home3/motobeatceyloanp/public_html/vendor/laravel/framework/src/Illuminate/Foundation/Application.php(814): Illuminate\\Foundation\\Application->resolveProvider()
#1 /home3/motobeatceyloanp/public_html/vendor/laravel/framework/src/Illuminate/Foundation/ProviderRepository.php(75): Illuminate\\Foundation\\Application->register()
#2 /home3/motobeatceyloanp/public_html/vendor/laravel/framework/src/Illuminate/Foundation/Application.php(794): Illuminate\\Foundation\\ProviderRepository->load()
#3 /home3/motobeatceyloanp/public_html/vendor/laravel/framework/src/Illuminate/Foundation/Bootstrap/RegisterProviders.php(17): Illuminate\\Foundation\\Application->registerConfiguredProviders()
#4 /home3/motobeatceyloanp/public_html/vendor/laravel/framework/src/Illuminate/Foundation/Application.php(286): Illuminate\\Foundation\\Bootstrap\\RegisterProviders->bootstrap()
#5 /home3/motobeatceyloanp/public_html/vendor/laravel/framework/src/Illuminate/Foundation/Http/Kernel.php(186): Illuminate\\Foundation\\Application->bootstrapWith()
#6 /home3/motobeatceyloanp/public_html/vendor/laravel/framework/src/Illuminate/Foundation/Http/Kernel.php(170): Illuminate\\Foundation\\Http\\Kernel->bootstrap()
#7 /home3/motobeatceyloanp/public_html/vendor/laravel/framework/src/Illuminate/Foundation/Http/Kernel.php(144): Illuminate\\Foundation\\Http\\Kernel->sendRequestThroughRouter()
#8 /home3/motobeatceyloanp/public_html/public/debug.php(10): Illuminate\\Foundation\\Http\\Kernel->handle()
#9 {main}
"} 
[2026-04-05 11:48:43] production.ERROR: Target class [translator] does not exist. (View: /home3/motobeatceyloanp/public_html/vendor/laravel/framework/src/Illuminate/Foundation/Exceptions/views/500.blade.php) {"exception":"[object] (Illuminate\\View\\ViewException(code: 0): Target class [translator] does not exist. (View: /home3/motobeatceyloanp/public_html/vendor/laravel/framework/src/Illuminate/Foundation/Exceptions/views/500.blade.php) at /home3/motobeatceyloanp/public_html/vendor/laravel/framework/src/Illuminate/Container/Container.php:914)
[stacktrace]
#0 /home3/motobeatceyloanp/public_html/vendor/laravel/framework/src/Illuminate/View/Engines/PhpEngine.php(60): Illuminate\\View\\Engines\\CompilerEngine->handleViewException()
#1 /home3/motobeatceyloanp/public_html/vendor/laravel/framework/src/Illuminate/View/Engines/CompilerEngine.php(72): Illuminate\\View\\Engines\\PhpEngine->evaluatePath()
#2 /home3/motobeatceyloanp/public_html/vendor/laravel/framework/src/Illuminate/View/View.php(207): Illuminate\\View\\Engines\\CompilerEngine->get()
#3 /home3/motobeatceyloanp/public_html/vendor/laravel/framework/src/Illuminate/View/View.php(190): Illuminate\\View\\View->getContents()
#4 /home3/motobeatceyloanp/public_html/vendor/laravel/framework/src/Illuminate/View/View.php(159): Illuminate\\View\\View->renderContents()
#5 /home3/motobeatceyloanp/public_html/vendor/laravel/framework/src/Illuminate/Http/Response.php(69): Illuminate\\View\\View->render()
#6 /home3/motobeatceyloanp/public_html/vendor/laravel/framework/src/Illuminate/Http/Response.php(35): Illuminate\\Http\\Response->setContent()
#7 /home3/motobeatceyloanp/public_html/vendor/laravel/framework/src/Illuminate/Routing/ResponseFactory.php(58): Illuminate\\Http\\Response->__construct()
#8 /home3/motobeatceyloanp/public_html/vendor/laravel/framework/src/Illuminate/Routing/ResponseFactory.php(88): Illuminate\\Routing\\ResponseFactory->make()
#9 /home3/motobeatceyloanp/public_html/vendor/laravel/framework/src/Illuminate/Foundation/Exceptions/Handler.php(723): Illuminate\\Routing\\ResponseFactory->view()
#10 /home3/motobeatceyloanp/public_html/vendor/laravel/framework/src/Illuminate/Foundation/Exceptions/Handler.php(650): Illuminate\\Foundation\\Exceptions\\Handler->renderHttpException()
#11 /home3/motobeatceyloanp/public_html/vendor/laravel/framework/src/Illuminate/Foundation/Exceptions/Handler.php(556): Illuminate\\Foundation\\Exceptions\\Handler->prepareResponse()
#12 /home3/motobeatceyloanp/public_html/vendor/laravel/framework/src/Illuminate/Foundation/Exceptions/Handler.php(473): Illuminate\\Foundation\\Exceptions\\Handler->renderExceptionResponse()
#13 /home3/motobeatceyloanp/public_html/vendor/laravel/framework/src/Illuminate/Foundation/Http/Kernel.php(509): Illuminate\\Foundation\\Exceptions\\Handler->render()
#14 /home3/motobeatceyloanp/public_html/vendor/laravel/framework/src/Illuminate/Foundation/Http/Kernel.php(148): Illuminate\\Foundation\\Http\\Kernel->renderException()
#15 /home3/motobeatceyloanp/public_html/public/debug.php(10): Illuminate\\Foundation\\Http\\Kernel->handle()
#16 {main}

[previous exception] [object] (Illuminate\\Contracts\\Container\\BindingResolutionException(code: 0): Target class [translator] does not exist. at /home3/motobeatceyloanp/public_html/vendor/laravel/framework/src/Illuminate/Container/Container.php:914)
[stacktrace]
#0 /home3/motobeatceyloanp/public_html/vendor/laravel/framework/src/Illuminate/Container/Container.php(795): Illuminate\\Container\\Container->build()
#1 /home3/motobeatceyloanp/public_html/vendor/laravel/framework/src/Illuminate/Foundation/Application.php(986): Illuminate\\Container\\Container->resolve()
#2 /home3/motobeatceyloanp/public_html/vendor/laravel/framework/src/Illuminate/Container/Container.php(731): Illuminate\\Foundation\\Application->resolve()
#3 /home3/motobeatceyloanp/public_html/vendor/laravel/framework/src/Illuminate/Foundation/Application.php(971): Illuminate\\Container\\Container->make()
#4 /home3/motobeatceyloanp/public_html/vendor/laravel/framework/src/Illuminate/Foundation/helpers.php(120): Illuminate\\Foundation\\Application->make()
#5 /home3/motobeatceyloanp/public_html/vendor/laravel/framework/src/Illuminate/Foundation/helpers.php(923): app()
#6 /home3/motobeatceyloanp/public_html/vendor/laravel/framework/src/Illuminate/Foundation/helpers.php(958): trans()
#7 /home3/motobeatceyloanp/public_html/storage/framework/views/fb7ecf35651f92fd143f7ef9472a0002.php(1): __()
#8 /home3/motobeatceyloanp/public_html/vendor/laravel/framework/src/Illuminate/Filesystem/Filesystem.php(123): require('/home3/motobeat...')
#9 /home3/motobeatceyloanp/public_html/vendor/laravel/framework/src/Illuminate/Filesystem/Filesystem.php(124): Illuminate\\Filesystem\\Filesystem::Illuminate\\Filesystem\\{closure}()
#10 /home3/motobeatceyloanp/public_html/vendor/laravel/framework/src/Illuminate/View/Engines/PhpEngine.php(58): Illuminate\\Filesystem\\Filesystem->getRequire()
#11 /home3/motobeatceyloanp/public_html/vendor/laravel/framework/src/Illuminate/View/Engines/CompilerEngine.php(72): Illuminate\\View\\Engines\\PhpEngine->evaluatePath()
#12 /home3/motobeatceyloanp/public_html/vendor/laravel/framework/src/Illuminate/View/View.php(207): Illuminate\\View\\Engines\\CompilerEngine->get()
#13 /home3/motobeatceyloanp/public_html/vendor/laravel/framework/src/Illuminate/View/View.php(190): Illuminate\\View\\View->getContents()
#14 /home3/motobeatceyloanp/public_html/vendor/laravel/framework/src/Illuminate/View/View.php(159): Illuminate\\View\\View->renderContents()
#15 /home3/motobeatceyloanp/public_html/vendor/laravel/framework/src/Illuminate/Http/Response.php(69): Illuminate\\View\\View->render()
#16 /home3/motobeatceyloanp/public_html/vendor/laravel/framework/src/Illuminate/Http/Response.php(35): Illuminate\\Http\\Response->setContent()
#17 /home3/motobeatceyloanp/public_html/vendor/laravel/framework/src/Illuminate/Routing/ResponseFactory.php(58): Illuminate\\Http\\Response->__construct()
#18 /home3/motobeatceyloanp/public_html/vendor/laravel/framework/src/Illuminate/Routing/ResponseFactory.php(88): Illuminate\\Routing\\ResponseFactory->make()
#19 /home3/motobeatceyloanp/public_html/vendor/laravel/framework/src/Illuminate/Foundation/Exceptions/Handler.php(723): Illuminate\\Routing\\ResponseFactory->view()
#20 /home3/motobeatceyloanp/public_html/vendor/laravel/framework/src/Illuminate/Foundation/Exceptions/Handler.php(650): Illuminate\\Foundation\\Exceptions\\Handler->renderHttpException()
#21 /home3/motobeatceyloanp/public_html/vendor/laravel/framework/src/Illuminate/Foundation/Exceptions/Handler.php(556): Illuminate\\Foundation\\Exceptions\\Handler->prepareResponse()
#22 /home3/motobeatceyloanp/public_html/vendor/laravel/framework/src/Illuminate/Foundation/Exceptions/Handler.php(473): Illuminate\\Foundation\\Exceptions\\Handler->renderExceptionResponse()
#23 /home3/motobeatceyloanp/public_html/vendor/laravel/framework/src/Illuminate/Foundation/Http/Kernel.php(509): Illuminate\\Foundation\\Exceptions\\Handler->render()
#24 /home3/motobeatceyloanp/public_html/vendor/laravel/framework/src/Illuminate/Foundation/Http/Kernel.php(148): Illuminate\\Foundation\\Http\\Kernel->renderException()
#25 /home3/motobeatceyloanp/public_html/public/debug.php(10): Illuminate\\Foundation\\Http\\Kernel->handle()
#26 {main}

[previous exception] [object] (ReflectionException(code: -1): Class \"translator\" does not exist at /home3/motobeatceyloanp/public_html/vendor/laravel/framework/src/Illuminate/Container/Container.php:912)
[stacktrace]
#0 /home3/motobeatceyloanp/public_html/vendor/laravel/framework/src/Illuminate/Container/Container.php(912): ReflectionClass->__construct()
#1 /home3/motobeatceyloanp/public_html/vendor/laravel/framework/src/Illuminate/Container/Container.php(795): Illuminate\\Container\\Container->build()
#2 /home3/motobeatceyloanp/public_html/vendor/laravel/framework/src/Illuminate/Foundation/Application.php(986): Illuminate\\Container\\Container->resolve()
#3 /home3/motobeatceyloanp/public_html/vendor/laravel/framework/src/Illuminate/Container/Container.php(731): Illuminate\\Foundation\\Application->resolve()
#4 /home3/motobeatceyloanp/public_html/vendor/laravel/framework/src/Illuminate/Foundation/Application.php(971): Illuminate\\Container\\Container->make()
#5 /home3/motobeatceyloanp/public_html/vendor/laravel/framework/src/Illuminate/Foundation/helpers.php(120): Illuminate\\Foundation\\Application->make()
#6 /home3/motobeatceyloanp/public_html/vendor/laravel/framework/src/Illuminate/Foundation/helpers.php(923): app()
#7 /home3/motobeatceyloanp/public_html/vendor/laravel/framework/src/Illuminate/Foundation/helpers.php(958): trans()
#8 /home3/motobeatceyloanp/public_html/storage/framework/views/fb7ecf35651f92fd143f7ef9472a0002.php(1): __()
#9 /home3/motobeatceyloanp/public_html/vendor/laravel/framework/src/Illuminate/Filesystem/Filesystem.php(123): require('/home3/motobeat...')
#10 /home3/motobeatceyloanp/public_html/vendor/laravel/framework/src/Illuminate/Filesystem/Filesystem.php(124): Illuminate\\Filesystem\\Filesystem::Illuminate\\Filesystem\\{closure}()
#11 /home3/motobeatceyloanp/public_html/vendor/laravel/framework/src/Illuminate/View/Engines/PhpEngine.php(58): Illuminate\\Filesystem\\Filesystem->getRequire()
#12 /home3/motobeatceyloanp/public_html/vendor/laravel/framework/src/Illuminate/View/Engines/CompilerEngine.php(72): Illuminate\\View\\Engines\\PhpEngine->evaluatePath()
#13 /home3/motobeatceyloanp/public_html/vendor/laravel/framework/src/Illuminate/View/View.php(207): Illuminate\\View\\Engines\\CompilerEngine->get()
#14 /home3/motobeatceyloanp/public_html/vendor/laravel/framework/src/Illuminate/View/View.php(190): Illuminate\\View\\View->getContents()
#15 /home3/motobeatceyloanp/public_html/vendor/laravel/framework/src/Illuminate/View/View.php(159): Illuminate\\View\\View->renderContents()
#16 /home3/motobeatceyloanp/public_html/vendor/laravel/framework/src/Illuminate/Http/Response.php(69): Illuminate\\View\\View->render()
#17 /home3/motobeatceyloanp/public_html/vendor/laravel/framework/src/Illuminate/Http/Response.php(35): Illuminate\\Http\\Response->setContent()
#18 /home3/motobeatceyloanp/public_html/vendor/laravel/framework/src/Illuminate/Routing/ResponseFactory.php(58): Illuminate\\Http\\Response->__construct()
#19 /home3/motobeatceyloanp/public_html/vendor/laravel/framework/src/Illuminate/Routing/ResponseFactory.php(88): Illuminate\\Routing\\ResponseFactory->make()
#20 /home3/motobeatceyloanp/public_html/vendor/laravel/framework/src/Illuminate/Foundation/Exceptions/Handler.php(723): Illuminate\\Routing\\ResponseFactory->view()
#21 /home3/motobeatceyloanp/public_html/vendor/laravel/framework/src/Illuminate/Foundation/Exceptions/Handler.php(650): Illuminate\\Foundation\\Exceptions\\Handler->renderHttpException()
#22 /home3/motobeatceyloanp/public_html/vendor/laravel/framework/src/Illuminate/Foundation/Exceptions/Handler.php(556): Illuminate\\Foundation\\Exceptions\\Handler->prepareResponse()
#23 /home3/motobeatceyloanp/public_html/vendor/laravel/framework/src/Illuminate/Foundation/Exceptions/Handler.php(473): Illuminate\\Foundation\\Exceptions\\Handler->renderExceptionResponse()
#24 /home3/motobeatceyloanp/public_html/vendor/laravel/framework/src/Illuminate/Foundation/Http/Kernel.php(509): Illuminate\\Foundation\\Exceptions\\Handler->render()
#25 /home3/motobeatceyloanp/public_html/vendor/laravel/framework/src/Illuminate/Foundation/Http/Kernel.php(148): Illuminate\\Foundation\\Http\\Kernel->renderException()
#26 /home3/motobeatceyloanp/public_html/public/debug.php(10): Illuminate\\Foundation\\Http\\Kernel->handle()
#27 {main}
"} 
[2026-04-05 11:51:33] production.ERROR: Class "NunoMaduro\Collision\Adapters\Laravel\CollisionServiceProvider" not found {"exception":"[object] (Error(code: 0): Class \"NunoMaduro\\Collision\\Adapters\\Laravel\\CollisionServiceProvider\" not found at /home3/motobeatceyloanp/public_html/vendor/laravel/framework/src/Illuminate/Foundation/Application.php:880)
[stacktrace]
#0 /home3/motobeatceyloanp/public_html/vendor/laravel/framework/src/Illuminate/Foundation/Application.php(814): Illuminate\\Foundation\\Application->resolveProvider()
#1 /home3/motobeatceyloanp/public_html/vendor/laravel/framework/src/Illuminate/Foundation/ProviderRepository.php(75): Illuminate\\Foundation\\Application->register()
#2 /home3/motobeatceyloanp/public_html/vendor/laravel/framework/src/Illuminate/Foundation/Application.php(794): Illuminate\\Foundation\\ProviderRepository->load()
#3 /home3/motobeatceyloanp/public_html/vendor/laravel/framework/src/Illuminate/Foundation/Bootstrap/RegisterProviders.php(17): Illuminate\\Foundation\\Application->registerConfiguredProviders()
#4 /home3/motobeatceyloanp/public_html/vendor/laravel/framework/src/Illuminate/Foundation/Application.php(286): Illuminate\\Foundation\\Bootstrap\\RegisterProviders->bootstrap()
#5 /home3/motobeatceyloanp/public_html/vendor/laravel/framework/src/Illuminate/Foundation/Http/Kernel.php(186): Illuminate\\Foundation\\Application->bootstrapWith()
#6 /home3/motobeatceyloanp/public_html/vendor/laravel/framework/src/Illuminate/Foundation/Http/Kernel.php(170): Illuminate\\Foundation\\Http\\Kernel->bootstrap()
#7 /home3/motobeatceyloanp/public_html/vendor/laravel/framework/src/Illuminate/Foundation/Http/Kernel.php(144): Illuminate\\Foundation\\Http\\Kernel->sendRequestThroughRouter()
#8 /home3/motobeatceyloanp/public_html/public/index.php(36): Illuminate\\Foundation\\Http\\Kernel->handle()
#9 {main}
"} 
[2026-04-05 11:51:33] production.ERROR: Target class [translator] does not exist. (View: /home3/motobeatceyloanp/public_html/vendor/laravel/framework/src/Illuminate/Foundation/Exceptions/views/500.blade.php) {"exception":"[object] (Illuminate\\View\\ViewException(code: 0): Target class [translator] does not exist. (View: /home3/motobeatceyloanp/public_html/vendor/laravel/framework/src/Illuminate/Foundation/Exceptions/views/500.blade.php) at /home3/motobeatceyloanp/public_html/vendor/laravel/framework/src/Illuminate/Container/Container.php:914)
[stacktrace]
#0 /home3/motobeatceyloanp/public_html/vendor/laravel/framework/src/Illuminate/View/Engines/PhpEngine.php(60): Illuminate\\View\\Engines\\CompilerEngine->handleViewException()
#1 /home3/motobeatceyloanp/public_html/vendor/laravel/framework/src/Illuminate/View/Engines/CompilerEngine.php(72): Illuminate\\View\\Engines\\PhpEngine->evaluatePath()
#2 /home3/motobeatceyloanp/public_html/vendor/laravel/framework/src/Illuminate/View/View.php(207): Illuminate\\View\\Engines\\CompilerEngine->get()
#3 /home3/motobeatceyloanp/public_html/vendor/laravel/framework/src/Illuminate/View/View.php(190): Illuminate\\View\\View->getContents()
#4 /home3/motobeatceyloanp/public_html/vendor/laravel/framework/src/Illuminate/View/View.php(159): Illuminate\\View\\View->renderContents()
#5 /home3/motobeatceyloanp/public_html/vendor/laravel/framework/src/Illuminate/Http/Response.php(69): Illuminate\\View\\View->render()
#6 /home3/motobeatceyloanp/public_html/vendor/laravel/framework/src/Illuminate/Http/Response.php(35): Illuminate\\Http\\Response->setContent()
#7 /home3/motobeatceyloanp/public_html/vendor/laravel/framework/src/Illuminate/Routing/ResponseFactory.php(58): Illuminate\\Http\\Response->__construct()
#8 /home3/motobeatceyloanp/public_html/vendor/laravel/framework/src/Illuminate/Routing/ResponseFactory.php(88): Illuminate\\Routing\\ResponseFactory->make()
#9 /home3/motobeatceyloanp/public_html/vendor/laravel/framework/src/Illuminate/Foundation/Exceptions/Handler.php(723): Illuminate\\Routing\\ResponseFactory->view()
#10 /home3/motobeatceyloanp/public_html/vendor/laravel/framework/src/Illuminate/Foundation/Exceptions/Handler.php(650): Illuminate\\Foundation\\Exceptions\\Handler->renderHttpException()
#11 /home3/motobeatceyloanp/public_html/vendor/laravel/framework/src/Illuminate/Foundation/Exceptions/Handler.php(556): Illuminate\\Foundation\\Exceptions\\Handler->prepareResponse()
#12 /home3/motobeatceyloanp/public_html/vendor/laravel/framework/src/Illuminate/Foundation/Exceptions/Handler.php(473): Illuminate\\Foundation\\Exceptions\\Handler->renderExceptionResponse()
#13 /home3/motobeatceyloanp/public_html/vendor/laravel/framework/src/Illuminate/Foundation/Http/Kernel.php(509): Illuminate\\Foundation\\Exceptions\\Handler->render()
#14 /home3/motobeatceyloanp/public_html/vendor/laravel/framework/src/Illuminate/Foundation/Http/Kernel.php(148): Illuminate\\Foundation\\Http\\Kernel->renderException()
#15 /home3/motobeatceyloanp/public_html/public/index.php(36): Illuminate\\Foundation\\Http\\Kernel->handle()
#16 {main}

[previous exception] [object] (Illuminate\\Contracts\\Container\\BindingResolutionException(code: 0): Target class [translator] does not exist. at /home3/motobeatceyloanp/public_html/vendor/laravel/framework/src/Illuminate/Container/Container.php:914)
[stacktrace]
#0 /home3/motobeatceyloanp/public_html/vendor/laravel/framework/src/Illuminate/Container/Container.php(795): Illuminate\\Container\\Container->build()
#1 /home3/motobeatceyloanp/public_html/vendor/laravel/framework/src/Illuminate/Foundation/Application.php(986): Illuminate\\Container\\Container->resolve()
#2 /home3/motobeatceyloanp/public_html/vendor/laravel/framework/src/Illuminate/Container/Container.php(731): Illuminate\\Foundation\\Application->resolve()
#3 /home3/motobeatceyloanp/public_html/vendor/laravel/framework/src/Illuminate/Foundation/Application.php(971): Illuminate\\Container\\Container->make()
#4 /home3/motobeatceyloanp/public_html/vendor/laravel/framework/src/Illuminate/Foundation/helpers.php(120): Illuminate\\Foundation\\Application->make()
#5 /home3/motobeatceyloanp/public_html/vendor/laravel/framework/src/Illuminate/Foundation/helpers.php(923): app()
#6 /home3/motobeatceyloanp/public_html/vendor/laravel/framework/src/Illuminate/Foundation/helpers.php(958): trans()
#7 /home3/motobeatceyloanp/public_html/storage/framework/views/fb7ecf35651f92fd143f7ef9472a0002.php(1): __()
#8 /home3/motobeatceyloanp/public_html/vendor/laravel/framework/src/Illuminate/Filesystem/Filesystem.php(123): require('/home3/motobeat...')
#9 /home3/motobeatceyloanp/public_html/vendor/laravel/framework/src/Illuminate/Filesystem/Filesystem.php(124): Illuminate\\Filesystem\\Filesystem::Illuminate\\Filesystem\\{closure}()
#10 /home3/motobeatceyloanp/public_html/vendor/laravel/framework/src/Illuminate/View/Engines/PhpEngine.php(58): Illuminate\\Filesystem\\Filesystem->getRequire()
#11 /home3/motobeatceyloanp/public_html/vendor/laravel/framework/src/Illuminate/View/Engines/CompilerEngine.php(72): Illuminate\\View\\Engines\\PhpEngine->evaluatePath()
#12 /home3/motobeatceyloanp/public_html/vendor/laravel/framework/src/Illuminate/View/View.php(207): Illuminate\\View\\Engines\\CompilerEngine->get()
#13 /home3/motobeatceyloanp/public_html/vendor/laravel/framework/src/Illuminate/View/View.php(190): Illuminate\\View\\View->getContents()
#14 /home3/motobeatceyloanp/public_html/vendor/laravel/framework/src/Illuminate/View/View.php(159): Illuminate\\View\\View->renderContents()
#15 /home3/motobeatceyloanp/public_html/vendor/laravel/framework/src/Illuminate/Http/Response.php(69): Illuminate\\View\\View->render()
#16 /home3/motobeatceyloanp/public_html/vendor/laravel/framework/src/Illuminate/Http/Response.php(35): Illuminate\\Http\\Response->setContent()
#17 /home3/motobeatceyloanp/public_html/vendor/laravel/framework/src/Illuminate/Routing/ResponseFactory.php(58): Illuminate\\Http\\Response->__construct()
#18 /home3/motobeatceyloanp/public_html/vendor/laravel/framework/src/Illuminate/Routing/ResponseFactory.php(88): Illuminate\\Routing\\ResponseFactory->make()
#19 /home3/motobeatceyloanp/public_html/vendor/laravel/framework/src/Illuminate/Foundation/Exceptions/Handler.php(723): Illuminate\\Routing\\ResponseFactory->view()
#20 /home3/motobeatceyloanp/public_html/vendor/laravel/framework/src/Illuminate/Foundation/Exceptions/Handler.php(650): Illuminate\\Foundation\\Exceptions\\Handler->renderHttpException()
#21 /home3/motobeatceyloanp/public_html/vendor/laravel/framework/src/Illuminate/Foundation/Exceptions/Handler.php(556): Illuminate\\Foundation\\Exceptions\\Handler->prepareResponse()
#22 /home3/motobeatceyloanp/public_html/vendor/laravel/framework/src/Illuminate/Foundation/Exceptions/Handler.php(473): Illuminate\\Foundation\\Exceptions\\Handler->renderExceptionResponse()
#23 /home3/motobeatceyloanp/public_html/vendor/laravel/framework/src/Illuminate/Foundation/Http/Kernel.php(509): Illuminate\\Foundation\\Exceptions\\Handler->render()
#24 /home3/motobeatceyloanp/public_html/vendor/laravel/framework/src/Illuminate/Foundation/Http/Kernel.php(148): Illuminate\\Foundation\\Http\\Kernel->renderException()
#25 /home3/motobeatceyloanp/public_html/public/index.php(36): Illuminate\\Foundation\\Http\\Kernel->handle()
#26 {main}

[previous exception] [object] (ReflectionException(code: -1): Class \"translator\" does not exist at /home3/motobeatceyloanp/public_html/vendor/laravel/framework/src/Illuminate/Container/Container.php:912)
[stacktrace]
#0 /home3/motobeatceyloanp/public_html/vendor/laravel/framework/src/Illuminate/Container/Container.php(912): ReflectionClass->__construct()
#1 /home3/motobeatceyloanp/public_html/vendor/laravel/framework/src/Illuminate/Container/Container.php(795): Illuminate\\Container\\Container->build()
#2 /home3/motobeatceyloanp/public_html/vendor/laravel/framework/src/Illuminate/Foundation/Application.php(986): Illuminate\\Container\\Container->resolve()
#3 /home3/motobeatceyloanp/public_html/vendor/laravel/framework/src/Illuminate/Container/Container.php(731): Illuminate\\Foundation\\Application->resolve()
#4 /home3/motobeatceyloanp/public_html/vendor/laravel/framework/src/Illuminate/Foundation/Application.php(971): Illuminate\\Container\\Container->make()
#5 /home3/motobeatceyloanp/public_html/vendor/laravel/framework/src/Illuminate/Foundation/helpers.php(120): Illuminate\\Foundation\\Application->make()
#6 /home3/motobeatceyloanp/public_html/vendor/laravel/framework/src/Illuminate/Foundation/helpers.php(923): app()
#7 /home3/motobeatceyloanp/public_html/vendor/laravel/framework/src/Illuminate/Foundation/helpers.php(958): trans()
#8 /home3/motobeatceyloanp/public_html/storage/framework/views/fb7ecf35651f92fd143f7ef9472a0002.php(1): __()
#9 /home3/motobeatceyloanp/public_html/vendor/laravel/framework/src/Illuminate/Filesystem/Filesystem.php(123): require('/home3/motobeat...')
#10 /home3/motobeatceyloanp/public_html/vendor/laravel/framework/src/Illuminate/Filesystem/Filesystem.php(124): Illuminate\\Filesystem\\Filesystem::Illuminate\\Filesystem\\{closure}()
#11 /home3/motobeatceyloanp/public_html/vendor/laravel/framework/src/Illuminate/View/Engines/PhpEngine.php(58): Illuminate\\Filesystem\\Filesystem->getRequire()
#12 /home3/motobeatceyloanp/public_html/vendor/laravel/framework/src/Illuminate/View/Engines/CompilerEngine.php(72): Illuminate\\View\\Engines\\PhpEngine->evaluatePath()
#13 /home3/motobeatceyloanp/public_html/vendor/laravel/framework/src/Illuminate/View/View.php(207): Illuminate\\View\\Engines\\CompilerEngine->get()
#14 /home3/motobeatceyloanp/public_html/vendor/laravel/framework/src/Illuminate/View/View.php(190): Illuminate\\View\\View->getContents()
#15 /home3/motobeatceyloanp/public_html/vendor/laravel/framework/src/Illuminate/View/View.php(159): Illuminate\\View\\View->renderContents()
#16 /home3/motobeatceyloanp/public_html/vendor/laravel/framework/src/Illuminate/Http/Response.php(69): Illuminate\\View\\View->render()
#17 /home3/motobeatceyloanp/public_html/vendor/laravel/framework/src/Illuminate/Http/Response.php(35): Illuminate\\Http\\Response->setContent()
#18 /home3/motobeatceyloanp/public_html/vendor/laravel/framework/src/Illuminate/Routing/ResponseFactory.php(58): Illuminate\\Http\\Response->__construct()
#19 /home3/motobeatceyloanp/public_html/vendor/laravel/framework/src/Illuminate/Routing/ResponseFactory.php(88): Illuminate\\Routing\\ResponseFactory->make()
#20 /home3/motobeatceyloanp/public_html/vendor/laravel/framework/src/Illuminate/Foundation/Exceptions/Handler.php(723): Illuminate\\Routing\\ResponseFactory->view()
#21 /home3/motobeatceyloanp/public_html/vendor/laravel/framework/src/Illuminate/Foundation/Exceptions/Handler.php(650): Illuminate\\Foundation\\Exceptions\\Handler->renderHttpException()
#22 /home3/motobeatceyloanp/public_html/vendor/laravel/framework/src/Illuminate/Foundation/Exceptions/Handler.php(556): Illuminate\\Foundation\\Exceptions\\Handler->prepareResponse()
#23 /home3/motobeatceyloanp/public_html/vendor/laravel/framework/src/Illuminate/Foundation/Exceptions/Handler.php(473): Illuminate\\Foundation\\Exceptions\\Handler->renderExceptionResponse()
#24 /home3/motobeatceyloanp/public_html/vendor/laravel/framework/src/Illuminate/Foundation/Http/Kernel.php(509): Illuminate\\Foundation\\Exceptions\\Handler->render()
#25 /home3/motobeatceyloanp/public_html/vendor/laravel/framework/src/Illuminate/Foundation/Http/Kernel.php(148): Illuminate\\Foundation\\Http\\Kernel->renderException()
#26 /home3/motobeatceyloanp/public_html/public/index.php(36): Illuminate\\Foundation\\Http\\Kernel->handle()
#27 {main}
"} 
[2026-04-05 11:52:19] production.ERROR: Class "NunoMaduro\Collision\Adapters\Laravel\CollisionServiceProvider" not found {"exception":"[object] (Error(code: 0): Class \"NunoMaduro\\Collision\\Adapters\\Laravel\\CollisionServiceProvider\" not found at /home3/motobeatceyloanp/public_html/vendor/laravel/framework/src/Illuminate/Foundation/Application.php:880)
[stacktrace]
#0 /home3/motobeatceyloanp/public_html/vendor/laravel/framework/src/Illuminate/Foundation/Application.php(814): Illuminate\\Foundation\\Application->resolveProvider()
#1 /home3/motobeatceyloanp/public_html/vendor/laravel/framework/src/Illuminate/Foundation/ProviderRepository.php(75): Illuminate\\Foundation\\Application->register()
#2 /home3/motobeatceyloanp/public_html/vendor/laravel/framework/src/Illuminate/Foundation/Application.php(794): Illuminate\\Foundation\\ProviderRepository->load()
#3 /home3/motobeatceyloanp/public_html/vendor/laravel/framework/src/Illuminate/Foundation/Bootstrap/RegisterProviders.php(17): Illuminate\\Foundation\\Application->registerConfiguredProviders()
#4 /home3/motobeatceyloanp/public_html/vendor/laravel/framework/src/Illuminate/Foundation/Application.php(286): Illuminate\\Foundation\\Bootstrap\\RegisterProviders->bootstrap()
#5 /home3/motobeatceyloanp/public_html/vendor/laravel/framework/src/Illuminate/Foundation/Http/Kernel.php(186): Illuminate\\Foundation\\Application->bootstrapWith()
#6 /home3/motobeatceyloanp/public_html/vendor/laravel/framework/src/Illuminate/Foundation/Http/Kernel.php(170): Illuminate\\Foundation\\Http\\Kernel->bootstrap()
#7 /home3/motobeatceyloanp/public_html/vendor/laravel/framework/src/Illuminate/Foundation/Http/Kernel.php(144): Illuminate\\Foundation\\Http\\Kernel->sendRequestThroughRouter()
#8 /home3/motobeatceyloanp/public_html/public/debug.php(10): Illuminate\\Foundation\\Http\\Kernel->handle()
#9 {main}
"} 
[2026-04-05 11:52:49] production.ERROR: Class "NunoMaduro\Collision\Adapters\Laravel\CollisionServiceProvider" not found {"exception":"[object] (Error(code: 0): Class \"NunoMaduro\\Collision\\Adapters\\Laravel\\CollisionServiceProvider\" not found at /home3/motobeatceyloanp/public_html/vendor/laravel/framework/src/Illuminate/Foundation/Application.php:880)
[stacktrace]
#0 /home3/motobeatceyloanp/public_html/vendor/laravel/framework/src/Illuminate/Foundation/Application.php(814): Illuminate\\Foundation\\Application->resolveProvider()
#1 /home3/motobeatceyloanp/public_html/vendor/laravel/framework/src/Illuminate/Foundation/ProviderRepository.php(75): Illuminate\\Foundation\\Application->register()
#2 /home3/motobeatceyloanp/public_html/vendor/laravel/framework/src/Illuminate/Foundation/Application.php(794): Illuminate\\Foundation\\ProviderRepository->load()
#3 /home3/motobeatceyloanp/public_html/vendor/laravel/framework/src/Illuminate/Foundation/Bootstrap/RegisterProviders.php(17): Illuminate\\Foundation\\Application->registerConfiguredProviders()
#4 /home3/motobeatceyloanp/public_html/vendor/laravel/framework/src/Illuminate/Foundation/Application.php(286): Illuminate\\Foundation\\Bootstrap\\RegisterProviders->bootstrap()
#5 /home3/motobeatceyloanp/public_html/vendor/laravel/framework/src/Illuminate/Foundation/Http/Kernel.php(186): Illuminate\\Foundation\\Application->bootstrapWith()
#6 /home3/motobeatceyloanp/public_html/vendor/laravel/framework/src/Illuminate/Foundation/Http/Kernel.php(170): Illuminate\\Foundation\\Http\\Kernel->bootstrap()
#7 /home3/motobeatceyloanp/public_html/vendor/laravel/framework/src/Illuminate/Foundation/Http/Kernel.php(144): Illuminate\\Foundation\\Http\\Kernel->sendRequestThroughRouter()
#8 /home3/motobeatceyloanp/public_html/public/index.php(36): Illuminate\\Foundation\\Http\\Kernel->handle()
#9 {main}
"} 
[2026-04-05 12:01:24] production.ERROR: No application encryption key has been specified. {"exception":"[object] (Illuminate\\Encryption\\MissingAppKeyException(code: 0): No application encryption key has been specified. at /home3/motobeatceyloanp/public_html/vendor/laravel/framework/src/Illuminate/Encryption/EncryptionServiceProvider.php:79)
[stacktrace]
#0 /home3/motobeatceyloanp/public_html/vendor/laravel/framework/src/Illuminate/Support/helpers.php(320): Illuminate\\Encryption\\EncryptionServiceProvider->Illuminate\\Encryption\\{closure}()
#1 /home3/motobeatceyloanp/public_html/vendor/laravel/framework/src/Illuminate/Encryption/EncryptionServiceProvider.php(77): tap()
#2 /home3/motobeatceyloanp/public_html/vendor/laravel/framework/src/Illuminate/Encryption/EncryptionServiceProvider.php(60): Illuminate\\Encryption\\EncryptionServiceProvider->key()
#3 /home3/motobeatceyloanp/public_html/vendor/laravel/framework/src/Illuminate/Encryption/EncryptionServiceProvider.php(32): Illuminate\\Encryption\\EncryptionServiceProvider->parseKey()
#4 /home3/motobeatceyloanp/public_html/vendor/laravel/framework/src/Illuminate/Container/Container.php(908): Illuminate\\Encryption\\EncryptionServiceProvider->Illuminate\\Encryption\\{closure}()
#5 /home3/motobeatceyloanp/public_html/vendor/laravel/framework/src/Illuminate/Container/Container.php(795): Illuminate\\Container\\Container->build()
#6 /home3/motobeatceyloanp/public_html/vendor/laravel/framework/src/Illuminate/Foundation/Application.php(986): Illuminate\\Container\\Container->resolve()
#7 /home3/motobeatceyloanp/public_html/vendor/laravel/framework/src/Illuminate/Container/Container.php(731): Illuminate\\Foundation\\Application->resolve()
#8 /home3/motobeatceyloanp/public_html/vendor/laravel/framework/src/Illuminate/Foundation/Application.php(971): Illuminate\\Container\\Container->make()
#9 /home3/motobeatceyloanp/public_html/vendor/laravel/framework/src/Illuminate/Container/Container.php(1066): Illuminate\\Foundation\\Application->make()
#10 /home3/motobeatceyloanp/public_html/vendor/laravel/framework/src/Illuminate/Container/Container.php(982): Illuminate\\Container\\Container->resolveClass()
#11 /home3/motobeatceyloanp/public_html/vendor/laravel/framework/src/Illuminate/Container/Container.php(943): Illuminate\\Container\\Container->resolveDependencies()
#12 /home3/motobeatceyloanp/public_html/vendor/laravel/framework/src/Illuminate/Container/Container.php(795): Illuminate\\Container\\Container->build()
#13 /home3/motobeatceyloanp/public_html/vendor/laravel/framework/src/Illuminate/Foundation/Application.php(986): Illuminate\\Container\\Container->resolve()
#14 /home3/motobeatceyloanp/public_html/vendor/laravel/framework/src/Illuminate/Container/Container.php(731): Illuminate\\Foundation\\Application->resolve()
#15 /home3/motobeatceyloanp/public_html/vendor/laravel/framework/src/Illuminate/Foundation/Application.php(971): Illuminate\\Container\\Container->make()
#16 /home3/motobeatceyloanp/public_html/vendor/laravel/framework/src/Illuminate/Pipeline/Pipeline.php(172): Illuminate\\Foundation\\Application->make()
#17 /home3/motobeatceyloanp/public_html/vendor/laravel/framework/src/Illuminate/Pipeline/Pipeline.php(119): Illuminate\\Pipeline\\Pipeline->Illuminate\\Pipeline\\{closure}()
#18 /home3/motobeatceyloanp/public_html/vendor/laravel/framework/src/Illuminate/Routing/Router.php(805): Illuminate\\Pipeline\\Pipeline->then()
#19 /home3/motobeatceyloanp/public_html/vendor/laravel/framework/src/Illuminate/Routing/Router.php(784): Illuminate\\Routing\\Router->runRouteWithinStack()
#20 /home3/motobeatceyloanp/public_html/vendor/laravel/framework/src/Illuminate/Routing/Router.php(748): Illuminate\\Routing\\Router->runRoute()
#21 /home3/motobeatceyloanp/public_html/vendor/laravel/framework/src/Illuminate/Routing/Router.php(737): Illuminate\\Routing\\Router->dispatchToRoute()
#22 /home3/motobeatceyloanp/public_html/vendor/laravel/framework/src/Illuminate/Foundation/Http/Kernel.php(200): Illuminate\\Routing\\Router->dispatch()
#23 /home3/motobeatceyloanp/public_html/vendor/laravel/framework/src/Illuminate/Pipeline/Pipeline.php(144): Illuminate\\Foundation\\Http\\Kernel->Illuminate\\Foundation\\Http\\{closure}()
#24 /home3/motobeatceyloanp/public_html/vendor/laravel/framework/src/Illuminate/Foundation/Http/Middleware/TransformsRequest.php(21): Illuminate\\Pipeline\\Pipeline->Illuminate\\Pipeline\\{closure}()
#25 /home3/motobeatceyloanp/public_html/vendor/laravel/framework/src/Illuminate/Foundation/Http/Middleware/ConvertEmptyStringsToNull.php(31): Illuminate\\Foundation\\Http\\Middleware\\TransformsRequest->handle()
#26 /home3/motobeatceyloanp/public_html/vendor/laravel/framework/src/Illuminate/Pipeline/Pipeline.php(183): Illuminate\\Foundation\\Http\\Middleware\\ConvertEmptyStringsToNull->handle()
#27 /home3/motobeatceyloanp/public_html/vendor/laravel/framework/src/Illuminate/Foundation/Http/Middleware/ValidatePostSize.php(27): Illuminate\\Pipeline\\Pipeline->Illuminate\\Pipeline\\{closure}()
#28 /home3/motobeatceyloanp/public_html/vendor/laravel/framework/src/Illuminate/Pipeline/Pipeline.php(183): Illuminate\\Foundation\\Http\\Middleware\\ValidatePostSize->handle()
#29 /home3/motobeatceyloanp/public_html/vendor/laravel/framework/src/Illuminate/Http/Middleware/HandleCors.php(49): Illuminate\\Pipeline\\Pipeline->Illuminate\\Pipeline\\{closure}()
#30 /home3/motobeatceyloanp/public_html/vendor/laravel/framework/src/Illuminate/Pipeline/Pipeline.php(183): Illuminate\\Http\\Middleware\\HandleCors->handle()
#31 /home3/motobeatceyloanp/public_html/vendor/laravel/framework/src/Illuminate/Pipeline/Pipeline.php(119): Illuminate\\Pipeline\\Pipeline->Illuminate\\Pipeline\\{closure}()
#32 /home3/motobeatceyloanp/public_html/vendor/laravel/framework/src/Illuminate/Foundation/Http/Kernel.php(175): Illuminate\\Pipeline\\Pipeline->then()
#33 /home3/motobeatceyloanp/public_html/vendor/laravel/framework/src/Illuminate/Foundation/Http/Kernel.php(144): Illuminate\\Foundation\\Http\\Kernel->sendRequestThroughRouter()
#34 /home3/motobeatceyloanp/public_html/public/index.php(36): Illuminate\\Foundation\\Http\\Kernel->handle()
#35 {main}
"} 
[2026-04-05 12:01:24] production.ERROR: No application encryption key has been specified. {"exception":"[object] (Illuminate\\Encryption\\MissingAppKeyException(code: 0): No application encryption key has been specified. at /home3/motobeatceyloanp/public_html/vendor/laravel/framework/src/Illuminate/Encryption/EncryptionServiceProvider.php:79)
[stacktrace]
#0 /home3/motobeatceyloanp/public_html/vendor/laravel/framework/src/Illuminate/Support/helpers.php(320): Illuminate\\Encryption\\EncryptionServiceProvider->Illuminate\\Encryption\\{closure}()
#1 /home3/motobeatceyloanp/public_html/vendor/laravel/framework/src/Illuminate/Encryption/EncryptionServiceProvider.php(77): tap()
#2 /home3/motobeatceyloanp/public_html/vendor/laravel/framework/src/Illuminate/Encryption/EncryptionServiceProvider.php(60): Illuminate\\Encryption\\EncryptionServiceProvider->key()
#3 /home3/motobeatceyloanp/public_html/vendor/laravel/framework/src/Illuminate/Encryption/EncryptionServiceProvider.php(32): Illuminate\\Encryption\\EncryptionServiceProvider->parseKey()
#4 /home3/motobeatceyloanp/public_html/vendor/laravel/framework/src/Illuminate/Container/Container.php(908): Illuminate\\Encryption\\EncryptionServiceProvider->Illuminate\\Encryption\\{closure}()
#5 /home3/motobeatceyloanp/public_html/vendor/laravel/framework/src/Illuminate/Container/Container.php(795): Illuminate\\Container\\Container->build()
#6 /home3/motobeatceyloanp/public_html/vendor/laravel/framework/src/Illuminate/Foundation/Application.php(986): Illuminate\\Container\\Container->resolve()
#7 /home3/motobeatceyloanp/public_html/vendor/laravel/framework/src/Illuminate/Container/Container.php(731): Illuminate\\Foundation\\Application->resolve()
#8 /home3/motobeatceyloanp/public_html/vendor/laravel/framework/src/Illuminate/Foundation/Application.php(971): Illuminate\\Container\\Container->make()
#9 /home3/motobeatceyloanp/public_html/vendor/laravel/framework/src/Illuminate/Container/Container.php(1066): Illuminate\\Foundation\\Application->make()
#10 /home3/motobeatceyloanp/public_html/vendor/laravel/framework/src/Illuminate/Container/Container.php(982): Illuminate\\Container\\Container->resolveClass()
#11 /home3/motobeatceyloanp/public_html/vendor/laravel/framework/src/Illuminate/Container/Container.php(943): Illuminate\\Container\\Container->resolveDependencies()
#12 /home3/motobeatceyloanp/public_html/vendor/laravel/framework/src/Illuminate/Container/Container.php(795): Illuminate\\Container\\Container->build()
#13 /home3/motobeatceyloanp/public_html/vendor/laravel/framework/src/Illuminate/Foundation/Application.php(986): Illuminate\\Container\\Container->resolve()
#14 /home3/motobeatceyloanp/public_html/vendor/laravel/framework/src/Illuminate/Container/Container.php(731): Illuminate\\Foundation\\Application->resolve()
#15 /home3/motobeatceyloanp/public_html/vendor/laravel/framework/src/Illuminate/Foundation/Application.php(971): Illuminate\\Container\\Container->make()
#16 /home3/motobeatceyloanp/public_html/vendor/laravel/framework/src/Illuminate/Foundation/Http/Kernel.php(255): Illuminate\\Foundation\\Application->make()
#17 /home3/motobeatceyloanp/public_html/vendor/laravel/framework/src/Illuminate/Foundation/Http/Kernel.php(213): Illuminate\\Foundation\\Http\\Kernel->terminateMiddleware()
#18 /home3/motobeatceyloanp/public_html/public/index.php(42): Illuminate\\Foundation\\Http\\Kernel->terminate()
#19 {main}
"} 
[2026-04-05 12:01:36] production.ERROR: No application encryption key has been specified. {"exception":"[object] (Illuminate\\Encryption\\MissingAppKeyException(code: 0): No application encryption key has been specified. at /home3/motobeatceyloanp/public_html/vendor/laravel/framework/src/Illuminate/Encryption/EncryptionServiceProvider.php:79)
[stacktrace]
#0 /home3/motobeatceyloanp/public_html/vendor/laravel/framework/src/Illuminate/Support/helpers.php(320): Illuminate\\Encryption\\EncryptionServiceProvider->Illuminate\\Encryption\\{closure}()
#1 /home3/motobeatceyloanp/public_html/vendor/laravel/framework/src/Illuminate/Encryption/EncryptionServiceProvider.php(77): tap()
#2 /home3/motobeatceyloanp/public_html/vendor/laravel/framework/src/Illuminate/Encryption/EncryptionServiceProvider.php(60): Illuminate\\Encryption\\EncryptionServiceProvider->key()
#3 /home3/motobeatceyloanp/public_html/vendor/laravel/framework/src/Illuminate/Encryption/EncryptionServiceProvider.php(32): Illuminate\\Encryption\\EncryptionServiceProvider->parseKey()
#4 /home3/motobeatceyloanp/public_html/vendor/laravel/framework/src/Illuminate/Container/Container.php(908): Illuminate\\Encryption\\EncryptionServiceProvider->Illuminate\\Encryption\\{closure}()
#5 /home3/motobeatceyloanp/public_html/vendor/laravel/framework/src/Illuminate/Container/Container.php(795): Illuminate\\Container\\Container->build()
#6 /home3/motobeatceyloanp/public_html/vendor/laravel/framework/src/Illuminate/Foundation/Application.php(986): Illuminate\\Container\\Container->resolve()
#7 /home3/motobeatceyloanp/public_html/vendor/laravel/framework/src/Illuminate/Container/Container.php(731): Illuminate\\Foundation\\Application->resolve()
#8 /home3/motobeatceyloanp/public_html/vendor/laravel/framework/src/Illuminate/Foundation/Application.php(971): Illuminate\\Container\\Container->make()
#9 /home3/motobeatceyloanp/public_html/vendor/laravel/framework/src/Illuminate/Container/Container.php(1066): Illuminate\\Foundation\\Application->make()
#10 /home3/motobeatceyloanp/public_html/vendor/laravel/framework/src/Illuminate/Container/Container.php(982): Illuminate\\Container\\Container->resolveClass()
#11 /home3/motobeatceyloanp/public_html/vendor/laravel/framework/src/Illuminate/Container/Container.php(943): Illuminate\\Container\\Container->resolveDependencies()
#12 /home3/motobeatceyloanp/public_html/vendor/laravel/framework/src/Illuminate/Container/Container.php(795): Illuminate\\Container\\Container->build()
#13 /home3/motobeatceyloanp/public_html/vendor/laravel/framework/src/Illuminate/Foundation/Application.php(986): Illuminate\\Container\\Container->resolve()
#14 /home3/motobeatceyloanp/public_html/vendor/laravel/framework/src/Illuminate/Container/Container.php(731): Illuminate\\Foundation\\Application->resolve()
#15 /home3/motobeatceyloanp/public_html/vendor/laravel/framework/src/Illuminate/Foundation/Application.php(971): Illuminate\\Container\\Container->make()
#16 /home3/motobeatceyloanp/public_html/vendor/laravel/framework/src/Illuminate/Pipeline/Pipeline.php(172): Illuminate\\Foundation\\Application->make()
#17 /home3/motobeatceyloanp/public_html/vendor/laravel/framework/src/Illuminate/Pipeline/Pipeline.php(119): Illuminate\\Pipeline\\Pipeline->Illuminate\\Pipeline\\{closure}()
#18 /home3/motobeatceyloanp/public_html/vendor/laravel/framework/src/Illuminate/Routing/Router.php(805): Illuminate\\Pipeline\\Pipeline->then()
#19 /home3/motobeatceyloanp/public_html/vendor/laravel/framework/src/Illuminate/Routing/Router.php(784): Illuminate\\Routing\\Router->runRouteWithinStack()
#20 /home3/motobeatceyloanp/public_html/vendor/laravel/framework/src/Illuminate/Routing/Router.php(748): Illuminate\\Routing\\Router->runRoute()
#21 /home3/motobeatceyloanp/public_html/vendor/laravel/framework/src/Illuminate/Routing/Router.php(737): Illuminate\\Routing\\Router->dispatchToRoute()
#22 /home3/motobeatceyloanp/public_html/vendor/laravel/framework/src/Illuminate/Foundation/Http/Kernel.php(200): Illuminate\\Routing\\Router->dispatch()
#23 /home3/motobeatceyloanp/public_html/vendor/laravel/framework/src/Illuminate/Pipeline/Pipeline.php(144): Illuminate\\Foundation\\Http\\Kernel->Illuminate\\Foundation\\Http\\{closure}()
#24 /home3/motobeatceyloanp/public_html/vendor/laravel/framework/src/Illuminate/Foundation/Http/Middleware/TransformsRequest.php(21): Illuminate\\Pipeline\\Pipeline->Illuminate\\Pipeline\\{closure}()
#25 /home3/motobeatceyloanp/public_html/vendor/laravel/framework/src/Illuminate/Foundation/Http/Middleware/ConvertEmptyStringsToNull.php(31): Illuminate\\Foundation\\Http\\Middleware\\TransformsRequest->handle()
#26 /home3/motobeatceyloanp/public_html/vendor/laravel/framework/src/Illuminate/Pipeline/Pipeline.php(183): Illuminate\\Foundation\\Http\\Middleware\\ConvertEmptyStringsToNull->handle()
#27 /home3/motobeatceyloanp/public_html/vendor/laravel/framework/src/Illuminate/Foundation/Http/Middleware/ValidatePostSize.php(27): Illuminate\\Pipeline\\Pipeline->Illuminate\\Pipeline\\{closure}()
#28 /home3/motobeatceyloanp/public_html/vendor/laravel/framework/src/Illuminate/Pipeline/Pipeline.php(183): Illuminate\\Foundation\\Http\\Middleware\\ValidatePostSize->handle()
#29 /home3/motobeatceyloanp/public_html/vendor/laravel/framework/src/Illuminate/Http/Middleware/HandleCors.php(49): Illuminate\\Pipeline\\Pipeline->Illuminate\\Pipeline\\{closure}()
#30 /home3/motobeatceyloanp/public_html/vendor/laravel/framework/src/Illuminate/Pipeline/Pipeline.php(183): Illuminate\\Http\\Middleware\\HandleCors->handle()
#31 /home3/motobeatceyloanp/public_html/vendor/laravel/framework/src/Illuminate/Pipeline/Pipeline.php(119): Illuminate\\Pipeline\\Pipeline->Illuminate\\Pipeline\\{closure}()
#32 /home3/motobeatceyloanp/public_html/vendor/laravel/framework/src/Illuminate/Foundation/Http/Kernel.php(175): Illuminate\\Pipeline\\Pipeline->then()
#33 /home3/motobeatceyloanp/public_html/vendor/laravel/framework/src/Illuminate/Foundation/Http/Kernel.php(144): Illuminate\\Foundation\\Http\\Kernel->sendRequestThroughRouter()
#34 /home3/motobeatceyloanp/public_html/public/debug.php(10): Illuminate\\Foundation\\Http\\Kernel->handle()
#35 {main}
"} 
[2026-04-05 12:07:03] production.ERROR: Unsupported cipher or incorrect key length. Supported ciphers are: aes-128-cbc, aes-256-cbc, aes-128-gcm, aes-256-gcm. {"exception":"[object] (RuntimeException(code: 0): Unsupported cipher or incorrect key length. Supported ciphers are: aes-128-cbc, aes-256-cbc, aes-128-gcm, aes-256-gcm. at /home3/motobeatceyloanp/public_html/vendor/laravel/framework/src/Illuminate/Encryption/Encrypter.php:55)
[stacktrace]
#0 /home3/motobeatceyloanp/public_html/vendor/laravel/framework/src/Illuminate/Encryption/EncryptionServiceProvider.php(32): Illuminate\\Encryption\\Encrypter->__construct()
#1 /home3/motobeatceyloanp/public_html/vendor/laravel/framework/src/Illuminate/Container/Container.php(908): Illuminate\\Encryption\\EncryptionServiceProvider->Illuminate\\Encryption\\{closure}()
#2 /home3/motobeatceyloanp/public_html/vendor/laravel/framework/src/Illuminate/Container/Container.php(795): Illuminate\\Container\\Container->build()
#3 /home3/motobeatceyloanp/public_html/vendor/laravel/framework/src/Illuminate/Foundation/Application.php(986): Illuminate\\Container\\Container->resolve()
#4 /home3/motobeatceyloanp/public_html/vendor/laravel/framework/src/Illuminate/Container/Container.php(731): Illuminate\\Foundation\\Application->resolve()
#5 /home3/motobeatceyloanp/public_html/vendor/laravel/framework/src/Illuminate/Foundation/Application.php(971): Illuminate\\Container\\Container->make()
#6 /home3/motobeatceyloanp/public_html/vendor/laravel/framework/src/Illuminate/Container/Container.php(1066): Illuminate\\Foundation\\Application->make()
#7 /home3/motobeatceyloanp/public_html/vendor/laravel/framework/src/Illuminate/Container/Container.php(982): Illuminate\\Container\\Container->resolveClass()
#8 /home3/motobeatceyloanp/public_html/vendor/laravel/framework/src/Illuminate/Container/Container.php(943): Illuminate\\Container\\Container->resolveDependencies()
#9 /home3/motobeatceyloanp/public_html/vendor/laravel/framework/src/Illuminate/Container/Container.php(795): Illuminate\\Container\\Container->build()
#10 /home3/motobeatceyloanp/public_html/vendor/laravel/framework/src/Illuminate/Foundation/Application.php(986): Illuminate\\Container\\Container->resolve()
#11 /home3/motobeatceyloanp/public_html/vendor/laravel/framework/src/Illuminate/Container/Container.php(731): Illuminate\\Foundation\\Application->resolve()
#12 /home3/motobeatceyloanp/public_html/vendor/laravel/framework/src/Illuminate/Foundation/Application.php(971): Illuminate\\Container\\Container->make()
#13 /home3/motobeatceyloanp/public_html/vendor/laravel/framework/src/Illuminate/Pipeline/Pipeline.php(172): Illuminate\\Foundation\\Application->make()
#14 /home3/motobeatceyloanp/public_html/vendor/laravel/framework/src/Illuminate/Pipeline/Pipeline.php(119): Illuminate\\Pipeline\\Pipeline->Illuminate\\Pipeline\\{closure}()
#15 /home3/motobeatceyloanp/public_html/vendor/laravel/framework/src/Illuminate/Routing/Router.php(805): Illuminate\\Pipeline\\Pipeline->then()
#16 /home3/motobeatceyloanp/public_html/vendor/laravel/framework/src/Illuminate/Routing/Router.php(784): Illuminate\\Routing\\Router->runRouteWithinStack()
#17 /home3/motobeatceyloanp/public_html/vendor/laravel/framework/src/Illuminate/Routing/Router.php(748): Illuminate\\Routing\\Router->runRoute()
#18 /home3/motobeatceyloanp/public_html/vendor/laravel/framework/src/Illuminate/Routing/Router.php(737): Illuminate\\Routing\\Router->dispatchToRoute()
#19 /home3/motobeatceyloanp/public_html/vendor/laravel/framework/src/Illuminate/Foundation/Http/Kernel.php(200): Illuminate\\Routing\\Router->dispatch()
#20 /home3/motobeatceyloanp/public_html/vendor/laravel/framework/src/Illuminate/Pipeline/Pipeline.php(144): Illuminate\\Foundation\\Http\\Kernel->Illuminate\\Foundation\\Http\\{closure}()
#21 /home3/motobeatceyloanp/public_html/vendor/laravel/framework/src/Illuminate/Foundation/Http/Middleware/TransformsRequest.php(21): Illuminate\\Pipeline\\Pipeline->Illuminate\\Pipeline\\{closure}()
#22 /home3/motobeatceyloanp/public_html/vendor/laravel/framework/src/Illuminate/Foundation/Http/Middleware/ConvertEmptyStringsToNull.php(31): Illuminate\\Foundation\\Http\\Middleware\\TransformsRequest->handle()
#23 /home3/motobeatceyloanp/public_html/vendor/laravel/framework/src/Illuminate/Pipeline/Pipeline.php(183): Illuminate\\Foundation\\Http\\Middleware\\ConvertEmptyStringsToNull->handle()
#24 /home3/motobeatceyloanp/public_html/vendor/laravel/framework/src/Illuminate/Foundation/Http/Middleware/ValidatePostSize.php(27): Illuminate\\Pipeline\\Pipeline->Illuminate\\Pipeline\\{closure}()
#25 /home3/motobeatceyloanp/public_html/vendor/laravel/framework/src/Illuminate/Pipeline/Pipeline.php(183): Illuminate\\Foundation\\Http\\Middleware\\ValidatePostSize->handle()
#26 /home3/motobeatceyloanp/public_html/vendor/laravel/framework/src/Illuminate/Http/Middleware/HandleCors.php(49): Illuminate\\Pipeline\\Pipeline->Illuminate\\Pipeline\\{closure}()
#27 /home3/motobeatceyloanp/public_html/vendor/laravel/framework/src/Illuminate/Pipeline/Pipeline.php(183): Illuminate\\Http\\Middleware\\HandleCors->handle()
#28 /home3/motobeatceyloanp/public_html/vendor/laravel/framework/src/Illuminate/Pipeline/Pipeline.php(119): Illuminate\\Pipeline\\Pipeline->Illuminate\\Pipeline\\{closure}()
#29 /home3/motobeatceyloanp/public_html/vendor/laravel/framework/src/Illuminate/Foundation/Http/Kernel.php(175): Illuminate\\Pipeline\\Pipeline->then()
#30 /home3/motobeatceyloanp/public_html/vendor/laravel/framework/src/Illuminate/Foundation/Http/Kernel.php(144): Illuminate\\Foundation\\Http\\Kernel->sendRequestThroughRouter()
#31 /home3/motobeatceyloanp/public_html/public/index.php(36): Illuminate\\Foundation\\Http\\Kernel->handle()
#32 {main}
"} 
[2026-04-05 12:07:03] production.ERROR: Unsupported cipher or incorrect key length. Supported ciphers are: aes-128-cbc, aes-256-cbc, aes-128-gcm, aes-256-gcm. {"exception":"[object] (RuntimeException(code: 0): Unsupported cipher or incorrect key length. Supported ciphers are: aes-128-cbc, aes-256-cbc, aes-128-gcm, aes-256-gcm. at /home3/motobeatceyloanp/public_html/vendor/laravel/framework/src/Illuminate/Encryption/Encrypter.php:55)
[stacktrace]
#0 /home3/motobeatceyloanp/public_html/vendor/laravel/framework/src/Illuminate/Encryption/EncryptionServiceProvider.php(32): Illuminate\\Encryption\\Encrypter->__construct()
#1 /home3/motobeatceyloanp/public_html/vendor/laravel/framework/src/Illuminate/Container/Container.php(908): Illuminate\\Encryption\\EncryptionServiceProvider->Illuminate\\Encryption\\{closure}()
#2 /home3/motobeatceyloanp/public_html/vendor/laravel/framework/src/Illuminate/Container/Container.php(795): Illuminate\\Container\\Container->build()
#3 /home3/motobeatceyloanp/public_html/vendor/laravel/framework/src/Illuminate/Foundation/Application.php(986): Illuminate\\Container\\Container->resolve()
#4 /home3/motobeatceyloanp/public_html/vendor/laravel/framework/src/Illuminate/Container/Container.php(731): Illuminate\\Foundation\\Application->resolve()
#5 /home3/motobeatceyloanp/public_html/vendor/laravel/framework/src/Illuminate/Foundation/Application.php(971): Illuminate\\Container\\Container->make()
#6 /home3/motobeatceyloanp/public_html/vendor/laravel/framework/src/Illuminate/Container/Container.php(1066): Illuminate\\Foundation\\Application->make()
#7 /home3/motobeatceyloanp/public_html/vendor/laravel/framework/src/Illuminate/Container/Container.php(982): Illuminate\\Container\\Container->resolveClass()
#8 /home3/motobeatceyloanp/public_html/vendor/laravel/framework/src/Illuminate/Container/Container.php(943): Illuminate\\Container\\Container->resolveDependencies()
#9 /home3/motobeatceyloanp/public_html/vendor/laravel/framework/src/Illuminate/Container/Container.php(795): Illuminate\\Container\\Container->build()
#10 /home3/motobeatceyloanp/public_html/vendor/laravel/framework/src/Illuminate/Foundation/Application.php(986): Illuminate\\Container\\Container->resolve()
#11 /home3/motobeatceyloanp/public_html/vendor/laravel/framework/src/Illuminate/Container/Container.php(731): Illuminate\\Foundation\\Application->resolve()
#12 /home3/motobeatceyloanp/public_html/vendor/laravel/framework/src/Illuminate/Foundation/Application.php(971): Illuminate\\Container\\Container->make()
#13 /home3/motobeatceyloanp/public_html/vendor/laravel/framework/src/Illuminate/Foundation/Http/Kernel.php(255): Illuminate\\Foundation\\Application->make()
#14 /home3/motobeatceyloanp/public_html/vendor/laravel/framework/src/Illuminate/Foundation/Http/Kernel.php(213): Illuminate\\Foundation\\Http\\Kernel->terminateMiddleware()
#15 /home3/motobeatceyloanp/public_html/public/index.php(42): Illuminate\\Foundation\\Http\\Kernel->terminate()
#16 {main}
"} 
[2026-04-05 12:08:38] production.ERROR: Unsupported cipher or incorrect key length. Supported ciphers are: aes-128-cbc, aes-256-cbc, aes-128-gcm, aes-256-gcm. {"exception":"[object] (RuntimeException(code: 0): Unsupported cipher or incorrect key length. Supported ciphers are: aes-128-cbc, aes-256-cbc, aes-128-gcm, aes-256-gcm. at /home3/motobeatceyloanp/public_html/vendor/laravel/framework/src/Illuminate/Encryption/Encrypter.php:55)
[stacktrace]
#0 /home3/motobeatceyloanp/public_html/vendor/laravel/framework/src/Illuminate/Encryption/EncryptionServiceProvider.php(32): Illuminate\\Encryption\\Encrypter->__construct()
#1 /home3/motobeatceyloanp/public_html/vendor/laravel/framework/src/Illuminate/Container/Container.php(908): Illuminate\\Encryption\\EncryptionServiceProvider->Illuminate\\Encryption\\{closure}()
#2 /home3/motobeatceyloanp/public_html/vendor/laravel/framework/src/Illuminate/Container/Container.php(795): Illuminate\\Container\\Container->build()
#3 /home3/motobeatceyloanp/public_html/vendor/laravel/framework/src/Illuminate/Foundation/Application.php(986): Illuminate\\Container\\Container->resolve()
#4 /home3/motobeatceyloanp/public_html/vendor/laravel/framework/src/Illuminate/Container/Container.php(731): Illuminate\\Foundation\\Application->resolve()
#5 /home3/motobeatceyloanp/public_html/vendor/laravel/framework/src/Illuminate/Foundation/Application.php(971): Illuminate\\Container\\Container->make()
#6 /home3/motobeatceyloanp/public_html/vendor/laravel/framework/src/Illuminate/Container/Container.php(1066): Illuminate\\Foundation\\Application->make()
#7 /home3/motobeatceyloanp/public_html/vendor/laravel/framework/src/Illuminate/Container/Container.php(982): Illuminate\\Container\\Container->resolveClass()
#8 /home3/motobeatceyloanp/public_html/vendor/laravel/framework/src/Illuminate/Container/Container.php(943): Illuminate\\Container\\Container->resolveDependencies()
#9 /home3/motobeatceyloanp/public_html/vendor/laravel/framework/src/Illuminate/Container/Container.php(795): Illuminate\\Container\\Container->build()
#10 /home3/motobeatceyloanp/public_html/vendor/laravel/framework/src/Illuminate/Foundation/Application.php(986): Illuminate\\Container\\Container->resolve()
#11 /home3/motobeatceyloanp/public_html/vendor/laravel/framework/src/Illuminate/Container/Container.php(731): Illuminate\\Foundation\\Application->resolve()
#12 /home3/motobeatceyloanp/public_html/vendor/laravel/framework/src/Illuminate/Foundation/Application.php(971): Illuminate\\Container\\Container->make()
#13 /home3/motobeatceyloanp/public_html/vendor/laravel/framework/src/Illuminate/Pipeline/Pipeline.php(172): Illuminate\\Foundation\\Application->make()
#14 /home3/motobeatceyloanp/public_html/vendor/laravel/framework/src/Illuminate/Pipeline/Pipeline.php(119): Illuminate\\Pipeline\\Pipeline->Illuminate\\Pipeline\\{closure}()
#15 /home3/motobeatceyloanp/public_html/vendor/laravel/framework/src/Illuminate/Routing/Router.php(805): Illuminate\\Pipeline\\Pipeline->then()
#16 /home3/motobeatceyloanp/public_html/vendor/laravel/framework/src/Illuminate/Routing/Router.php(784): Illuminate\\Routing\\Router->runRouteWithinStack()
#17 /home3/motobeatceyloanp/public_html/vendor/laravel/framework/src/Illuminate/Routing/Router.php(748): Illuminate\\Routing\\Router->runRoute()
#18 /home3/motobeatceyloanp/public_html/vendor/laravel/framework/src/Illuminate/Routing/Router.php(737): Illuminate\\Routing\\Router->dispatchToRoute()
#19 /home3/motobeatceyloanp/public_html/vendor/laravel/framework/src/Illuminate/Foundation/Http/Kernel.php(200): Illuminate\\Routing\\Router->dispatch()
#20 /home3/motobeatceyloanp/public_html/vendor/laravel/framework/src/Illuminate/Pipeline/Pipeline.php(144): Illuminate\\Foundation\\Http\\Kernel->Illuminate\\Foundation\\Http\\{closure}()
#21 /home3/motobeatceyloanp/public_html/vendor/laravel/framework/src/Illuminate/Foundation/Http/Middleware/TransformsRequest.php(21): Illuminate\\Pipeline\\Pipeline->Illuminate\\Pipeline\\{closure}()
#22 /home3/motobeatceyloanp/public_html/vendor/laravel/framework/src/Illuminate/Foundation/Http/Middleware/ConvertEmptyStringsToNull.php(31): Illuminate\\Foundation\\Http\\Middleware\\TransformsRequest->handle()
#23 /home3/motobeatceyloanp/public_html/vendor/laravel/framework/src/Illuminate/Pipeline/Pipeline.php(183): Illuminate\\Foundation\\Http\\Middleware\\ConvertEmptyStringsToNull->handle()
#24 /home3/motobeatceyloanp/public_html/vendor/laravel/framework/src/Illuminate/Foundation/Http/Middleware/ValidatePostSize.php(27): Illuminate\\Pipeline\\Pipeline->Illuminate\\Pipeline\\{closure}()
#25 /home3/motobeatceyloanp/public_html/vendor/laravel/framework/src/Illuminate/Pipeline/Pipeline.php(183): Illuminate\\Foundation\\Http\\Middleware\\ValidatePostSize->handle()
#26 /home3/motobeatceyloanp/public_html/vendor/laravel/framework/src/Illuminate/Http/Middleware/HandleCors.php(49): Illuminate\\Pipeline\\Pipeline->Illuminate\\Pipeline\\{closure}()
#27 /home3/motobeatceyloanp/public_html/vendor/laravel/framework/src/Illuminate/Pipeline/Pipeline.php(183): Illuminate\\Http\\Middleware\\HandleCors->handle()
#28 /home3/motobeatceyloanp/public_html/vendor/laravel/framework/src/Illuminate/Pipeline/Pipeline.php(119): Illuminate\\Pipeline\\Pipeline->Illuminate\\Pipeline\\{closure}()
#29 /home3/motobeatceyloanp/public_html/vendor/laravel/framework/src/Illuminate/Foundation/Http/Kernel.php(175): Illuminate\\Pipeline\\Pipeline->then()
#30 /home3/motobeatceyloanp/public_html/vendor/laravel/framework/src/Illuminate/Foundation/Http/Kernel.php(144): Illuminate\\Foundation\\Http\\Kernel->sendRequestThroughRouter()
#31 /home3/motobeatceyloanp/public_html/public/index.php(36): Illuminate\\Foundation\\Http\\Kernel->handle()
#32 {main}
"} 
[2026-04-05 12:08:38] production.ERROR: Unsupported cipher or incorrect key length. Supported ciphers are: aes-128-cbc, aes-256-cbc, aes-128-gcm, aes-256-gcm. {"exception":"[object] (RuntimeException(code: 0): Unsupported cipher or incorrect key length. Supported ciphers are: aes-128-cbc, aes-256-cbc, aes-128-gcm, aes-256-gcm. at /home3/motobeatceyloanp/public_html/vendor/laravel/framework/src/Illuminate/Encryption/Encrypter.php:55)
[stacktrace]
#0 /home3/motobeatceyloanp/public_html/vendor/laravel/framework/src/Illuminate/Encryption/EncryptionServiceProvider.php(32): Illuminate\\Encryption\\Encrypter->__construct()
#1 /home3/motobeatceyloanp/public_html/vendor/laravel/framework/src/Illuminate/Container/Container.php(908): Illuminate\\Encryption\\EncryptionServiceProvider->Illuminate\\Encryption\\{closure}()
#2 /home3/motobeatceyloanp/public_html/vendor/laravel/framework/src/Illuminate/Container/Container.php(795): Illuminate\\Container\\Container->build()
#3 /home3/motobeatceyloanp/public_html/vendor/laravel/framework/src/Illuminate/Foundation/Application.php(986): Illuminate\\Container\\Container->resolve()
#4 /home3/motobeatceyloanp/public_html/vendor/laravel/framework/src/Illuminate/Container/Container.php(731): Illuminate\\Foundation\\Application->resolve()
#5 /home3/motobeatceyloanp/public_html/vendor/laravel/framework/src/Illuminate/Foundation/Application.php(971): Illuminate\\Container\\Container->make()
#6 /home3/motobeatceyloanp/public_html/vendor/laravel/framework/src/Illuminate/Container/Container.php(1066): Illuminate\\Foundation\\Application->make()
#7 /home3/motobeatceyloanp/public_html/vendor/laravel/framework/src/Illuminate/Container/Container.php(982): Illuminate\\Container\\Container->resolveClass()
#8 /home3/motobeatceyloanp/public_html/vendor/laravel/framework/src/Illuminate/Container/Container.php(943): Illuminate\\Container\\Container->resolveDependencies()
#9 /home3/motobeatceyloanp/public_html/vendor/laravel/framework/src/Illuminate/Container/Container.php(795): Illuminate\\Container\\Container->build()
#10 /home3/motobeatceyloanp/public_html/vendor/laravel/framework/src/Illuminate/Foundation/Application.php(986): Illuminate\\Container\\Container->resolve()
#11 /home3/motobeatceyloanp/public_html/vendor/laravel/framework/src/Illuminate/Container/Container.php(731): Illuminate\\Foundation\\Application->resolve()
#12 /home3/motobeatceyloanp/public_html/vendor/laravel/framework/src/Illuminate/Foundation/Application.php(971): Illuminate\\Container\\Container->make()
#13 /home3/motobeatceyloanp/public_html/vendor/laravel/framework/src/Illuminate/Foundation/Http/Kernel.php(255): Illuminate\\Foundation\\Application->make()
#14 /home3/motobeatceyloanp/public_html/vendor/laravel/framework/src/Illuminate/Foundation/Http/Kernel.php(213): Illuminate\\Foundation\\Http\\Kernel->terminateMiddleware()
#15 /home3/motobeatceyloanp/public_html/public/index.php(42): Illuminate\\Foundation\\Http\\Kernel->terminate()
#16 {main}
"} 
[2026-04-05 12:09:58] production.ERROR: No application encryption key has been specified. {"exception":"[object] (Illuminate\\Encryption\\MissingAppKeyException(code: 0): No application encryption key has been specified. at /home3/motobeatceyloanp/public_html/vendor/laravel/framework/src/Illuminate/Encryption/EncryptionServiceProvider.php:79)
[stacktrace]
#0 /home3/motobeatceyloanp/public_html/vendor/laravel/framework/src/Illuminate/Support/helpers.php(320): Illuminate\\Encryption\\EncryptionServiceProvider->Illuminate\\Encryption\\{closure}()
#1 /home3/motobeatceyloanp/public_html/vendor/laravel/framework/src/Illuminate/Encryption/EncryptionServiceProvider.php(77): tap()
#2 /home3/motobeatceyloanp/public_html/vendor/laravel/framework/src/Illuminate/Encryption/EncryptionServiceProvider.php(60): Illuminate\\Encryption\\EncryptionServiceProvider->key()
#3 /home3/motobeatceyloanp/public_html/vendor/laravel/framework/src/Illuminate/Encryption/EncryptionServiceProvider.php(32): Illuminate\\Encryption\\EncryptionServiceProvider->parseKey()
#4 /home3/motobeatceyloanp/public_html/vendor/laravel/framework/src/Illuminate/Container/Container.php(908): Illuminate\\Encryption\\EncryptionServiceProvider->Illuminate\\Encryption\\{closure}()
#5 /home3/motobeatceyloanp/public_html/vendor/laravel/framework/src/Illuminate/Container/Container.php(795): Illuminate\\Container\\Container->build()
#6 /home3/motobeatceyloanp/public_html/vendor/laravel/framework/src/Illuminate/Foundation/Application.php(986): Illuminate\\Container\\Container->resolve()
#7 /home3/motobeatceyloanp/public_html/vendor/laravel/framework/src/Illuminate/Container/Container.php(731): Illuminate\\Foundation\\Application->resolve()
#8 /home3/motobeatceyloanp/public_html/vendor/laravel/framework/src/Illuminate/Foundation/Application.php(971): Illuminate\\Container\\Container->make()
#9 /home3/motobeatceyloanp/public_html/vendor/laravel/framework/src/Illuminate/Container/Container.php(1066): Illuminate\\Foundation\\Application->make()
#10 /home3/motobeatceyloanp/public_html/vendor/laravel/framework/src/Illuminate/Container/Container.php(982): Illuminate\\Container\\Container->resolveClass()
#11 /home3/motobeatceyloanp/public_html/vendor/laravel/framework/src/Illuminate/Container/Container.php(943): Illuminate\\Container\\Container->resolveDependencies()
#12 /home3/motobeatceyloanp/public_html/vendor/laravel/framework/src/Illuminate/Container/Container.php(795): Illuminate\\Container\\Container->build()
#13 /home3/motobeatceyloanp/public_html/vendor/laravel/framework/src/Illuminate/Foundation/Application.php(986): Illuminate\\Container\\Container->resolve()
#14 /home3/motobeatceyloanp/public_html/vendor/laravel/framework/src/Illuminate/Container/Container.php(731): Illuminate\\Foundation\\Application->resolve()
#15 /home3/motobeatceyloanp/public_html/vendor/laravel/framework/src/Illuminate/Foundation/Application.php(971): Illuminate\\Container\\Container->make()
#16 /home3/motobeatceyloanp/public_html/vendor/laravel/framework/src/Illuminate/Pipeline/Pipeline.php(172): Illuminate\\Foundation\\Application->make()
#17 /home3/motobeatceyloanp/public_html/vendor/laravel/framework/src/Illuminate/Pipeline/Pipeline.php(119): Illuminate\\Pipeline\\Pipeline->Illuminate\\Pipeline\\{closure}()
#18 /home3/motobeatceyloanp/public_html/vendor/laravel/framework/src/Illuminate/Routing/Router.php(805): Illuminate\\Pipeline\\Pipeline->then()
#19 /home3/motobeatceyloanp/public_html/vendor/laravel/framework/src/Illuminate/Routing/Router.php(784): Illuminate\\Routing\\Router->runRouteWithinStack()
#20 /home3/motobeatceyloanp/public_html/vendor/laravel/framework/src/Illuminate/Routing/Router.php(748): Illuminate\\Routing\\Router->runRoute()
#21 /home3/motobeatceyloanp/public_html/vendor/laravel/framework/src/Illuminate/Routing/Router.php(737): Illuminate\\Routing\\Router->dispatchToRoute()
#22 /home3/motobeatceyloanp/public_html/vendor/laravel/framework/src/Illuminate/Foundation/Http/Kernel.php(200): Illuminate\\Routing\\Router->dispatch()
#23 /home3/motobeatceyloanp/public_html/vendor/laravel/framework/src/Illuminate/Pipeline/Pipeline.php(144): Illuminate\\Foundation\\Http\\Kernel->Illuminate\\Foundation\\Http\\{closure}()
#24 /home3/motobeatceyloanp/public_html/vendor/laravel/framework/src/Illuminate/Foundation/Http/Middleware/TransformsRequest.php(21): Illuminate\\Pipeline\\Pipeline->Illuminate\\Pipeline\\{closure}()
#25 /home3/motobeatceyloanp/public_html/vendor/laravel/framework/src/Illuminate/Foundation/Http/Middleware/ConvertEmptyStringsToNull.php(31): Illuminate\\Foundation\\Http\\Middleware\\TransformsRequest->handle()
#26 /home3/motobeatceyloanp/public_html/vendor/laravel/framework/src/Illuminate/Pipeline/Pipeline.php(183): Illuminate\\Foundation\\Http\\Middleware\\ConvertEmptyStringsToNull->handle()
#27 /home3/motobeatceyloanp/public_html/vendor/laravel/framework/src/Illuminate/Foundation/Http/Middleware/ValidatePostSize.php(27): Illuminate\\Pipeline\\Pipeline->Illuminate\\Pipeline\\{closure}()
#28 /home3/motobeatceyloanp/public_html/vendor/laravel/framework/src/Illuminate/Pipeline/Pipeline.php(183): Illuminate\\Foundation\\Http\\Middleware\\ValidatePostSize->handle()
#29 /home3/motobeatceyloanp/public_html/vendor/laravel/framework/src/Illuminate/Http/Middleware/HandleCors.php(49): Illuminate\\Pipeline\\Pipeline->Illuminate\\Pipeline\\{closure}()
#30 /home3/motobeatceyloanp/public_html/vendor/laravel/framework/src/Illuminate/Pipeline/Pipeline.php(183): Illuminate\\Http\\Middleware\\HandleCors->handle()
#31 /home3/motobeatceyloanp/public_html/vendor/laravel/framework/src/Illuminate/Pipeline/Pipeline.php(119): Illuminate\\Pipeline\\Pipeline->Illuminate\\Pipeline\\{closure}()
#32 /home3/motobeatceyloanp/public_html/vendor/laravel/framework/src/Illuminate/Foundation/Http/Kernel.php(175): Illuminate\\Pipeline\\Pipeline->then()
#33 /home3/motobeatceyloanp/public_html/vendor/laravel/framework/src/Illuminate/Foundation/Http/Kernel.php(144): Illuminate\\Foundation\\Http\\Kernel->sendRequestThroughRouter()
#34 /home3/motobeatceyloanp/public_html/public/index.php(36): Illuminate\\Foundation\\Http\\Kernel->handle()
#35 {main}
"} 
[2026-04-05 12:09:58] production.ERROR: No application encryption key has been specified. {"exception":"[object] (Illuminate\\Encryption\\MissingAppKeyException(code: 0): No application encryption key has been specified. at /home3/motobeatceyloanp/public_html/vendor/laravel/framework/src/Illuminate/Encryption/EncryptionServiceProvider.php:79)
[stacktrace]
#0 /home3/motobeatceyloanp/public_html/vendor/laravel/framework/src/Illuminate/Support/helpers.php(320): Illuminate\\Encryption\\EncryptionServiceProvider->Illuminate\\Encryption\\{closure}()
#1 /home3/motobeatceyloanp/public_html/vendor/laravel/framework/src/Illuminate/Encryption/EncryptionServiceProvider.php(77): tap()
#2 /home3/motobeatceyloanp/public_html/vendor/laravel/framework/src/Illuminate/Encryption/EncryptionServiceProvider.php(60): Illuminate\\Encryption\\EncryptionServiceProvider->key()
#3 /home3/motobeatceyloanp/public_html/vendor/laravel/framework/src/Illuminate/Encryption/EncryptionServiceProvider.php(32): Illuminate\\Encryption\\EncryptionServiceProvider->parseKey()
#4 /home3/motobeatceyloanp/public_html/vendor/laravel/framework/src/Illuminate/Container/Container.php(908): Illuminate\\Encryption\\EncryptionServiceProvider->Illuminate\\Encryption\\{closure}()
#5 /home3/motobeatceyloanp/public_html/vendor/laravel/framework/src/Illuminate/Container/Container.php(795): Illuminate\\Container\\Container->build()
#6 /home3/motobeatceyloanp/public_html/vendor/laravel/framework/src/Illuminate/Foundation/Application.php(986): Illuminate\\Container\\Container->resolve()
#7 /home3/motobeatceyloanp/public_html/vendor/laravel/framework/src/Illuminate/Container/Container.php(731): Illuminate\\Foundation\\Application->resolve()
#8 /home3/motobeatceyloanp/public_html/vendor/laravel/framework/src/Illuminate/Foundation/Application.php(971): Illuminate\\Container\\Container->make()
#9 /home3/motobeatceyloanp/public_html/vendor/laravel/framework/src/Illuminate/Container/Container.php(1066): Illuminate\\Foundation\\Application->make()
#10 /home3/motobeatceyloanp/public_html/vendor/laravel/framework/src/Illuminate/Container/Container.php(982): Illuminate\\Container\\Container->resolveClass()
#11 /home3/motobeatceyloanp/public_html/vendor/laravel/framework/src/Illuminate/Container/Container.php(943): Illuminate\\Container\\Container->resolveDependencies()
#12 /home3/motobeatceyloanp/public_html/vendor/laravel/framework/src/Illuminate/Container/Container.php(795): Illuminate\\Container\\Container->build()
#13 /home3/motobeatceyloanp/public_html/vendor/laravel/framework/src/Illuminate/Foundation/Application.php(986): Illuminate\\Container\\Container->resolve()
#14 /home3/motobeatceyloanp/public_html/vendor/laravel/framework/src/Illuminate/Container/Container.php(731): Illuminate\\Foundation\\Application->resolve()
#15 /home3/motobeatceyloanp/public_html/vendor/laravel/framework/src/Illuminate/Foundation/Application.php(971): Illuminate\\Container\\Container->make()
#16 /home3/motobeatceyloanp/public_html/vendor/laravel/framework/src/Illuminate/Foundation/Http/Kernel.php(255): Illuminate\\Foundation\\Application->make()
#17 /home3/motobeatceyloanp/public_html/vendor/laravel/framework/src/Illuminate/Foundation/Http/Kernel.php(213): Illuminate\\Foundation\\Http\\Kernel->terminateMiddleware()
#18 /home3/motobeatceyloanp/public_html/public/index.php(42): Illuminate\\Foundation\\Http\\Kernel->terminate()
#19 {main}
"} 
[2026-04-05 12:15:12] production.ERROR: SQLSTATE[42S02]: Base table or view not found: 1146 Table 'motobeatceyloanp_db1.users' doesn't exist (Connection: mysql, SQL: select * from `users` where `email` = john@gmail.com and `is_active` = 1 and `users`.`deleted_at` is null limit 1) {"exception":"[object] (Illuminate\\Database\\QueryException(code: 42S02): SQLSTATE[42S02]: Base table or view not found: 1146 Table 'motobeatceyloanp_db1.users' doesn't exist (Connection: mysql, SQL: select * from `users` where `email` = john@gmail.com and `is_active` = 1 and `users`.`deleted_at` is null limit 1) at /home3/motobeatceyloanp/public_html/vendor/laravel/framework/src/Illuminate/Database/Connection.php:829)
[stacktrace]
#0 /home3/motobeatceyloanp/public_html/vendor/laravel/framework/src/Illuminate/Database/Connection.php(783): Illuminate\\Database\\Connection->runQueryCallback()
#1 /home3/motobeatceyloanp/public_html/vendor/laravel/framework/src/Illuminate/Database/Connection.php(414): Illuminate\\Database\\Connection->run()
#2 /home3/motobeatceyloanp/public_html/vendor/laravel/framework/src/Illuminate/Database/Query/Builder.php(2913): Illuminate\\Database\\Connection->select()
#3 /home3/motobeatceyloanp/public_html/vendor/laravel/framework/src/Illuminate/Database/Query/Builder.php(2902): Illuminate\\Database\\Query\\Builder->runSelect()
#4 /home3/motobeatceyloanp/public_html/vendor/laravel/framework/src/Illuminate/Database/Query/Builder.php(3456): Illuminate\\Database\\Query\\Builder->Illuminate\\Database\\Query\\{closure}()
#5 /home3/motobeatceyloanp/public_html/vendor/laravel/framework/src/Illuminate/Database/Query/Builder.php(2901): Illuminate\\Database\\Query\\Builder->onceWithColumns()
#6 /home3/motobeatceyloanp/public_html/vendor/laravel/framework/src/Illuminate/Database/Eloquent/Builder.php(739): Illuminate\\Database\\Query\\Builder->get()
#7 /home3/motobeatceyloanp/public_html/vendor/laravel/framework/src/Illuminate/Database/Eloquent/Builder.php(723): Illuminate\\Database\\Eloquent\\Builder->getModels()
#8 /home3/motobeatceyloanp/public_html/vendor/laravel/framework/src/Illuminate/Database/Concerns/BuildsQueries.php(333): Illuminate\\Database\\Eloquent\\Builder->get()
#9 /home3/motobeatceyloanp/public_html/vendor/laravel/framework/src/Illuminate/Auth/EloquentUserProvider.php(139): Illuminate\\Database\\Eloquent\\Builder->first()
#10 /home3/motobeatceyloanp/public_html/vendor/laravel/framework/src/Illuminate/Auth/SessionGuard.php(381): Illuminate\\Auth\\EloquentUserProvider->retrieveByCredentials()
#11 /home3/motobeatceyloanp/public_html/vendor/laravel/framework/src/Illuminate/Auth/AuthManager.php(340): Illuminate\\Auth\\SessionGuard->attempt()
#12 /home3/motobeatceyloanp/public_html/vendor/laravel/framework/src/Illuminate/Support/Facades/Facade.php(355): Illuminate\\Auth\\AuthManager->__call()
#13 /home3/motobeatceyloanp/public_html/app/Http/Controllers/Auth/AuthController.php(27): Illuminate\\Support\\Facades\\Facade::__callStatic()
#14 /home3/motobeatceyloanp/public_html/vendor/laravel/framework/src/Illuminate/Routing/Controller.php(54): App\\Http\\Controllers\\Auth\\AuthController->login()
#15 /home3/motobeatceyloanp/public_html/vendor/laravel/framework/src/Illuminate/Routing/ControllerDispatcher.php(43): Illuminate\\Routing\\Controller->callAction()
#16 /home3/motobeatceyloanp/public_html/vendor/laravel/framework/src/Illuminate/Routing/Route.php(259): Illuminate\\Routing\\ControllerDispatcher->dispatch()
#17 /home3/motobeatceyloanp/public_html/vendor/laravel/framework/src/Illuminate/Routing/Route.php(205): Illuminate\\Routing\\Route->runController()
#18 /home3/motobeatceyloanp/public_html/vendor/laravel/framework/src/Illuminate/Routing/Router.php(806): Illuminate\\Routing\\Route->run()
#19 /home3/motobeatceyloanp/public_html/vendor/laravel/framework/src/Illuminate/Pipeline/Pipeline.php(144): Illuminate\\Routing\\Router->Illuminate\\Routing\\{closure}()
#20 /home3/motobeatceyloanp/public_html/app/Http/Middleware/RedirectIfAuthenticated.php(27): Illuminate\\Pipeline\\Pipeline->Illuminate\\Pipeline\\{closure}()
#21 /home3/motobeatceyloanp/public_html/vendor/laravel/framework/src/Illuminate/Pipeline/Pipeline.php(183): App\\Http\\Middleware\\RedirectIfAuthenticated->handle()
#22 /home3/motobeatceyloanp/public_html/vendor/laravel/framework/src/Illuminate/Routing/Middleware/SubstituteBindings.php(50): Illuminate\\Pipeline\\Pipeline->Illuminate\\Pipeline\\{closure}()
#23 /home3/motobeatceyloanp/public_html/vendor/laravel/framework/src/Illuminate/Pipeline/Pipeline.php(183): Illuminate\\Routing\\Middleware\\SubstituteBindings->handle()
#24 /home3/motobeatceyloanp/public_html/vendor/laravel/framework/src/Illuminate/Foundation/Http/Middleware/VerifyCsrfToken.php(78): Illuminate\\Pipeline\\Pipeline->Illuminate\\Pipeline\\{closure}()
#25 /home3/motobeatceyloanp/public_html/vendor/laravel/framework/src/Illuminate/Pipeline/Pipeline.php(183): Illuminate\\Foundation\\Http\\Middleware\\VerifyCsrfToken->handle()
#26 /home3/motobeatceyloanp/public_html/vendor/laravel/framework/src/Illuminate/View/Middleware/ShareErrorsFromSession.php(49): Illuminate\\Pipeline\\Pipeline->Illuminate\\Pipeline\\{closure}()
#27 /home3/motobeatceyloanp/public_html/vendor/laravel/framework/src/Illuminate/Pipeline/Pipeline.php(183): Illuminate\\View\\Middleware\\ShareErrorsFromSession->handle()
#28 /home3/motobeatceyloanp/public_html/vendor/laravel/framework/src/Illuminate/Session/Middleware/StartSession.php(121): Illuminate\\Pipeline\\Pipeline->Illuminate\\Pipeline\\{closure}()
#29 /home3/motobeatceyloanp/public_html/vendor/laravel/framework/src/Illuminate/Session/Middleware/StartSession.php(64): Illuminate\\Session\\Middleware\\StartSession->handleStatefulRequest()
#30 /home3/motobeatceyloanp/public_html/vendor/laravel/framework/src/Illuminate/Pipeline/Pipeline.php(183): Illuminate\\Session\\Middleware\\StartSession->handle()
#31 /home3/motobeatceyloanp/public_html/vendor/laravel/framework/src/Illuminate/Cookie/Middleware/AddQueuedCookiesToResponse.php(37): Illuminate\\Pipeline\\Pipeline->Illuminate\\Pipeline\\{closure}()
#32 /home3/motobeatceyloanp/public_html/vendor/laravel/framework/src/Illuminate/Pipeline/Pipeline.php(183): Illuminate\\Cookie\\Middleware\\AddQueuedCookiesToResponse->handle()
#33 /home3/motobeatceyloanp/public_html/vendor/laravel/framework/src/Illuminate/Cookie/Middleware/EncryptCookies.php(67): Illuminate\\Pipeline\\Pipeline->Illuminate\\Pipeline\\{closure}()
#34 /home3/motobeatceyloanp/public_html/vendor/laravel/framework/src/Illuminate/Pipeline/Pipeline.php(183): Illuminate\\Cookie\\Middleware\\EncryptCookies->handle()
#35 /home3/motobeatceyloanp/public_html/vendor/laravel/framework/src/Illuminate/Pipeline/Pipeline.php(119): Illuminate\\Pipeline\\Pipeline->Illuminate\\Pipeline\\{closure}()
#36 /home3/motobeatceyloanp/public_html/vendor/laravel/framework/src/Illuminate/Routing/Router.php(805): Illuminate\\Pipeline\\Pipeline->then()
#37 /home3/motobeatceyloanp/public_html/vendor/laravel/framework/src/Illuminate/Routing/Router.php(784): Illuminate\\Routing\\Router->runRouteWithinStack()
#38 /home3/motobeatceyloanp/public_html/vendor/laravel/framework/src/Illuminate/Routing/Router.php(748): Illuminate\\Routing\\Router->runRoute()
#39 /home3/motobeatceyloanp/public_html/vendor/laravel/framework/src/Illuminate/Routing/Router.php(737): Illuminate\\Routing\\Router->dispatchToRoute()
#40 /home3/motobeatceyloanp/public_html/vendor/laravel/framework/src/Illuminate/Foundation/Http/Kernel.php(200): Illuminate\\Routing\\Router->dispatch()
#41 /home3/motobeatceyloanp/public_html/vendor/laravel/framework/src/Illuminate/Pipeline/Pipeline.php(144): Illuminate\\Foundation\\Http\\Kernel->Illuminate\\Foundation\\Http\\{closure}()
#42 /home3/motobeatceyloanp/public_html/vendor/laravel/framework/src/Illuminate/Foundation/Http/Middleware/TransformsRequest.php(21): Illuminate\\Pipeline\\Pipeline->Illuminate\\Pipeline\\{closure}()
#43 /home3/motobeatceyloanp/public_html/vendor/laravel/framework/src/Illuminate/Foundation/Http/Middleware/ConvertEmptyStringsToNull.php(31): Illuminate\\Foundation\\Http\\Middleware\\TransformsRequest->handle()
#44 /home3/motobeatceyloanp/public_html/vendor/laravel/framework/src/Illuminate/Pipeline/Pipeline.php(183): Illuminate\\Foundation\\Http\\Middleware\\ConvertEmptyStringsToNull->handle()
#45 /home3/motobeatceyloanp/public_html/vendor/laravel/framework/src/Illuminate/Foundation/Http/Middleware/ValidatePostSize.php(27): Illuminate\\Pipeline\\Pipeline->Illuminate\\Pipeline\\{closure}()
#46 /home3/motobeatceyloanp/public_html/vendor/laravel/framework/src/Illuminate/Pipeline/Pipeline.php(183): Illuminate\\Foundation\\Http\\Middleware\\ValidatePostSize->handle()
#47 /home3/motobeatceyloanp/public_html/vendor/laravel/framework/src/Illuminate/Http/Middleware/HandleCors.php(49): Illuminate\\Pipeline\\Pipeline->Illuminate\\Pipeline\\{closure}()
#48 /home3/motobeatceyloanp/public_html/vendor/laravel/framework/src/Illuminate/Pipeline/Pipeline.php(183): Illuminate\\Http\\Middleware\\HandleCors->handle()
#49 /home3/motobeatceyloanp/public_html/vendor/laravel/framework/src/Illuminate/Pipeline/Pipeline.php(119): Illuminate\\Pipeline\\Pipeline->Illuminate\\Pipeline\\{closure}()
#50 /home3/motobeatceyloanp/public_html/vendor/laravel/framework/src/Illuminate/Foundation/Http/Kernel.php(175): Illuminate\\Pipeline\\Pipeline->then()
#51 /home3/motobeatceyloanp/public_html/vendor/laravel/framework/src/Illuminate/Foundation/Http/Kernel.php(144): Illuminate\\Foundation\\Http\\Kernel->sendRequestThroughRouter()
#52 /home3/motobeatceyloanp/public_html/public/index.php(36): Illuminate\\Foundation\\Http\\Kernel->handle()
#53 {main}

[previous exception] [object] (PDOException(code: 42S02): SQLSTATE[42S02]: Base table or view not found: 1146 Table 'motobeatceyloanp_db1.users' doesn't exist at /home3/motobeatceyloanp/public_html/vendor/laravel/framework/src/Illuminate/Database/Connection.php:423)
[stacktrace]
#0 /home3/motobeatceyloanp/public_html/vendor/laravel/framework/src/Illuminate/Database/Connection.php(423): PDO->prepare()
#1 /home3/motobeatceyloanp/public_html/vendor/laravel/framework/src/Illuminate/Database/Connection.php(816): Illuminate\\Database\\Connection->Illuminate\\Database\\{closure}()
#2 /home3/motobeatceyloanp/public_html/vendor/laravel/framework/src/Illuminate/Database/Connection.php(783): Illuminate\\Database\\Connection->runQueryCallback()
#3 /home3/motobeatceyloanp/public_html/vendor/laravel/framework/src/Illuminate/Database/Connection.php(414): Illuminate\\Database\\Connection->run()
#4 /home3/motobeatceyloanp/public_html/vendor/laravel/framework/src/Illuminate/Database/Query/Builder.php(2913): Illuminate\\Database\\Connection->select()
#5 /home3/motobeatceyloanp/public_html/vendor/laravel/framework/src/Illuminate/Database/Query/Builder.php(2902): Illuminate\\Database\\Query\\Builder->runSelect()
#6 /home3/motobeatceyloanp/public_html/vendor/laravel/framework/src/Illuminate/Database/Query/Builder.php(3456): Illuminate\\Database\\Query\\Builder->Illuminate\\Database\\Query\\{closure}()
#7 /home3/motobeatceyloanp/public_html/vendor/laravel/framework/src/Illuminate/Database/Query/Builder.php(2901): Illuminate\\Database\\Query\\Builder->onceWithColumns()
#8 /home3/motobeatceyloanp/public_html/vendor/laravel/framework/src/Illuminate/Database/Eloquent/Builder.php(739): Illuminate\\Database\\Query\\Builder->get()
#9 /home3/motobeatceyloanp/public_html/vendor/laravel/framework/src/Illuminate/Database/Eloquent/Builder.php(723): Illuminate\\Database\\Eloquent\\Builder->getModels()
#10 /home3/motobeatceyloanp/public_html/vendor/laravel/framework/src/Illuminate/Database/Concerns/BuildsQueries.php(333): Illuminate\\Database\\Eloquent\\Builder->get()
#11 /home3/motobeatceyloanp/public_html/vendor/laravel/framework/src/Illuminate/Auth/EloquentUserProvider.php(139): Illuminate\\Database\\Eloquent\\Builder->first()
#12 /home3/motobeatceyloanp/public_html/vendor/laravel/framework/src/Illuminate/Auth/SessionGuard.php(381): Illuminate\\Auth\\EloquentUserProvider->retrieveByCredentials()
#13 /home3/motobeatceyloanp/public_html/vendor/laravel/framework/src/Illuminate/Auth/AuthManager.php(340): Illuminate\\Auth\\SessionGuard->attempt()
#14 /home3/motobeatceyloanp/public_html/vendor/laravel/framework/src/Illuminate/Support/Facades/Facade.php(355): Illuminate\\Auth\\AuthManager->__call()
#15 /home3/motobeatceyloanp/public_html/app/Http/Controllers/Auth/AuthController.php(27): Illuminate\\Support\\Facades\\Facade::__callStatic()
#16 /home3/motobeatceyloanp/public_html/vendor/laravel/framework/src/Illuminate/Routing/Controller.php(54): App\\Http\\Controllers\\Auth\\AuthController->login()
#17 /home3/motobeatceyloanp/public_html/vendor/laravel/framework/src/Illuminate/Routing/ControllerDispatcher.php(43): Illuminate\\Routing\\Controller->callAction()
#18 /home3/motobeatceyloanp/public_html/vendor/laravel/framework/src/Illuminate/Routing/Route.php(259): Illuminate\\Routing\\ControllerDispatcher->dispatch()
#19 /home3/motobeatceyloanp/public_html/vendor/laravel/framework/src/Illuminate/Routing/Route.php(205): Illuminate\\Routing\\Route->runController()
#20 /home3/motobeatceyloanp/public_html/vendor/laravel/framework/src/Illuminate/Routing/Router.php(806): Illuminate\\Routing\\Route->run()
#21 /home3/motobeatceyloanp/public_html/vendor/laravel/framework/src/Illuminate/Pipeline/Pipeline.php(144): Illuminate\\Routing\\Router->Illuminate\\Routing\\{closure}()
#22 /home3/motobeatceyloanp/public_html/app/Http/Middleware/RedirectIfAuthenticated.php(27): Illuminate\\Pipeline\\Pipeline->Illuminate\\Pipeline\\{closure}()
#23 /home3/motobeatceyloanp/public_html/vendor/laravel/framework/src/Illuminate/Pipeline/Pipeline.php(183): App\\Http\\Middleware\\RedirectIfAuthenticated->handle()
#24 /home3/motobeatceyloanp/public_html/vendor/laravel/framework/src/Illuminate/Routing/Middleware/SubstituteBindings.php(50): Illuminate\\Pipeline\\Pipeline->Illuminate\\Pipeline\\{closure}()
#25 /home3/motobeatceyloanp/public_html/vendor/laravel/framework/src/Illuminate/Pipeline/Pipeline.php(183): Illuminate\\Routing\\Middleware\\SubstituteBindings->handle()
#26 /home3/motobeatceyloanp/public_html/vendor/laravel/framework/src/Illuminate/Foundation/Http/Middleware/VerifyCsrfToken.php(78): Illuminate\\Pipeline\\Pipeline->Illuminate\\Pipeline\\{closure}()
#27 /home3/motobeatceyloanp/public_html/vendor/laravel/framework/src/Illuminate/Pipeline/Pipeline.php(183): Illuminate\\Foundation\\Http\\Middleware\\VerifyCsrfToken->handle()
#28 /home3/motobeatceyloanp/public_html/vendor/laravel/framework/src/Illuminate/View/Middleware/ShareErrorsFromSession.php(49): Illuminate\\Pipeline\\Pipeline->Illuminate\\Pipeline\\{closure}()
#29 /home3/motobeatceyloanp/public_html/vendor/laravel/framework/src/Illuminate/Pipeline/Pipeline.php(183): Illuminate\\View\\Middleware\\ShareErrorsFromSession->handle()
#30 /home3/motobeatceyloanp/public_html/vendor/laravel/framework/src/Illuminate/Session/Middleware/StartSession.php(121): Illuminate\\Pipeline\\Pipeline->Illuminate\\Pipeline\\{closure}()
#31 /home3/motobeatceyloanp/public_html/vendor/laravel/framework/src/Illuminate/Session/Middleware/StartSession.php(64): Illuminate\\Session\\Middleware\\StartSession->handleStatefulRequest()
#32 /home3/motobeatceyloanp/public_html/vendor/laravel/framework/src/Illuminate/Pipeline/Pipeline.php(183): Illuminate\\Session\\Middleware\\StartSession->handle()
#33 /home3/motobeatceyloanp/public_html/vendor/laravel/framework/src/Illuminate/Cookie/Middleware/AddQueuedCookiesToResponse.php(37): Illuminate\\Pipeline\\Pipeline->Illuminate\\Pipeline\\{closure}()
#34 /home3/motobeatceyloanp/public_html/vendor/laravel/framework/src/Illuminate/Pipeline/Pipeline.php(183): Illuminate\\Cookie\\Middleware\\AddQueuedCookiesToResponse->handle()
#35 /home3/motobeatceyloanp/public_html/vendor/laravel/framework/src/Illuminate/Cookie/Middleware/EncryptCookies.php(67): Illuminate\\Pipeline\\Pipeline->Illuminate\\Pipeline\\{closure}()
#36 /home3/motobeatceyloanp/public_html/vendor/laravel/framework/src/Illuminate/Pipeline/Pipeline.php(183): Illuminate\\Cookie\\Middleware\\EncryptCookies->handle()
#37 /home3/motobeatceyloanp/public_html/vendor/laravel/framework/src/Illuminate/Pipeline/Pipeline.php(119): Illuminate\\Pipeline\\Pipeline->Illuminate\\Pipeline\\{closure}()
#38 /home3/motobeatceyloanp/public_html/vendor/laravel/framework/src/Illuminate/Routing/Router.php(805): Illuminate\\Pipeline\\Pipeline->then()
#39 /home3/motobeatceyloanp/public_html/vendor/laravel/framework/src/Illuminate/Routing/Router.php(784): Illuminate\\Routing\\Router->runRouteWithinStack()
#40 /home3/motobeatceyloanp/public_html/vendor/laravel/framework/src/Illuminate/Routing/Router.php(748): Illuminate\\Routing\\Router->runRoute()
#41 /home3/motobeatceyloanp/public_html/vendor/laravel/framework/src/Illuminate/Routing/Router.php(737): Illuminate\\Routing\\Router->dispatchToRoute()
#42 /home3/motobeatceyloanp/public_html/vendor/laravel/framework/src/Illuminate/Foundation/Http/Kernel.php(200): Illuminate\\Routing\\Router->dispatch()
#43 /home3/motobeatceyloanp/public_html/vendor/laravel/framework/src/Illuminate/Pipeline/Pipeline.php(144): Illuminate\\Foundation\\Http\\Kernel->Illuminate\\Foundation\\Http\\{closure}()
#44 /home3/motobeatceyloanp/public_html/vendor/laravel/framework/src/Illuminate/Foundation/Http/Middleware/TransformsRequest.php(21): Illuminate\\Pipeline\\Pipeline->Illuminate\\Pipeline\\{closure}()
#45 /home3/motobeatceyloanp/public_html/vendor/laravel/framework/src/Illuminate/Foundation/Http/Middleware/ConvertEmptyStringsToNull.php(31): Illuminate\\Foundation\\Http\\Middleware\\TransformsRequest->handle()
#46 /home3/motobeatceyloanp/public_html/vendor/laravel/framework/src/Illuminate/Pipeline/Pipeline.php(183): Illuminate\\Foundation\\Http\\Middleware\\ConvertEmptyStringsToNull->handle()
#47 /home3/motobeatceyloanp/public_html/vendor/laravel/framework/src/Illuminate/Foundation/Http/Middleware/ValidatePostSize.php(27): Illuminate\\Pipeline\\Pipeline->Illuminate\\Pipeline\\{closure}()
#48 /home3/motobeatceyloanp/public_html/vendor/laravel/framework/src/Illuminate/Pipeline/Pipeline.php(183): Illuminate\\Foundation\\Http\\Middleware\\ValidatePostSize->handle()
#49 /home3/motobeatceyloanp/public_html/vendor/laravel/framework/src/Illuminate/Http/Middleware/HandleCors.php(49): Illuminate\\Pipeline\\Pipeline->Illuminate\\Pipeline\\{closure}()
#50 /home3/motobeatceyloanp/public_html/vendor/laravel/framework/src/Illuminate/Pipeline/Pipeline.php(183): Illuminate\\Http\\Middleware\\HandleCors->handle()
#51 /home3/motobeatceyloanp/public_html/vendor/laravel/framework/src/Illuminate/Pipeline/Pipeline.php(119): Illuminate\\Pipeline\\Pipeline->Illuminate\\Pipeline\\{closure}()
#52 /home3/motobeatceyloanp/public_html/vendor/laravel/framework/src/Illuminate/Foundation/Http/Kernel.php(175): Illuminate\\Pipeline\\Pipeline->then()
#53 /home3/motobeatceyloanp/public_html/vendor/laravel/framework/src/Illuminate/Foundation/Http/Kernel.php(144): Illuminate\\Foundation\\Http\\Kernel->sendRequestThroughRouter()
#54 /home3/motobeatceyloanp/public_html/public/index.php(36): Illuminate\\Foundation\\Http\\Kernel->handle()
#55 {main}
"} 
[2026-04-05 12:16:31] production.ERROR: SQLSTATE[42S02]: Base table or view not found: 1146 Table 'motobeatceyloanp_db1.users' doesn't exist (Connection: mysql, SQL: select * from `users` where `email` = john@gmail.com and `is_active` = 1 and `users`.`deleted_at` is null limit 1) {"exception":"[object] (Illuminate\\Database\\QueryException(code: 42S02): SQLSTATE[42S02]: Base table or view not found: 1146 Table 'motobeatceyloanp_db1.users' doesn't exist (Connection: mysql, SQL: select * from `users` where `email` = john@gmail.com and `is_active` = 1 and `users`.`deleted_at` is null limit 1) at /home3/motobeatceyloanp/public_html/vendor/laravel/framework/src/Illuminate/Database/Connection.php:829)
[stacktrace]
#0 /home3/motobeatceyloanp/public_html/vendor/laravel/framework/src/Illuminate/Database/Connection.php(783): Illuminate\\Database\\Connection->runQueryCallback()
#1 /home3/motobeatceyloanp/public_html/vendor/laravel/framework/src/Illuminate/Database/Connection.php(414): Illuminate\\Database\\Connection->run()
#2 /home3/motobeatceyloanp/public_html/vendor/laravel/framework/src/Illuminate/Database/Query/Builder.php(2913): Illuminate\\Database\\Connection->select()
#3 /home3/motobeatceyloanp/public_html/vendor/laravel/framework/src/Illuminate/Database/Query/Builder.php(2902): Illuminate\\Database\\Query\\Builder->runSelect()
#4 /home3/motobeatceyloanp/public_html/vendor/laravel/framework/src/Illuminate/Database/Query/Builder.php(3456): Illuminate\\Database\\Query\\Builder->Illuminate\\Database\\Query\\{closure}()
#5 /home3/motobeatceyloanp/public_html/vendor/laravel/framework/src/Illuminate/Database/Query/Builder.php(2901): Illuminate\\Database\\Query\\Builder->onceWithColumns()
#6 /home3/motobeatceyloanp/public_html/vendor/laravel/framework/src/Illuminate/Database/Eloquent/Builder.php(739): Illuminate\\Database\\Query\\Builder->get()
#7 /home3/motobeatceyloanp/public_html/vendor/laravel/framework/src/Illuminate/Database/Eloquent/Builder.php(723): Illuminate\\Database\\Eloquent\\Builder->getModels()
#8 /home3/motobeatceyloanp/public_html/vendor/laravel/framework/src/Illuminate/Database/Concerns/BuildsQueries.php(333): Illuminate\\Database\\Eloquent\\Builder->get()
#9 /home3/motobeatceyloanp/public_html/vendor/laravel/framework/src/Illuminate/Auth/EloquentUserProvider.php(139): Illuminate\\Database\\Eloquent\\Builder->first()
#10 /home3/motobeatceyloanp/public_html/vendor/laravel/framework/src/Illuminate/Auth/SessionGuard.php(381): Illuminate\\Auth\\EloquentUserProvider->retrieveByCredentials()
#11 /home3/motobeatceyloanp/public_html/vendor/laravel/framework/src/Illuminate/Auth/AuthManager.php(340): Illuminate\\Auth\\SessionGuard->attempt()
#12 /home3/motobeatceyloanp/public_html/vendor/laravel/framework/src/Illuminate/Support/Facades/Facade.php(355): Illuminate\\Auth\\AuthManager->__call()
#13 /home3/motobeatceyloanp/public_html/app/Http/Controllers/Auth/AuthController.php(27): Illuminate\\Support\\Facades\\Facade::__callStatic()
#14 /home3/motobeatceyloanp/public_html/vendor/laravel/framework/src/Illuminate/Routing/Controller.php(54): App\\Http\\Controllers\\Auth\\AuthController->login()
#15 /home3/motobeatceyloanp/public_html/vendor/laravel/framework/src/Illuminate/Routing/ControllerDispatcher.php(43): Illuminate\\Routing\\Controller->callAction()
#16 /home3/motobeatceyloanp/public_html/vendor/laravel/framework/src/Illuminate/Routing/Route.php(259): Illuminate\\Routing\\ControllerDispatcher->dispatch()
#17 /home3/motobeatceyloanp/public_html/vendor/laravel/framework/src/Illuminate/Routing/Route.php(205): Illuminate\\Routing\\Route->runController()
#18 /home3/motobeatceyloanp/public_html/vendor/laravel/framework/src/Illuminate/Routing/Router.php(806): Illuminate\\Routing\\Route->run()
#19 /home3/motobeatceyloanp/public_html/vendor/laravel/framework/src/Illuminate/Pipeline/Pipeline.php(144): Illuminate\\Routing\\Router->Illuminate\\Routing\\{closure}()
#20 /home3/motobeatceyloanp/public_html/app/Http/Middleware/RedirectIfAuthenticated.php(27): Illuminate\\Pipeline\\Pipeline->Illuminate\\Pipeline\\{closure}()
#21 /home3/motobeatceyloanp/public_html/vendor/laravel/framework/src/Illuminate/Pipeline/Pipeline.php(183): App\\Http\\Middleware\\RedirectIfAuthenticated->handle()
#22 /home3/motobeatceyloanp/public_html/vendor/laravel/framework/src/Illuminate/Routing/Middleware/SubstituteBindings.php(50): Illuminate\\Pipeline\\Pipeline->Illuminate\\Pipeline\\{closure}()
#23 /home3/motobeatceyloanp/public_html/vendor/laravel/framework/src/Illuminate/Pipeline/Pipeline.php(183): Illuminate\\Routing\\Middleware\\SubstituteBindings->handle()
#24 /home3/motobeatceyloanp/public_html/vendor/laravel/framework/src/Illuminate/Foundation/Http/Middleware/VerifyCsrfToken.php(78): Illuminate\\Pipeline\\Pipeline->Illuminate\\Pipeline\\{closure}()
#25 /home3/motobeatceyloanp/public_html/vendor/laravel/framework/src/Illuminate/Pipeline/Pipeline.php(183): Illuminate\\Foundation\\Http\\Middleware\\VerifyCsrfToken->handle()
#26 /home3/motobeatceyloanp/public_html/vendor/laravel/framework/src/Illuminate/View/Middleware/ShareErrorsFromSession.php(49): Illuminate\\Pipeline\\Pipeline->Illuminate\\Pipeline\\{closure}()
#27 /home3/motobeatceyloanp/public_html/vendor/laravel/framework/src/Illuminate/Pipeline/Pipeline.php(183): Illuminate\\View\\Middleware\\ShareErrorsFromSession->handle()
#28 /home3/motobeatceyloanp/public_html/vendor/laravel/framework/src/Illuminate/Session/Middleware/StartSession.php(121): Illuminate\\Pipeline\\Pipeline->Illuminate\\Pipeline\\{closure}()
#29 /home3/motobeatceyloanp/public_html/vendor/laravel/framework/src/Illuminate/Session/Middleware/StartSession.php(64): Illuminate\\Session\\Middleware\\StartSession->handleStatefulRequest()
#30 /home3/motobeatceyloanp/public_html/vendor/laravel/framework/src/Illuminate/Pipeline/Pipeline.php(183): Illuminate\\Session\\Middleware\\StartSession->handle()
#31 /home3/motobeatceyloanp/public_html/vendor/laravel/framework/src/Illuminate/Cookie/Middleware/AddQueuedCookiesToResponse.php(37): Illuminate\\Pipeline\\Pipeline->Illuminate\\Pipeline\\{closure}()
#32 /home3/motobeatceyloanp/public_html/vendor/laravel/framework/src/Illuminate/Pipeline/Pipeline.php(183): Illuminate\\Cookie\\Middleware\\AddQueuedCookiesToResponse->handle()
#33 /home3/motobeatceyloanp/public_html/vendor/laravel/framework/src/Illuminate/Cookie/Middleware/EncryptCookies.php(67): Illuminate\\Pipeline\\Pipeline->Illuminate\\Pipeline\\{closure}()
#34 /home3/motobeatceyloanp/public_html/vendor/laravel/framework/src/Illuminate/Pipeline/Pipeline.php(183): Illuminate\\Cookie\\Middleware\\EncryptCookies->handle()
#35 /home3/motobeatceyloanp/public_html/vendor/laravel/framework/src/Illuminate/Pipeline/Pipeline.php(119): Illuminate\\Pipeline\\Pipeline->Illuminate\\Pipeline\\{closure}()
#36 /home3/motobeatceyloanp/public_html/vendor/laravel/framework/src/Illuminate/Routing/Router.php(805): Illuminate\\Pipeline\\Pipeline->then()
#37 /home3/motobeatceyloanp/public_html/vendor/laravel/framework/src/Illuminate/Routing/Router.php(784): Illuminate\\Routing\\Router->runRouteWithinStack()
#38 /home3/motobeatceyloanp/public_html/vendor/laravel/framework/src/Illuminate/Routing/Router.php(748): Illuminate\\Routing\\Router->runRoute()
#39 /home3/motobeatceyloanp/public_html/vendor/laravel/framework/src/Illuminate/Routing/Router.php(737): Illuminate\\Routing\\Router->dispatchToRoute()
#40 /home3/motobeatceyloanp/public_html/vendor/laravel/framework/src/Illuminate/Foundation/Http/Kernel.php(200): Illuminate\\Routing\\Router->dispatch()
#41 /home3/motobeatceyloanp/public_html/vendor/laravel/framework/src/Illuminate/Pipeline/Pipeline.php(144): Illuminate\\Foundation\\Http\\Kernel->Illuminate\\Foundation\\Http\\{closure}()
#42 /home3/motobeatceyloanp/public_html/vendor/laravel/framework/src/Illuminate/Foundation/Http/Middleware/TransformsRequest.php(21): Illuminate\\Pipeline\\Pipeline->Illuminate\\Pipeline\\{closure}()
#43 /home3/motobeatceyloanp/public_html/vendor/laravel/framework/src/Illuminate/Foundation/Http/Middleware/ConvertEmptyStringsToNull.php(31): Illuminate\\Foundation\\Http\\Middleware\\TransformsRequest->handle()
#44 /home3/motobeatceyloanp/public_html/vendor/laravel/framework/src/Illuminate/Pipeline/Pipeline.php(183): Illuminate\\Foundation\\Http\\Middleware\\ConvertEmptyStringsToNull->handle()
#45 /home3/motobeatceyloanp/public_html/vendor/laravel/framework/src/Illuminate/Foundation/Http/Middleware/ValidatePostSize.php(27): Illuminate\\Pipeline\\Pipeline->Illuminate\\Pipeline\\{closure}()
#46 /home3/motobeatceyloanp/public_html/vendor/laravel/framework/src/Illuminate/Pipeline/Pipeline.php(183): Illuminate\\Foundation\\Http\\Middleware\\ValidatePostSize->handle()
#47 /home3/motobeatceyloanp/public_html/vendor/laravel/framework/src/Illuminate/Http/Middleware/HandleCors.php(49): Illuminate\\Pipeline\\Pipeline->Illuminate\\Pipeline\\{closure}()
#48 /home3/motobeatceyloanp/public_html/vendor/laravel/framework/src/Illuminate/Pipeline/Pipeline.php(183): Illuminate\\Http\\Middleware\\HandleCors->handle()
#49 /home3/motobeatceyloanp/public_html/vendor/laravel/framework/src/Illuminate/Pipeline/Pipeline.php(119): Illuminate\\Pipeline\\Pipeline->Illuminate\\Pipeline\\{closure}()
#50 /home3/motobeatceyloanp/public_html/vendor/laravel/framework/src/Illuminate/Foundation/Http/Kernel.php(175): Illuminate\\Pipeline\\Pipeline->then()
#51 /home3/motobeatceyloanp/public_html/vendor/laravel/framework/src/Illuminate/Foundation/Http/Kernel.php(144): Illuminate\\Foundation\\Http\\Kernel->sendRequestThroughRouter()
#52 /home3/motobeatceyloanp/public_html/public/index.php(36): Illuminate\\Foundation\\Http\\Kernel->handle()
#53 {main}

[previous exception] [object] (PDOException(code: 42S02): SQLSTATE[42S02]: Base table or view not found: 1146 Table 'motobeatceyloanp_db1.users' doesn't exist at /home3/motobeatceyloanp/public_html/vendor/laravel/framework/src/Illuminate/Database/Connection.php:423)
[stacktrace]
#0 /home3/motobeatceyloanp/public_html/vendor/laravel/framework/src/Illuminate/Database/Connection.php(423): PDO->prepare()
#1 /home3/motobeatceyloanp/public_html/vendor/laravel/framework/src/Illuminate/Database/Connection.php(816): Illuminate\\Database\\Connection->Illuminate\\Database\\{closure}()
#2 /home3/motobeatceyloanp/public_html/vendor/laravel/framework/src/Illuminate/Database/Connection.php(783): Illuminate\\Database\\Connection->runQueryCallback()
#3 /home3/motobeatceyloanp/public_html/vendor/laravel/framework/src/Illuminate/Database/Connection.php(414): Illuminate\\Database\\Connection->run()
#4 /home3/motobeatceyloanp/public_html/vendor/laravel/framework/src/Illuminate/Database/Query/Builder.php(2913): Illuminate\\Database\\Connection->select()
#5 /home3/motobeatceyloanp/public_html/vendor/laravel/framework/src/Illuminate/Database/Query/Builder.php(2902): Illuminate\\Database\\Query\\Builder->runSelect()
#6 /home3/motobeatceyloanp/public_html/vendor/laravel/framework/src/Illuminate/Database/Query/Builder.php(3456): Illuminate\\Database\\Query\\Builder->Illuminate\\Database\\Query\\{closure}()
#7 /home3/motobeatceyloanp/public_html/vendor/laravel/framework/src/Illuminate/Database/Query/Builder.php(2901): Illuminate\\Database\\Query\\Builder->onceWithColumns()
#8 /home3/motobeatceyloanp/public_html/vendor/laravel/framework/src/Illuminate/Database/Eloquent/Builder.php(739): Illuminate\\Database\\Query\\Builder->get()
#9 /home3/motobeatceyloanp/public_html/vendor/laravel/framework/src/Illuminate/Database/Eloquent/Builder.php(723): Illuminate\\Database\\Eloquent\\Builder->getModels()
#10 /home3/motobeatceyloanp/public_html/vendor/laravel/framework/src/Illuminate/Database/Concerns/BuildsQueries.php(333): Illuminate\\Database\\Eloquent\\Builder->get()
#11 /home3/motobeatceyloanp/public_html/vendor/laravel/framework/src/Illuminate/Auth/EloquentUserProvider.php(139): Illuminate\\Database\\Eloquent\\Builder->first()
#12 /home3/motobeatceyloanp/public_html/vendor/laravel/framework/src/Illuminate/Auth/SessionGuard.php(381): Illuminate\\Auth\\EloquentUserProvider->retrieveByCredentials()
#13 /home3/motobeatceyloanp/public_html/vendor/laravel/framework/src/Illuminate/Auth/AuthManager.php(340): Illuminate\\Auth\\SessionGuard->attempt()
#14 /home3/motobeatceyloanp/public_html/vendor/laravel/framework/src/Illuminate/Support/Facades/Facade.php(355): Illuminate\\Auth\\AuthManager->__call()
#15 /home3/motobeatceyloanp/public_html/app/Http/Controllers/Auth/AuthController.php(27): Illuminate\\Support\\Facades\\Facade::__callStatic()
#16 /home3/motobeatceyloanp/public_html/vendor/laravel/framework/src/Illuminate/Routing/Controller.php(54): App\\Http\\Controllers\\Auth\\AuthController->login()
#17 /home3/motobeatceyloanp/public_html/vendor/laravel/framework/src/Illuminate/Routing/ControllerDispatcher.php(43): Illuminate\\Routing\\Controller->callAction()
#18 /home3/motobeatceyloanp/public_html/vendor/laravel/framework/src/Illuminate/Routing/Route.php(259): Illuminate\\Routing\\ControllerDispatcher->dispatch()
#19 /home3/motobeatceyloanp/public_html/vendor/laravel/framework/src/Illuminate/Routing/Route.php(205): Illuminate\\Routing\\Route->runController()
#20 /home3/motobeatceyloanp/public_html/vendor/laravel/framework/src/Illuminate/Routing/Router.php(806): Illuminate\\Routing\\Route->run()
#21 /home3/motobeatceyloanp/public_html/vendor/laravel/framework/src/Illuminate/Pipeline/Pipeline.php(144): Illuminate\\Routing\\Router->Illuminate\\Routing\\{closure}()
#22 /home3/motobeatceyloanp/public_html/app/Http/Middleware/RedirectIfAuthenticated.php(27): Illuminate\\Pipeline\\Pipeline->Illuminate\\Pipeline\\{closure}()
#23 /home3/motobeatceyloanp/public_html/vendor/laravel/framework/src/Illuminate/Pipeline/Pipeline.php(183): App\\Http\\Middleware\\RedirectIfAuthenticated->handle()
#24 /home3/motobeatceyloanp/public_html/vendor/laravel/framework/src/Illuminate/Routing/Middleware/SubstituteBindings.php(50): Illuminate\\Pipeline\\Pipeline->Illuminate\\Pipeline\\{closure}()
#25 /home3/motobeatceyloanp/public_html/vendor/laravel/framework/src/Illuminate/Pipeline/Pipeline.php(183): Illuminate\\Routing\\Middleware\\SubstituteBindings->handle()
#26 /home3/motobeatceyloanp/public_html/vendor/laravel/framework/src/Illuminate/Foundation/Http/Middleware/VerifyCsrfToken.php(78): Illuminate\\Pipeline\\Pipeline->Illuminate\\Pipeline\\{closure}()
#27 /home3/motobeatceyloanp/public_html/vendor/laravel/framework/src/Illuminate/Pipeline/Pipeline.php(183): Illuminate\\Foundation\\Http\\Middleware\\VerifyCsrfToken->handle()
#28 /home3/motobeatceyloanp/public_html/vendor/laravel/framework/src/Illuminate/View/Middleware/ShareErrorsFromSession.php(49): Illuminate\\Pipeline\\Pipeline->Illuminate\\Pipeline\\{closure}()
#29 /home3/motobeatceyloanp/public_html/vendor/laravel/framework/src/Illuminate/Pipeline/Pipeline.php(183): Illuminate\\View\\Middleware\\ShareErrorsFromSession->handle()
#30 /home3/motobeatceyloanp/public_html/vendor/laravel/framework/src/Illuminate/Session/Middleware/StartSession.php(121): Illuminate\\Pipeline\\Pipeline->Illuminate\\Pipeline\\{closure}()
#31 /home3/motobeatceyloanp/public_html/vendor/laravel/framework/src/Illuminate/Session/Middleware/StartSession.php(64): Illuminate\\Session\\Middleware\\StartSession->handleStatefulRequest()
#32 /home3/motobeatceyloanp/public_html/vendor/laravel/framework/src/Illuminate/Pipeline/Pipeline.php(183): Illuminate\\Session\\Middleware\\StartSession->handle()
#33 /home3/motobeatceyloanp/public_html/vendor/laravel/framework/src/Illuminate/Cookie/Middleware/AddQueuedCookiesToResponse.php(37): Illuminate\\Pipeline\\Pipeline->Illuminate\\Pipeline\\{closure}()
#34 /home3/motobeatceyloanp/public_html/vendor/laravel/framework/src/Illuminate/Pipeline/Pipeline.php(183): Illuminate\\Cookie\\Middleware\\AddQueuedCookiesToResponse->handle()
#35 /home3/motobeatceyloanp/public_html/vendor/laravel/framework/src/Illuminate/Cookie/Middleware/EncryptCookies.php(67): Illuminate\\Pipeline\\Pipeline->Illuminate\\Pipeline\\{closure}()
#36 /home3/motobeatceyloanp/public_html/vendor/laravel/framework/src/Illuminate/Pipeline/Pipeline.php(183): Illuminate\\Cookie\\Middleware\\EncryptCookies->handle()
#37 /home3/motobeatceyloanp/public_html/vendor/laravel/framework/src/Illuminate/Pipeline/Pipeline.php(119): Illuminate\\Pipeline\\Pipeline->Illuminate\\Pipeline\\{closure}()
#38 /home3/motobeatceyloanp/public_html/vendor/laravel/framework/src/Illuminate/Routing/Router.php(805): Illuminate\\Pipeline\\Pipeline->then()
#39 /home3/motobeatceyloanp/public_html/vendor/laravel/framework/src/Illuminate/Routing/Router.php(784): Illuminate\\Routing\\Router->runRouteWithinStack()
#40 /home3/motobeatceyloanp/public_html/vendor/laravel/framework/src/Illuminate/Routing/Router.php(748): Illuminate\\Routing\\Router->runRoute()
#41 /home3/motobeatceyloanp/public_html/vendor/laravel/framework/src/Illuminate/Routing/Router.php(737): Illuminate\\Routing\\Router->dispatchToRoute()
#42 /home3/motobeatceyloanp/public_html/vendor/laravel/framework/src/Illuminate/Foundation/Http/Kernel.php(200): Illuminate\\Routing\\Router->dispatch()
#43 /home3/motobeatceyloanp/public_html/vendor/laravel/framework/src/Illuminate/Pipeline/Pipeline.php(144): Illuminate\\Foundation\\Http\\Kernel->Illuminate\\Foundation\\Http\\{closure}()
#44 /home3/motobeatceyloanp/public_html/vendor/laravel/framework/src/Illuminate/Foundation/Http/Middleware/TransformsRequest.php(21): Illuminate\\Pipeline\\Pipeline->Illuminate\\Pipeline\\{closure}()
#45 /home3/motobeatceyloanp/public_html/vendor/laravel/framework/src/Illuminate/Foundation/Http/Middleware/ConvertEmptyStringsToNull.php(31): Illuminate\\Foundation\\Http\\Middleware\\TransformsRequest->handle()
#46 /home3/motobeatceyloanp/public_html/vendor/laravel/framework/src/Illuminate/Pipeline/Pipeline.php(183): Illuminate\\Foundation\\Http\\Middleware\\ConvertEmptyStringsToNull->handle()
#47 /home3/motobeatceyloanp/public_html/vendor/laravel/framework/src/Illuminate/Foundation/Http/Middleware/ValidatePostSize.php(27): Illuminate\\Pipeline\\Pipeline->Illuminate\\Pipeline\\{closure}()
#48 /home3/motobeatceyloanp/public_html/vendor/laravel/framework/src/Illuminate/Pipeline/Pipeline.php(183): Illuminate\\Foundation\\Http\\Middleware\\ValidatePostSize->handle()
#49 /home3/motobeatceyloanp/public_html/vendor/laravel/framework/src/Illuminate/Http/Middleware/HandleCors.php(49): Illuminate\\Pipeline\\Pipeline->Illuminate\\Pipeline\\{closure}()
#50 /home3/motobeatceyloanp/public_html/vendor/laravel/framework/src/Illuminate/Pipeline/Pipeline.php(183): Illuminate\\Http\\Middleware\\HandleCors->handle()
#51 /home3/motobeatceyloanp/public_html/vendor/laravel/framework/src/Illuminate/Pipeline/Pipeline.php(119): Illuminate\\Pipeline\\Pipeline->Illuminate\\Pipeline\\{closure}()
#52 /home3/motobeatceyloanp/public_html/vendor/laravel/framework/src/Illuminate/Foundation/Http/Kernel.php(175): Illuminate\\Pipeline\\Pipeline->then()
#53 /home3/motobeatceyloanp/public_html/vendor/laravel/framework/src/Illuminate/Foundation/Http/Kernel.php(144): Illuminate\\Foundation\\Http\\Kernel->sendRequestThroughRouter()
#54 /home3/motobeatceyloanp/public_html/public/index.php(36): Illuminate\\Foundation\\Http\\Kernel->handle()
#55 {main}
"} 
[2026-04-05 14:17:56] production.ERROR: SQLSTATE[23000]: Integrity constraint violation: 1048 Column 'loyalty_tier' cannot be null (Connection: mysql, SQL: insert into `customers` (`name`, `customer_group_id`, `phone`, `email`, `nic`, `date_of_birth`, `address`, `city`, `notes`, `credit_limit`, `current_balance`, `loyalty_points`, `loyalty_tier`, `is_active`, `store_id`, `updated_at`, `created_at`) values (Yasith, ?, 0784665557, kalpanaj@gmail.com, 199012312345, 2026-04-06 00:00:00, hfjh, kottawa, ?, 0, 0, 0, ?, 1, 1, 2026-04-05 14:17:56, 2026-04-05 14:17:56)) {"userId":1,"exception":"[object] (Illuminate\\Database\\QueryException(code: 23000): SQLSTATE[23000]: Integrity constraint violation: 1048 Column 'loyalty_tier' cannot be null (Connection: mysql, SQL: insert into `customers` (`name`, `customer_group_id`, `phone`, `email`, `nic`, `date_of_birth`, `address`, `city`, `notes`, `credit_limit`, `current_balance`, `loyalty_points`, `loyalty_tier`, `is_active`, `store_id`, `updated_at`, `created_at`) values (Yasith, ?, 0784665557, kalpanaj@gmail.com, 199012312345, 2026-04-06 00:00:00, hfjh, kottawa, ?, 0, 0, 0, ?, 1, 1, 2026-04-05 14:17:56, 2026-04-05 14:17:56)) at /home3/motobeatceyloanp/public_html/vendor/laravel/framework/src/Illuminate/Database/Connection.php:829)
[stacktrace]
#0 /home3/motobeatceyloanp/public_html/vendor/laravel/framework/src/Illuminate/Database/Connection.php(783): Illuminate\\Database\\Connection->runQueryCallback()
#1 /home3/motobeatceyloanp/public_html/vendor/laravel/framework/src/Illuminate/Database/MySqlConnection.php(34): Illuminate\\Database\\Connection->run()
#2 /home3/motobeatceyloanp/public_html/vendor/laravel/framework/src/Illuminate/Database/Query/Processors/MySqlProcessor.php(35): Illuminate\\Database\\MySqlConnection->insert()
#3 /home3/motobeatceyloanp/public_html/vendor/laravel/framework/src/Illuminate/Database/Query/Builder.php(3549): Illuminate\\Database\\Query\\Processors\\MySqlProcessor->processInsertGetId()
#4 /home3/motobeatceyloanp/public_html/vendor/laravel/framework/src/Illuminate/Database/Eloquent/Builder.php(1982): Illuminate\\Database\\Query\\Builder->insertGetId()
#5 /home3/motobeatceyloanp/public_html/vendor/laravel/framework/src/Illuminate/Database/Eloquent/Model.php(1334): Illuminate\\Database\\Eloquent\\Builder->__call()
#6 /home3/motobeatceyloanp/public_html/vendor/laravel/framework/src/Illuminate/Database/Eloquent/Model.php(1299): Illuminate\\Database\\Eloquent\\Model->insertAndSetId()
#7 /home3/motobeatceyloanp/public_html/vendor/laravel/framework/src/Illuminate/Database/Eloquent/Model.php(1138): Illuminate\\Database\\Eloquent\\Model->performInsert()
#8 /home3/motobeatceyloanp/public_html/vendor/laravel/framework/src/Illuminate/Database/Eloquent/Builder.php(1025): Illuminate\\Database\\Eloquent\\Model->save()
#9 /home3/motobeatceyloanp/public_html/vendor/laravel/framework/src/Illuminate/Support/helpers.php(320): Illuminate\\Database\\Eloquent\\Builder->Illuminate\\Database\\Eloquent\\{closure}()
#10 /home3/motobeatceyloanp/public_html/vendor/laravel/framework/src/Illuminate/Database/Eloquent/Builder.php(1024): tap()
#11 /home3/motobeatceyloanp/public_html/vendor/laravel/framework/src/Illuminate/Support/Traits/ForwardsCalls.php(23): Illuminate\\Database\\Eloquent\\Builder->create()
#12 /home3/motobeatceyloanp/public_html/vendor/laravel/framework/src/Illuminate/Database/Eloquent/Model.php(2335): Illuminate\\Database\\Eloquent\\Model->forwardCallTo()
#13 /home3/motobeatceyloanp/public_html/vendor/laravel/framework/src/Illuminate/Database/Eloquent/Model.php(2347): Illuminate\\Database\\Eloquent\\Model->__call()
#14 /home3/motobeatceyloanp/public_html/app/Http/Controllers/CustomerController.php(33): Illuminate\\Database\\Eloquent\\Model::__callStatic()
#15 /home3/motobeatceyloanp/public_html/vendor/laravel/framework/src/Illuminate/Routing/Controller.php(54): App\\Http\\Controllers\\CustomerController->store()
#16 /home3/motobeatceyloanp/public_html/vendor/laravel/framework/src/Illuminate/Routing/ControllerDispatcher.php(43): Illuminate\\Routing\\Controller->callAction()
#17 /home3/motobeatceyloanp/public_html/vendor/laravel/framework/src/Illuminate/Routing/Route.php(259): Illuminate\\Routing\\ControllerDispatcher->dispatch()
#18 /home3/motobeatceyloanp/public_html/vendor/laravel/framework/src/Illuminate/Routing/Route.php(205): Illuminate\\Routing\\Route->runController()
#19 /home3/motobeatceyloanp/public_html/vendor/laravel/framework/src/Illuminate/Routing/Router.php(806): Illuminate\\Routing\\Route->run()
#20 /home3/motobeatceyloanp/public_html/vendor/laravel/framework/src/Illuminate/Pipeline/Pipeline.php(144): Illuminate\\Routing\\Router->Illuminate\\Routing\\{closure}()
#21 /home3/motobeatceyloanp/public_html/app/Http/Middleware/CheckTenantLock.php(20): Illuminate\\Pipeline\\Pipeline->Illuminate\\Pipeline\\{closure}()
#22 /home3/motobeatceyloanp/public_html/vendor/laravel/framework/src/Illuminate/Pipeline/Pipeline.php(183): App\\Http\\Middleware\\CheckTenantLock->handle()
#23 /home3/motobeatceyloanp/public_html/app/Http/Middleware/TenantScope.php(30): Illuminate\\Pipeline\\Pipeline->Illuminate\\Pipeline\\{closure}()
#24 /home3/motobeatceyloanp/public_html/vendor/laravel/framework/src/Illuminate/Pipeline/Pipeline.php(183): App\\Http\\Middleware\\TenantScope->handle()
#25 /home3/motobeatceyloanp/public_html/vendor/laravel/framework/src/Illuminate/Routing/Middleware/SubstituteBindings.php(50): Illuminate\\Pipeline\\Pipeline->Illuminate\\Pipeline\\{closure}()
#26 /home3/motobeatceyloanp/public_html/vendor/laravel/framework/src/Illuminate/Pipeline/Pipeline.php(183): Illuminate\\Routing\\Middleware\\SubstituteBindings->handle()
#27 /home3/motobeatceyloanp/public_html/vendor/laravel/framework/src/Illuminate/Auth/Middleware/Authenticate.php(57): Illuminate\\Pipeline\\Pipeline->Illuminate\\Pipeline\\{closure}()
#28 /home3/motobeatceyloanp/public_html/vendor/laravel/framework/src/Illuminate/Pipeline/Pipeline.php(183): Illuminate\\Auth\\Middleware\\Authenticate->handle()
#29 /home3/motobeatceyloanp/public_html/vendor/laravel/framework/src/Illuminate/Foundation/Http/Middleware/VerifyCsrfToken.php(78): Illuminate\\Pipeline\\Pipeline->Illuminate\\Pipeline\\{closure}()
#30 /home3/motobeatceyloanp/public_html/vendor/laravel/framework/src/Illuminate/Pipeline/Pipeline.php(183): Illuminate\\Foundation\\Http\\Middleware\\VerifyCsrfToken->handle()
#31 /home3/motobeatceyloanp/public_html/vendor/laravel/framework/src/Illuminate/View/Middleware/ShareErrorsFromSession.php(49): Illuminate\\Pipeline\\Pipeline->Illuminate\\Pipeline\\{closure}()
#32 /home3/motobeatceyloanp/public_html/vendor/laravel/framework/src/Illuminate/Pipeline/Pipeline.php(183): Illuminate\\View\\Middleware\\ShareErrorsFromSession->handle()
#33 /home3/motobeatceyloanp/public_html/vendor/laravel/framework/src/Illuminate/Session/Middleware/StartSession.php(121): Illuminate\\Pipeline\\Pipeline->Illuminate\\Pipeline\\{closure}()
#34 /home3/motobeatceyloanp/public_html/vendor/laravel/framework/src/Illuminate/Session/Middleware/StartSession.php(64): Illuminate\\Session\\Middleware\\StartSession->handleStatefulRequest()
#35 /home3/motobeatceyloanp/public_html/vendor/laravel/framework/src/Illuminate/Pipeline/Pipeline.php(183): Illuminate\\Session\\Middleware\\StartSession->handle()
#36 /home3/motobeatceyloanp/public_html/vendor/laravel/framework/src/Illuminate/Cookie/Middleware/AddQueuedCookiesToResponse.php(37): Illuminate\\Pipeline\\Pipeline->Illuminate\\Pipeline\\{closure}()
#37 /home3/motobeatceyloanp/public_html/vendor/laravel/framework/src/Illuminate/Pipeline/Pipeline.php(183): Illuminate\\Cookie\\Middleware\\AddQueuedCookiesToResponse->handle()
#38 /home3/motobeatceyloanp/public_html/vendor/laravel/framework/src/Illuminate/Cookie/Middleware/EncryptCookies.php(67): Illuminate\\Pipeline\\Pipeline->Illuminate\\Pipeline\\{closure}()
#39 /home3/motobeatceyloanp/public_html/vendor/laravel/framework/src/Illuminate/Pipeline/Pipeline.php(183): Illuminate\\Cookie\\Middleware\\EncryptCookies->handle()
#40 /home3/motobeatceyloanp/public_html/vendor/laravel/framework/src/Illuminate/Pipeline/Pipeline.php(119): Illuminate\\Pipeline\\Pipeline->Illuminate\\Pipeline\\{closure}()
#41 /home3/motobeatceyloanp/public_html/vendor/laravel/framework/src/Illuminate/Routing/Router.php(805): Illuminate\\Pipeline\\Pipeline->then()
#42 /home3/motobeatceyloanp/public_html/vendor/laravel/framework/src/Illuminate/Routing/Router.php(784): Illuminate\\Routing\\Router->runRouteWithinStack()
#43 /home3/motobeatceyloanp/public_html/vendor/laravel/framework/src/Illuminate/Routing/Router.php(748): Illuminate\\Routing\\Router->runRoute()
#44 /home3/motobeatceyloanp/public_html/vendor/laravel/framework/src/Illuminate/Routing/Router.php(737): Illuminate\\Routing\\Router->dispatchToRoute()
#45 /home3/motobeatceyloanp/public_html/vendor/laravel/framework/src/Illuminate/Foundation/Http/Kernel.php(200): Illuminate\\Routing\\Router->dispatch()
#46 /home3/motobeatceyloanp/public_html/vendor/laravel/framework/src/Illuminate/Pipeline/Pipeline.php(144): Illuminate\\Foundation\\Http\\Kernel->Illuminate\\Foundation\\Http\\{closure}()
#47 /home3/motobeatceyloanp/public_html/vendor/laravel/framework/src/Illuminate/Foundation/Http/Middleware/TransformsRequest.php(21): Illuminate\\Pipeline\\Pipeline->Illuminate\\Pipeline\\{closure}()
#48 /home3/motobeatceyloanp/public_html/vendor/laravel/framework/src/Illuminate/Foundation/Http/Middleware/ConvertEmptyStringsToNull.php(31): Illuminate\\Foundation\\Http\\Middleware\\TransformsRequest->handle()
#49 /home3/motobeatceyloanp/public_html/vendor/laravel/framework/src/Illuminate/Pipeline/Pipeline.php(183): Illuminate\\Foundation\\Http\\Middleware\\ConvertEmptyStringsToNull->handle()
#50 /home3/motobeatceyloanp/public_html/vendor/laravel/framework/src/Illuminate/Foundation/Http/Middleware/ValidatePostSize.php(27): Illuminate\\Pipeline\\Pipeline->Illuminate\\Pipeline\\{closure}()
#51 /home3/motobeatceyloanp/public_html/vendor/laravel/framework/src/Illuminate/Pipeline/Pipeline.php(183): Illuminate\\Foundation\\Http\\Middleware\\ValidatePostSize->handle()
#52 /home3/motobeatceyloanp/public_html/vendor/laravel/framework/src/Illuminate/Http/Middleware/HandleCors.php(49): Illuminate\\Pipeline\\Pipeline->Illuminate\\Pipeline\\{closure}()
#53 /home3/motobeatceyloanp/public_html/vendor/laravel/framework/src/Illuminate/Pipeline/Pipeline.php(183): Illuminate\\Http\\Middleware\\HandleCors->handle()
#54 /home3/motobeatceyloanp/public_html/vendor/laravel/framework/src/Illuminate/Pipeline/Pipeline.php(119): Illuminate\\Pipeline\\Pipeline->Illuminate\\Pipeline\\{closure}()
#55 /home3/motobeatceyloanp/public_html/vendor/laravel/framework/src/Illuminate/Foundation/Http/Kernel.php(175): Illuminate\\Pipeline\\Pipeline->then()
#56 /home3/motobeatceyloanp/public_html/vendor/laravel/framework/src/Illuminate/Foundation/Http/Kernel.php(144): Illuminate\\Foundation\\Http\\Kernel->sendRequestThroughRouter()
#57 /home3/motobeatceyloanp/public_html/public/index.php(36): Illuminate\\Foundation\\Http\\Kernel->handle()
#58 {main}

[previous exception] [object] (PDOException(code: 23000): SQLSTATE[23000]: Integrity constraint violation: 1048 Column 'loyalty_tier' cannot be null at /home3/motobeatceyloanp/public_html/vendor/laravel/framework/src/Illuminate/Database/MySqlConnection.php:45)
[stacktrace]
#0 /home3/motobeatceyloanp/public_html/vendor/laravel/framework/src/Illuminate/Database/MySqlConnection.php(45): PDOStatement->execute()
#1 /home3/motobeatceyloanp/public_html/vendor/laravel/framework/src/Illuminate/Database/Connection.php(816): Illuminate\\Database\\MySqlConnection->Illuminate\\Database\\{closure}()
#2 /home3/motobeatceyloanp/public_html/vendor/laravel/framework/src/Illuminate/Database/Connection.php(783): Illuminate\\Database\\Connection->runQueryCallback()
#3 /home3/motobeatceyloanp/public_html/vendor/laravel/framework/src/Illuminate/Database/MySqlConnection.php(34): Illuminate\\Database\\Connection->run()
#4 /home3/motobeatceyloanp/public_html/vendor/laravel/framework/src/Illuminate/Database/Query/Processors/MySqlProcessor.php(35): Illuminate\\Database\\MySqlConnection->insert()
#5 /home3/motobeatceyloanp/public_html/vendor/laravel/framework/src/Illuminate/Database/Query/Builder.php(3549): Illuminate\\Database\\Query\\Processors\\MySqlProcessor->processInsertGetId()
#6 /home3/motobeatceyloanp/public_html/vendor/laravel/framework/src/Illuminate/Database/Eloquent/Builder.php(1982): Illuminate\\Database\\Query\\Builder->insertGetId()
#7 /home3/motobeatceyloanp/public_html/vendor/laravel/framework/src/Illuminate/Database/Eloquent/Model.php(1334): Illuminate\\Database\\Eloquent\\Builder->__call()
#8 /home3/motobeatceyloanp/public_html/vendor/laravel/framework/src/Illuminate/Database/Eloquent/Model.php(1299): Illuminate\\Database\\Eloquent\\Model->insertAndSetId()
#9 /home3/motobeatceyloanp/public_html/vendor/laravel/framework/src/Illuminate/Database/Eloquent/Model.php(1138): Illuminate\\Database\\Eloquent\\Model->performInsert()
#10 /home3/motobeatceyloanp/public_html/vendor/laravel/framework/src/Illuminate/Database/Eloquent/Builder.php(1025): Illuminate\\Database\\Eloquent\\Model->save()
#11 /home3/motobeatceyloanp/public_html/vendor/laravel/framework/src/Illuminate/Support/helpers.php(320): Illuminate\\Database\\Eloquent\\Builder->Illuminate\\Database\\Eloquent\\{closure}()
#12 /home3/motobeatceyloanp/public_html/vendor/laravel/framework/src/Illuminate/Database/Eloquent/Builder.php(1024): tap()
#13 /home3/motobeatceyloanp/public_html/vendor/laravel/framework/src/Illuminate/Support/Traits/ForwardsCalls.php(23): Illuminate\\Database\\Eloquent\\Builder->create()
#14 /home3/motobeatceyloanp/public_html/vendor/laravel/framework/src/Illuminate/Database/Eloquent/Model.php(2335): Illuminate\\Database\\Eloquent\\Model->forwardCallTo()
#15 /home3/motobeatceyloanp/public_html/vendor/laravel/framework/src/Illuminate/Database/Eloquent/Model.php(2347): Illuminate\\Database\\Eloquent\\Model->__call()
#16 /home3/motobeatceyloanp/public_html/app/Http/Controllers/CustomerController.php(33): Illuminate\\Database\\Eloquent\\Model::__callStatic()
#17 /home3/motobeatceyloanp/public_html/vendor/laravel/framework/src/Illuminate/Routing/Controller.php(54): App\\Http\\Controllers\\CustomerController->store()
#18 /home3/motobeatceyloanp/public_html/vendor/laravel/framework/src/Illuminate/Routing/ControllerDispatcher.php(43): Illuminate\\Routing\\Controller->callAction()
#19 /home3/motobeatceyloanp/public_html/vendor/laravel/framework/src/Illuminate/Routing/Route.php(259): Illuminate\\Routing\\ControllerDispatcher->dispatch()
#20 /home3/motobeatceyloanp/public_html/vendor/laravel/framework/src/Illuminate/Routing/Route.php(205): Illuminate\\Routing\\Route->runController()
#21 /home3/motobeatceyloanp/public_html/vendor/laravel/framework/src/Illuminate/Routing/Router.php(806): Illuminate\\Routing\\Route->run()
#22 /home3/motobeatceyloanp/public_html/vendor/laravel/framework/src/Illuminate/Pipeline/Pipeline.php(144): Illuminate\\Routing\\Router->Illuminate\\Routing\\{closure}()
#23 /home3/motobeatceyloanp/public_html/app/Http/Middleware/CheckTenantLock.php(20): Illuminate\\Pipeline\\Pipeline->Illuminate\\Pipeline\\{closure}()
#24 /home3/motobeatceyloanp/public_html/vendor/laravel/framework/src/Illuminate/Pipeline/Pipeline.php(183): App\\Http\\Middleware\\CheckTenantLock->handle()
#25 /home3/motobeatceyloanp/public_html/app/Http/Middleware/TenantScope.php(30): Illuminate\\Pipeline\\Pipeline->Illuminate\\Pipeline\\{closure}()
#26 /home3/motobeatceyloanp/public_html/vendor/laravel/framework/src/Illuminate/Pipeline/Pipeline.php(183): App\\Http\\Middleware\\TenantScope->handle()
#27 /home3/motobeatceyloanp/public_html/vendor/laravel/framework/src/Illuminate/Routing/Middleware/SubstituteBindings.php(50): Illuminate\\Pipeline\\Pipeline->Illuminate\\Pipeline\\{closure}()
#28 /home3/motobeatceyloanp/public_html/vendor/laravel/framework/src/Illuminate/Pipeline/Pipeline.php(183): Illuminate\\Routing\\Middleware\\SubstituteBindings->handle()
#29 /home3/motobeatceyloanp/public_html/vendor/laravel/framework/src/Illuminate/Auth/Middleware/Authenticate.php(57): Illuminate\\Pipeline\\Pipeline->Illuminate\\Pipeline\\{closure}()
#30 /home3/motobeatceyloanp/public_html/vendor/laravel/framework/src/Illuminate/Pipeline/Pipeline.php(183): Illuminate\\Auth\\Middleware\\Authenticate->handle()
#31 /home3/motobeatceyloanp/public_html/vendor/laravel/framework/src/Illuminate/Foundation/Http/Middleware/VerifyCsrfToken.php(78): Illuminate\\Pipeline\\Pipeline->Illuminate\\Pipeline\\{closure}()
#32 /home3/motobeatceyloanp/public_html/vendor/laravel/framework/src/Illuminate/Pipeline/Pipeline.php(183): Illuminate\\Foundation\\Http\\Middleware\\VerifyCsrfToken->handle()
#33 /home3/motobeatceyloanp/public_html/vendor/laravel/framework/src/Illuminate/View/Middleware/ShareErrorsFromSession.php(49): Illuminate\\Pipeline\\Pipeline->Illuminate\\Pipeline\\{closure}()
#34 /home3/motobeatceyloanp/public_html/vendor/laravel/framework/src/Illuminate/Pipeline/Pipeline.php(183): Illuminate\\View\\Middleware\\ShareErrorsFromSession->handle()
#35 /home3/motobeatceyloanp/public_html/vendor/laravel/framework/src/Illuminate/Session/Middleware/StartSession.php(121): Illuminate\\Pipeline\\Pipeline->Illuminate\\Pipeline\\{closure}()
#36 /home3/motobeatceyloanp/public_html/vendor/laravel/framework/src/Illuminate/Session/Middleware/StartSession.php(64): Illuminate\\Session\\Middleware\\StartSession->handleStatefulRequest()
#37 /home3/motobeatceyloanp/public_html/vendor/laravel/framework/src/Illuminate/Pipeline/Pipeline.php(183): Illuminate\\Session\\Middleware\\StartSession->handle()
#38 /home3/motobeatceyloanp/public_html/vendor/laravel/framework/src/Illuminate/Cookie/Middleware/AddQueuedCookiesToResponse.php(37): Illuminate\\Pipeline\\Pipeline->Illuminate\\Pipeline\\{closure}()
#39 /home3/motobeatceyloanp/public_html/vendor/laravel/framework/src/Illuminate/Pipeline/Pipeline.php(183): Illuminate\\Cookie\\Middleware\\AddQueuedCookiesToResponse->handle()
#40 /home3/motobeatceyloanp/public_html/vendor/laravel/framework/src/Illuminate/Cookie/Middleware/EncryptCookies.php(67): Illuminate\\Pipeline\\Pipeline->Illuminate\\Pipeline\\{closure}()
#41 /home3/motobeatceyloanp/public_html/vendor/laravel/framework/src/Illuminate/Pipeline/Pipeline.php(183): Illuminate\\Cookie\\Middleware\\EncryptCookies->handle()
#42 /home3/motobeatceyloanp/public_html/vendor/laravel/framework/src/Illuminate/Pipeline/Pipeline.php(119): Illuminate\\Pipeline\\Pipeline->Illuminate\\Pipeline\\{closure}()
#43 /home3/motobeatceyloanp/public_html/vendor/laravel/framework/src/Illuminate/Routing/Router.php(805): Illuminate\\Pipeline\\Pipeline->then()
#44 /home3/motobeatceyloanp/public_html/vendor/laravel/framework/src/Illuminate/Routing/Router.php(784): Illuminate\\Routing\\Router->runRouteWithinStack()
#45 /home3/motobeatceyloanp/public_html/vendor/laravel/framework/src/Illuminate/Routing/Router.php(748): Illuminate\\Routing\\Router->runRoute()
#46 /home3/motobeatceyloanp/public_html/vendor/laravel/framework/src/Illuminate/Routing/Router.php(737): Illuminate\\Routing\\Router->dispatchToRoute()
#47 /home3/motobeatceyloanp/public_html/vendor/laravel/framework/src/Illuminate/Foundation/Http/Kernel.php(200): Illuminate\\Routing\\Router->dispatch()
#48 /home3/motobeatceyloanp/public_html/vendor/laravel/framework/src/Illuminate/Pipeline/Pipeline.php(144): Illuminate\\Foundation\\Http\\Kernel->Illuminate\\Foundation\\Http\\{closure}()
#49 /home3/motobeatceyloanp/public_html/vendor/laravel/framework/src/Illuminate/Foundation/Http/Middleware/TransformsRequest.php(21): Illuminate\\Pipeline\\Pipeline->Illuminate\\Pipeline\\{closure}()
#50 /home3/motobeatceyloanp/public_html/vendor/laravel/framework/src/Illuminate/Foundation/Http/Middleware/ConvertEmptyStringsToNull.php(31): Illuminate\\Foundation\\Http\\Middleware\\TransformsRequest->handle()
#51 /home3/motobeatceyloanp/public_html/vendor/laravel/framework/src/Illuminate/Pipeline/Pipeline.php(183): Illuminate\\Foundation\\Http\\Middleware\\ConvertEmptyStringsToNull->handle()
#52 /home3/motobeatceyloanp/public_html/vendor/laravel/framework/src/Illuminate/Foundation/Http/Middleware/ValidatePostSize.php(27): Illuminate\\Pipeline\\Pipeline->Illuminate\\Pipeline\\{closure}()
#53 /home3/motobeatceyloanp/public_html/vendor/laravel/framework/src/Illuminate/Pipeline/Pipeline.php(183): Illuminate\\Foundation\\Http\\Middleware\\ValidatePostSize->handle()
#54 /home3/motobeatceyloanp/public_html/vendor/laravel/framework/src/Illuminate/Http/Middleware/HandleCors.php(49): Illuminate\\Pipeline\\Pipeline->Illuminate\\Pipeline\\{closure}()
#55 /home3/motobeatceyloanp/public_html/vendor/laravel/framework/src/Illuminate/Pipeline/Pipeline.php(183): Illuminate\\Http\\Middleware\\HandleCors->handle()
#56 /home3/motobeatceyloanp/public_html/vendor/laravel/framework/src/Illuminate/Pipeline/Pipeline.php(119): Illuminate\\Pipeline\\Pipeline->Illuminate\\Pipeline\\{closure}()
#57 /home3/motobeatceyloanp/public_html/vendor/laravel/framework/src/Illuminate/Foundation/Http/Kernel.php(175): Illuminate\\Pipeline\\Pipeline->then()
#58 /home3/motobeatceyloanp/public_html/vendor/laravel/framework/src/Illuminate/Foundation/Http/Kernel.php(144): Illuminate\\Foundation\\Http\\Kernel->sendRequestThroughRouter()
#59 /home3/motobeatceyloanp/public_html/public/index.php(36): Illuminate\\Foundation\\Http\\Kernel->handle()
#60 {main}
"} 
[2026-04-05 14:23:09] production.ERROR: SQLSTATE[23000]: Integrity constraint violation: 1048 Column 'loyalty_tier' cannot be null (Connection: mysql, SQL: insert into `customers` (`name`, `customer_group_id`, `phone`, `email`, `nic`, `date_of_birth`, `address`, `city`, `notes`, `credit_limit`, `current_balance`, `loyalty_points`, `loyalty_tier`, `is_active`, `store_id`, `updated_at`, `created_at`) values (Yasith Kalpana, 1, 0784665557, kalpanaj@gmail.com, 199012312345, 1990-02-06 00:00:00, no , 12 , homagama, Anuradhaura, ?, 0, 0, 0, ?, 1, 1, 2026-04-05 14:23:09, 2026-04-05 14:23:09)) {"userId":1,"exception":"[object] (Illuminate\\Database\\QueryException(code: 23000): SQLSTATE[23000]: Integrity constraint violation: 1048 Column 'loyalty_tier' cannot be null (Connection: mysql, SQL: insert into `customers` (`name`, `customer_group_id`, `phone`, `email`, `nic`, `date_of_birth`, `address`, `city`, `notes`, `credit_limit`, `current_balance`, `loyalty_points`, `loyalty_tier`, `is_active`, `store_id`, `updated_at`, `created_at`) values (Yasith Kalpana, 1, 0784665557, kalpanaj@gmail.com, 199012312345, 1990-02-06 00:00:00, no , 12 , homagama, Anuradhaura, ?, 0, 0, 0, ?, 1, 1, 2026-04-05 14:23:09, 2026-04-05 14:23:09)) at /home3/motobeatceyloanp/public_html/vendor/laravel/framework/src/Illuminate/Database/Connection.php:829)
[stacktrace]
#0 /home3/motobeatceyloanp/public_html/vendor/laravel/framework/src/Illuminate/Database/Connection.php(783): Illuminate\\Database\\Connection->runQueryCallback()
#1 /home3/motobeatceyloanp/public_html/vendor/laravel/framework/src/Illuminate/Database/MySqlConnection.php(34): Illuminate\\Database\\Connection->run()
#2 /home3/motobeatceyloanp/public_html/vendor/laravel/framework/src/Illuminate/Database/Query/Processors/MySqlProcessor.php(35): Illuminate\\Database\\MySqlConnection->insert()
#3 /home3/motobeatceyloanp/public_html/vendor/laravel/framework/src/Illuminate/Database/Query/Builder.php(3549): Illuminate\\Database\\Query\\Processors\\MySqlProcessor->processInsertGetId()
#4 /home3/motobeatceyloanp/public_html/vendor/laravel/framework/src/Illuminate/Database/Eloquent/Builder.php(1982): Illuminate\\Database\\Query\\Builder->insertGetId()
#5 /home3/motobeatceyloanp/public_html/vendor/laravel/framework/src/Illuminate/Database/Eloquent/Model.php(1334): Illuminate\\Database\\Eloquent\\Builder->__call()
#6 /home3/motobeatceyloanp/public_html/vendor/laravel/framework/src/Illuminate/Database/Eloquent/Model.php(1299): Illuminate\\Database\\Eloquent\\Model->insertAndSetId()
#7 /home3/motobeatceyloanp/public_html/vendor/laravel/framework/src/Illuminate/Database/Eloquent/Model.php(1138): Illuminate\\Database\\Eloquent\\Model->performInsert()
#8 /home3/motobeatceyloanp/public_html/vendor/laravel/framework/src/Illuminate/Database/Eloquent/Builder.php(1025): Illuminate\\Database\\Eloquent\\Model->save()
#9 /home3/motobeatceyloanp/public_html/vendor/laravel/framework/src/Illuminate/Support/helpers.php(320): Illuminate\\Database\\Eloquent\\Builder->Illuminate\\Database\\Eloquent\\{closure}()
#10 /home3/motobeatceyloanp/public_html/vendor/laravel/framework/src/Illuminate/Database/Eloquent/Builder.php(1024): tap()
#11 /home3/motobeatceyloanp/public_html/vendor/laravel/framework/src/Illuminate/Support/Traits/ForwardsCalls.php(23): Illuminate\\Database\\Eloquent\\Builder->create()
#12 /home3/motobeatceyloanp/public_html/vendor/laravel/framework/src/Illuminate/Database/Eloquent/Model.php(2335): Illuminate\\Database\\Eloquent\\Model->forwardCallTo()
#13 /home3/motobeatceyloanp/public_html/vendor/laravel/framework/src/Illuminate/Database/Eloquent/Model.php(2347): Illuminate\\Database\\Eloquent\\Model->__call()
#14 /home3/motobeatceyloanp/public_html/app/Http/Controllers/CustomerController.php(33): Illuminate\\Database\\Eloquent\\Model::__callStatic()
#15 /home3/motobeatceyloanp/public_html/vendor/laravel/framework/src/Illuminate/Routing/Controller.php(54): App\\Http\\Controllers\\CustomerController->store()
#16 /home3/motobeatceyloanp/public_html/vendor/laravel/framework/src/Illuminate/Routing/ControllerDispatcher.php(43): Illuminate\\Routing\\Controller->callAction()
#17 /home3/motobeatceyloanp/public_html/vendor/laravel/framework/src/Illuminate/Routing/Route.php(259): Illuminate\\Routing\\ControllerDispatcher->dispatch()
#18 /home3/motobeatceyloanp/public_html/vendor/laravel/framework/src/Illuminate/Routing/Route.php(205): Illuminate\\Routing\\Route->runController()
#19 /home3/motobeatceyloanp/public_html/vendor/laravel/framework/src/Illuminate/Routing/Router.php(806): Illuminate\\Routing\\Route->run()
#20 /home3/motobeatceyloanp/public_html/vendor/laravel/framework/src/Illuminate/Pipeline/Pipeline.php(144): Illuminate\\Routing\\Router->Illuminate\\Routing\\{closure}()
#21 /home3/motobeatceyloanp/public_html/app/Http/Middleware/CheckTenantLock.php(20): Illuminate\\Pipeline\\Pipeline->Illuminate\\Pipeline\\{closure}()
#22 /home3/motobeatceyloanp/public_html/vendor/laravel/framework/src/Illuminate/Pipeline/Pipeline.php(183): App\\Http\\Middleware\\CheckTenantLock->handle()
#23 /home3/motobeatceyloanp/public_html/app/Http/Middleware/TenantScope.php(30): Illuminate\\Pipeline\\Pipeline->Illuminate\\Pipeline\\{closure}()
#24 /home3/motobeatceyloanp/public_html/vendor/laravel/framework/src/Illuminate/Pipeline/Pipeline.php(183): App\\Http\\Middleware\\TenantScope->handle()
#25 /home3/motobeatceyloanp/public_html/vendor/laravel/framework/src/Illuminate/Routing/Middleware/SubstituteBindings.php(50): Illuminate\\Pipeline\\Pipeline->Illuminate\\Pipeline\\{closure}()
#26 /home3/motobeatceyloanp/public_html/vendor/laravel/framework/src/Illuminate/Pipeline/Pipeline.php(183): Illuminate\\Routing\\Middleware\\SubstituteBindings->handle()
#27 /home3/motobeatceyloanp/public_html/vendor/laravel/framework/src/Illuminate/Auth/Middleware/Authenticate.php(57): Illuminate\\Pipeline\\Pipeline->Illuminate\\Pipeline\\{closure}()
#28 /home3/motobeatceyloanp/public_html/vendor/laravel/framework/src/Illuminate/Pipeline/Pipeline.php(183): Illuminate\\Auth\\Middleware\\Authenticate->handle()
#29 /home3/motobeatceyloanp/public_html/vendor/laravel/framework/src/Illuminate/Foundation/Http/Middleware/VerifyCsrfToken.php(78): Illuminate\\Pipeline\\Pipeline->Illuminate\\Pipeline\\{closure}()
#30 /home3/motobeatceyloanp/public_html/vendor/laravel/framework/src/Illuminate/Pipeline/Pipeline.php(183): Illuminate\\Foundation\\Http\\Middleware\\VerifyCsrfToken->handle()
#31 /home3/motobeatceyloanp/public_html/vendor/laravel/framework/src/Illuminate/View/Middleware/ShareErrorsFromSession.php(49): Illuminate\\Pipeline\\Pipeline->Illuminate\\Pipeline\\{closure}()
#32 /home3/motobeatceyloanp/public_html/vendor/laravel/framework/src/Illuminate/Pipeline/Pipeline.php(183): Illuminate\\View\\Middleware\\ShareErrorsFromSession->handle()
#33 /home3/motobeatceyloanp/public_html/vendor/laravel/framework/src/Illuminate/Session/Middleware/StartSession.php(121): Illuminate\\Pipeline\\Pipeline->Illuminate\\Pipeline\\{closure}()
#34 /home3/motobeatceyloanp/public_html/vendor/laravel/framework/src/Illuminate/Session/Middleware/StartSession.php(64): Illuminate\\Session\\Middleware\\StartSession->handleStatefulRequest()
#35 /home3/motobeatceyloanp/public_html/vendor/laravel/framework/src/Illuminate/Pipeline/Pipeline.php(183): Illuminate\\Session\\Middleware\\StartSession->handle()
#36 /home3/motobeatceyloanp/public_html/vendor/laravel/framework/src/Illuminate/Cookie/Middleware/AddQueuedCookiesToResponse.php(37): Illuminate\\Pipeline\\Pipeline->Illuminate\\Pipeline\\{closure}()
#37 /home3/motobeatceyloanp/public_html/vendor/laravel/framework/src/Illuminate/Pipeline/Pipeline.php(183): Illuminate\\Cookie\\Middleware\\AddQueuedCookiesToResponse->handle()
#38 /home3/motobeatceyloanp/public_html/vendor/laravel/framework/src/Illuminate/Cookie/Middleware/EncryptCookies.php(67): Illuminate\\Pipeline\\Pipeline->Illuminate\\Pipeline\\{closure}()
#39 /home3/motobeatceyloanp/public_html/vendor/laravel/framework/src/Illuminate/Pipeline/Pipeline.php(183): Illuminate\\Cookie\\Middleware\\EncryptCookies->handle()
#40 /home3/motobeatceyloanp/public_html/vendor/laravel/framework/src/Illuminate/Pipeline/Pipeline.php(119): Illuminate\\Pipeline\\Pipeline->Illuminate\\Pipeline\\{closure}()
#41 /home3/motobeatceyloanp/public_html/vendor/laravel/framework/src/Illuminate/Routing/Router.php(805): Illuminate\\Pipeline\\Pipeline->then()
#42 /home3/motobeatceyloanp/public_html/vendor/laravel/framework/src/Illuminate/Routing/Router.php(784): Illuminate\\Routing\\Router->runRouteWithinStack()
#43 /home3/motobeatceyloanp/public_html/vendor/laravel/framework/src/Illuminate/Routing/Router.php(748): Illuminate\\Routing\\Router->runRoute()
#44 /home3/motobeatceyloanp/public_html/vendor/laravel/framework/src/Illuminate/Routing/Router.php(737): Illuminate\\Routing\\Router->dispatchToRoute()
#45 /home3/motobeatceyloanp/public_html/vendor/laravel/framework/src/Illuminate/Foundation/Http/Kernel.php(200): Illuminate\\Routing\\Router->dispatch()
#46 /home3/motobeatceyloanp/public_html/vendor/laravel/framework/src/Illuminate/Pipeline/Pipeline.php(144): Illuminate\\Foundation\\Http\\Kernel->Illuminate\\Foundation\\Http\\{closure}()
#47 /home3/motobeatceyloanp/public_html/vendor/laravel/framework/src/Illuminate/Foundation/Http/Middleware/TransformsRequest.php(21): Illuminate\\Pipeline\\Pipeline->Illuminate\\Pipeline\\{closure}()
#48 /home3/motobeatceyloanp/public_html/vendor/laravel/framework/src/Illuminate/Foundation/Http/Middleware/ConvertEmptyStringsToNull.php(31): Illuminate\\Foundation\\Http\\Middleware\\TransformsRequest->handle()
#49 /home3/motobeatceyloanp/public_html/vendor/laravel/framework/src/Illuminate/Pipeline/Pipeline.php(183): Illuminate\\Foundation\\Http\\Middleware\\ConvertEmptyStringsToNull->handle()
#50 /home3/motobeatceyloanp/public_html/vendor/laravel/framework/src/Illuminate/Foundation/Http/Middleware/ValidatePostSize.php(27): Illuminate\\Pipeline\\Pipeline->Illuminate\\Pipeline\\{closure}()
#51 /home3/motobeatceyloanp/public_html/vendor/laravel/framework/src/Illuminate/Pipeline/Pipeline.php(183): Illuminate\\Foundation\\Http\\Middleware\\ValidatePostSize->handle()
#52 /home3/motobeatceyloanp/public_html/vendor/laravel/framework/src/Illuminate/Http/Middleware/HandleCors.php(49): Illuminate\\Pipeline\\Pipeline->Illuminate\\Pipeline\\{closure}()
#53 /home3/motobeatceyloanp/public_html/vendor/laravel/framework/src/Illuminate/Pipeline/Pipeline.php(183): Illuminate\\Http\\Middleware\\HandleCors->handle()
#54 /home3/motobeatceyloanp/public_html/vendor/laravel/framework/src/Illuminate/Pipeline/Pipeline.php(119): Illuminate\\Pipeline\\Pipeline->Illuminate\\Pipeline\\{closure}()
#55 /home3/motobeatceyloanp/public_html/vendor/laravel/framework/src/Illuminate/Foundation/Http/Kernel.php(175): Illuminate\\Pipeline\\Pipeline->then()
#56 /home3/motobeatceyloanp/public_html/vendor/laravel/framework/src/Illuminate/Foundation/Http/Kernel.php(144): Illuminate\\Foundation\\Http\\Kernel->sendRequestThroughRouter()
#57 /home3/motobeatceyloanp/public_html/public/index.php(36): Illuminate\\Foundation\\Http\\Kernel->handle()
#58 {main}

[previous exception] [object] (PDOException(code: 23000): SQLSTATE[23000]: Integrity constraint violation: 1048 Column 'loyalty_tier' cannot be null at /home3/motobeatceyloanp/public_html/vendor/laravel/framework/src/Illuminate/Database/MySqlConnection.php:45)
[stacktrace]
#0 /home3/motobeatceyloanp/public_html/vendor/laravel/framework/src/Illuminate/Database/MySqlConnection.php(45): PDOStatement->execute()
#1 /home3/motobeatceyloanp/public_html/vendor/laravel/framework/src/Illuminate/Database/Connection.php(816): Illuminate\\Database\\MySqlConnection->Illuminate\\Database\\{closure}()
#2 /home3/motobeatceyloanp/public_html/vendor/laravel/framework/src/Illuminate/Database/Connection.php(783): Illuminate\\Database\\Connection->runQueryCallback()
#3 /home3/motobeatceyloanp/public_html/vendor/laravel/framework/src/Illuminate/Database/MySqlConnection.php(34): Illuminate\\Database\\Connection->run()
#4 /home3/motobeatceyloanp/public_html/vendor/laravel/framework/src/Illuminate/Database/Query/Processors/MySqlProcessor.php(35): Illuminate\\Database\\MySqlConnection->insert()
#5 /home3/motobeatceyloanp/public_html/vendor/laravel/framework/src/Illuminate/Database/Query/Builder.php(3549): Illuminate\\Database\\Query\\Processors\\MySqlProcessor->processInsertGetId()
#6 /home3/motobeatceyloanp/public_html/vendor/laravel/framework/src/Illuminate/Database/Eloquent/Builder.php(1982): Illuminate\\Database\\Query\\Builder->insertGetId()
#7 /home3/motobeatceyloanp/public_html/vendor/laravel/framework/src/Illuminate/Database/Eloquent/Model.php(1334): Illuminate\\Database\\Eloquent\\Builder->__call()
#8 /home3/motobeatceyloanp/public_html/vendor/laravel/framework/src/Illuminate/Database/Eloquent/Model.php(1299): Illuminate\\Database\\Eloquent\\Model->insertAndSetId()
#9 /home3/motobeatceyloanp/public_html/vendor/laravel/framework/src/Illuminate/Database/Eloquent/Model.php(1138): Illuminate\\Database\\Eloquent\\Model->performInsert()
#10 /home3/motobeatceyloanp/public_html/vendor/laravel/framework/src/Illuminate/Database/Eloquent/Builder.php(1025): Illuminate\\Database\\Eloquent\\Model->save()
#11 /home3/motobeatceyloanp/public_html/vendor/laravel/framework/src/Illuminate/Support/helpers.php(320): Illuminate\\Database\\Eloquent\\Builder->Illuminate\\Database\\Eloquent\\{closure}()
#12 /home3/motobeatceyloanp/public_html/vendor/laravel/framework/src/Illuminate/Database/Eloquent/Builder.php(1024): tap()
#13 /home3/motobeatceyloanp/public_html/vendor/laravel/framework/src/Illuminate/Support/Traits/ForwardsCalls.php(23): Illuminate\\Database\\Eloquent\\Builder->create()
#14 /home3/motobeatceyloanp/public_html/vendor/laravel/framework/src/Illuminate/Database/Eloquent/Model.php(2335): Illuminate\\Database\\Eloquent\\Model->forwardCallTo()
#15 /home3/motobeatceyloanp/public_html/vendor/laravel/framework/src/Illuminate/Database/Eloquent/Model.php(2347): Illuminate\\Database\\Eloquent\\Model->__call()
#16 /home3/motobeatceyloanp/public_html/app/Http/Controllers/CustomerController.php(33): Illuminate\\Database\\Eloquent\\Model::__callStatic()
#17 /home3/motobeatceyloanp/public_html/vendor/laravel/framework/src/Illuminate/Routing/Controller.php(54): App\\Http\\Controllers\\CustomerController->store()
#18 /home3/motobeatceyloanp/public_html/vendor/laravel/framework/src/Illuminate/Routing/ControllerDispatcher.php(43): Illuminate\\Routing\\Controller->callAction()
#19 /home3/motobeatceyloanp/public_html/vendor/laravel/framework/src/Illuminate/Routing/Route.php(259): Illuminate\\Routing\\ControllerDispatcher->dispatch()
#20 /home3/motobeatceyloanp/public_html/vendor/laravel/framework/src/Illuminate/Routing/Route.php(205): Illuminate\\Routing\\Route->runController()
#21 /home3/motobeatceyloanp/public_html/vendor/laravel/framework/src/Illuminate/Routing/Router.php(806): Illuminate\\Routing\\Route->run()
#22 /home3/motobeatceyloanp/public_html/vendor/laravel/framework/src/Illuminate/Pipeline/Pipeline.php(144): Illuminate\\Routing\\Router->Illuminate\\Routing\\{closure}()
#23 /home3/motobeatceyloanp/public_html/app/Http/Middleware/CheckTenantLock.php(20): Illuminate\\Pipeline\\Pipeline->Illuminate\\Pipeline\\{closure}()
#24 /home3/motobeatceyloanp/public_html/vendor/laravel/framework/src/Illuminate/Pipeline/Pipeline.php(183): App\\Http\\Middleware\\CheckTenantLock->handle()
#25 /home3/motobeatceyloanp/public_html/app/Http/Middleware/TenantScope.php(30): Illuminate\\Pipeline\\Pipeline->Illuminate\\Pipeline\\{closure}()
#26 /home3/motobeatceyloanp/public_html/vendor/laravel/framework/src/Illuminate/Pipeline/Pipeline.php(183): App\\Http\\Middleware\\TenantScope->handle()
#27 /home3/motobeatceyloanp/public_html/vendor/laravel/framework/src/Illuminate/Routing/Middleware/SubstituteBindings.php(50): Illuminate\\Pipeline\\Pipeline->Illuminate\\Pipeline\\{closure}()
#28 /home3/motobeatceyloanp/public_html/vendor/laravel/framework/src/Illuminate/Pipeline/Pipeline.php(183): Illuminate\\Routing\\Middleware\\SubstituteBindings->handle()
#29 /home3/motobeatceyloanp/public_html/vendor/laravel/framework/src/Illuminate/Auth/Middleware/Authenticate.php(57): Illuminate\\Pipeline\\Pipeline->Illuminate\\Pipeline\\{closure}()
#30 /home3/motobeatceyloanp/public_html/vendor/laravel/framework/src/Illuminate/Pipeline/Pipeline.php(183): Illuminate\\Auth\\Middleware\\Authenticate->handle()
#31 /home3/motobeatceyloanp/public_html/vendor/laravel/framework/src/Illuminate/Foundation/Http/Middleware/VerifyCsrfToken.php(78): Illuminate\\Pipeline\\Pipeline->Illuminate\\Pipeline\\{closure}()
#32 /home3/motobeatceyloanp/public_html/vendor/laravel/framework/src/Illuminate/Pipeline/Pipeline.php(183): Illuminate\\Foundation\\Http\\Middleware\\VerifyCsrfToken->handle()
#33 /home3/motobeatceyloanp/public_html/vendor/laravel/framework/src/Illuminate/View/Middleware/ShareErrorsFromSession.php(49): Illuminate\\Pipeline\\Pipeline->Illuminate\\Pipeline\\{closure}()
#34 /home3/motobeatceyloanp/public_html/vendor/laravel/framework/src/Illuminate/Pipeline/Pipeline.php(183): Illuminate\\View\\Middleware\\ShareErrorsFromSession->handle()
#35 /home3/motobeatceyloanp/public_html/vendor/laravel/framework/src/Illuminate/Session/Middleware/StartSession.php(121): Illuminate\\Pipeline\\Pipeline->Illuminate\\Pipeline\\{closure}()
#36 /home3/motobeatceyloanp/public_html/vendor/laravel/framework/src/Illuminate/Session/Middleware/StartSession.php(64): Illuminate\\Session\\Middleware\\StartSession->handleStatefulRequest()
#37 /home3/motobeatceyloanp/public_html/vendor/laravel/framework/src/Illuminate/Pipeline/Pipeline.php(183): Illuminate\\Session\\Middleware\\StartSession->handle()
#38 /home3/motobeatceyloanp/public_html/vendor/laravel/framework/src/Illuminate/Cookie/Middleware/AddQueuedCookiesToResponse.php(37): Illuminate\\Pipeline\\Pipeline->Illuminate\\Pipeline\\{closure}()
#39 /home3/motobeatceyloanp/public_html/vendor/laravel/framework/src/Illuminate/Pipeline/Pipeline.php(183): Illuminate\\Cookie\\Middleware\\AddQueuedCookiesToResponse->handle()
#40 /home3/motobeatceyloanp/public_html/vendor/laravel/framework/src/Illuminate/Cookie/Middleware/EncryptCookies.php(67): Illuminate\\Pipeline\\Pipeline->Illuminate\\Pipeline\\{closure}()
#41 /home3/motobeatceyloanp/public_html/vendor/laravel/framework/src/Illuminate/Pipeline/Pipeline.php(183): Illuminate\\Cookie\\Middleware\\EncryptCookies->handle()
#42 /home3/motobeatceyloanp/public_html/vendor/laravel/framework/src/Illuminate/Pipeline/Pipeline.php(119): Illuminate\\Pipeline\\Pipeline->Illuminate\\Pipeline\\{closure}()
#43 /home3/motobeatceyloanp/public_html/vendor/laravel/framework/src/Illuminate/Routing/Router.php(805): Illuminate\\Pipeline\\Pipeline->then()
#44 /home3/motobeatceyloanp/public_html/vendor/laravel/framework/src/Illuminate/Routing/Router.php(784): Illuminate\\Routing\\Router->runRouteWithinStack()
#45 /home3/motobeatceyloanp/public_html/vendor/laravel/framework/src/Illuminate/Routing/Router.php(748): Illuminate\\Routing\\Router->runRoute()
#46 /home3/motobeatceyloanp/public_html/vendor/laravel/framework/src/Illuminate/Routing/Router.php(737): Illuminate\\Routing\\Router->dispatchToRoute()
#47 /home3/motobeatceyloanp/public_html/vendor/laravel/framework/src/Illuminate/Foundation/Http/Kernel.php(200): Illuminate\\Routing\\Router->dispatch()
#48 /home3/motobeatceyloanp/public_html/vendor/laravel/framework/src/Illuminate/Pipeline/Pipeline.php(144): Illuminate\\Foundation\\Http\\Kernel->Illuminate\\Foundation\\Http\\{closure}()
#49 /home3/motobeatceyloanp/public_html/vendor/laravel/framework/src/Illuminate/Foundation/Http/Middleware/TransformsRequest.php(21): Illuminate\\Pipeline\\Pipeline->Illuminate\\Pipeline\\{closure}()
#50 /home3/motobeatceyloanp/public_html/vendor/laravel/framework/src/Illuminate/Foundation/Http/Middleware/ConvertEmptyStringsToNull.php(31): Illuminate\\Foundation\\Http\\Middleware\\TransformsRequest->handle()
#51 /home3/motobeatceyloanp/public_html/vendor/laravel/framework/src/Illuminate/Pipeline/Pipeline.php(183): Illuminate\\Foundation\\Http\\Middleware\\ConvertEmptyStringsToNull->handle()
#52 /home3/motobeatceyloanp/public_html/vendor/laravel/framework/src/Illuminate/Foundation/Http/Middleware/ValidatePostSize.php(27): Illuminate\\Pipeline\\Pipeline->Illuminate\\Pipeline\\{closure}()
#53 /home3/motobeatceyloanp/public_html/vendor/laravel/framework/src/Illuminate/Pipeline/Pipeline.php(183): Illuminate\\Foundation\\Http\\Middleware\\ValidatePostSize->handle()
#54 /home3/motobeatceyloanp/public_html/vendor/laravel/framework/src/Illuminate/Http/Middleware/HandleCors.php(49): Illuminate\\Pipeline\\Pipeline->Illuminate\\Pipeline\\{closure}()
#55 /home3/motobeatceyloanp/public_html/vendor/laravel/framework/src/Illuminate/Pipeline/Pipeline.php(183): Illuminate\\Http\\Middleware\\HandleCors->handle()
#56 /home3/motobeatceyloanp/public_html/vendor/laravel/framework/src/Illuminate/Pipeline/Pipeline.php(119): Illuminate\\Pipeline\\Pipeline->Illuminate\\Pipeline\\{closure}()
#57 /home3/motobeatceyloanp/public_html/vendor/laravel/framework/src/Illuminate/Foundation/Http/Kernel.php(175): Illuminate\\Pipeline\\Pipeline->then()
#58 /home3/motobeatceyloanp/public_html/vendor/laravel/framework/src/Illuminate/Foundation/Http/Kernel.php(144): Illuminate\\Foundation\\Http\\Kernel->sendRequestThroughRouter()
#59 /home3/motobeatceyloanp/public_html/public/index.php(36): Illuminate\\Foundation\\Http\\Kernel->handle()
#60 {main}
"} 
[2026-04-05 14:29:10] production.ERROR: SQLSTATE[23000]: Integrity constraint violation: 1048 Column 'loyalty_tier' cannot be null (Connection: mysql, SQL: insert into `customers` (`name`, `customer_group_id`, `phone`, `email`, `nic`, `date_of_birth`, `address`, `city`, `notes`, `credit_limit`, `current_balance`, `loyalty_points`, `loyalty_tier`, `is_active`, `store_id`, `updated_at`, `created_at`) values (Yasith Jayanga, 4, +94 77 123 4567, yasith@gmail.com, ?, ?, ?, Anuradapura, ?, 0, 0, 0, ?, 1, 2, 2026-04-05 14:29:10, 2026-04-05 14:29:10)) {"userId":4,"exception":"[object] (Illuminate\\Database\\QueryException(code: 23000): SQLSTATE[23000]: Integrity constraint violation: 1048 Column 'loyalty_tier' cannot be null (Connection: mysql, SQL: insert into `customers` (`name`, `customer_group_id`, `phone`, `email`, `nic`, `date_of_birth`, `address`, `city`, `notes`, `credit_limit`, `current_balance`, `loyalty_points`, `loyalty_tier`, `is_active`, `store_id`, `updated_at`, `created_at`) values (Yasith Jayanga, 4, +94 77 123 4567, yasith@gmail.com, ?, ?, ?, Anuradapura, ?, 0, 0, 0, ?, 1, 2, 2026-04-05 14:29:10, 2026-04-05 14:29:10)) at /home3/motobeatceyloanp/public_html/vendor/laravel/framework/src/Illuminate/Database/Connection.php:829)
[stacktrace]
#0 /home3/motobeatceyloanp/public_html/vendor/laravel/framework/src/Illuminate/Database/Connection.php(783): Illuminate\\Database\\Connection->runQueryCallback()
#1 /home3/motobeatceyloanp/public_html/vendor/laravel/framework/src/Illuminate/Database/MySqlConnection.php(34): Illuminate\\Database\\Connection->run()
#2 /home3/motobeatceyloanp/public_html/vendor/laravel/framework/src/Illuminate/Database/Query/Processors/MySqlProcessor.php(35): Illuminate\\Database\\MySqlConnection->insert()
#3 /home3/motobeatceyloanp/public_html/vendor/laravel/framework/src/Illuminate/Database/Query/Builder.php(3549): Illuminate\\Database\\Query\\Processors\\MySqlProcessor->processInsertGetId()
#4 /home3/motobeatceyloanp/public_html/vendor/laravel/framework/src/Illuminate/Database/Eloquent/Builder.php(1982): Illuminate\\Database\\Query\\Builder->insertGetId()
#5 /home3/motobeatceyloanp/public_html/vendor/laravel/framework/src/Illuminate/Database/Eloquent/Model.php(1334): Illuminate\\Database\\Eloquent\\Builder->__call()
#6 /home3/motobeatceyloanp/public_html/vendor/laravel/framework/src/Illuminate/Database/Eloquent/Model.php(1299): Illuminate\\Database\\Eloquent\\Model->insertAndSetId()
#7 /home3/motobeatceyloanp/public_html/vendor/laravel/framework/src/Illuminate/Database/Eloquent/Model.php(1138): Illuminate\\Database\\Eloquent\\Model->performInsert()
#8 /home3/motobeatceyloanp/public_html/vendor/laravel/framework/src/Illuminate/Database/Eloquent/Builder.php(1025): Illuminate\\Database\\Eloquent\\Model->save()
#9 /home3/motobeatceyloanp/public_html/vendor/laravel/framework/src/Illuminate/Support/helpers.php(320): Illuminate\\Database\\Eloquent\\Builder->Illuminate\\Database\\Eloquent\\{closure}()
#10 /home3/motobeatceyloanp/public_html/vendor/laravel/framework/src/Illuminate/Database/Eloquent/Builder.php(1024): tap()
#11 /home3/motobeatceyloanp/public_html/vendor/laravel/framework/src/Illuminate/Support/Traits/ForwardsCalls.php(23): Illuminate\\Database\\Eloquent\\Builder->create()
#12 /home3/motobeatceyloanp/public_html/vendor/laravel/framework/src/Illuminate/Database/Eloquent/Model.php(2335): Illuminate\\Database\\Eloquent\\Model->forwardCallTo()
#13 /home3/motobeatceyloanp/public_html/vendor/laravel/framework/src/Illuminate/Database/Eloquent/Model.php(2347): Illuminate\\Database\\Eloquent\\Model->__call()
#14 /home3/motobeatceyloanp/public_html/app/Http/Controllers/CustomerController.php(33): Illuminate\\Database\\Eloquent\\Model::__callStatic()
#15 /home3/motobeatceyloanp/public_html/vendor/laravel/framework/src/Illuminate/Routing/Controller.php(54): App\\Http\\Controllers\\CustomerController->store()
#16 /home3/motobeatceyloanp/public_html/vendor/laravel/framework/src/Illuminate/Routing/ControllerDispatcher.php(43): Illuminate\\Routing\\Controller->callAction()
#17 /home3/motobeatceyloanp/public_html/vendor/laravel/framework/src/Illuminate/Routing/Route.php(259): Illuminate\\Routing\\ControllerDispatcher->dispatch()
#18 /home3/motobeatceyloanp/public_html/vendor/laravel/framework/src/Illuminate/Routing/Route.php(205): Illuminate\\Routing\\Route->runController()
#19 /home3/motobeatceyloanp/public_html/vendor/laravel/framework/src/Illuminate/Routing/Router.php(806): Illuminate\\Routing\\Route->run()
#20 /home3/motobeatceyloanp/public_html/vendor/laravel/framework/src/Illuminate/Pipeline/Pipeline.php(144): Illuminate\\Routing\\Router->Illuminate\\Routing\\{closure}()
#21 /home3/motobeatceyloanp/public_html/app/Http/Middleware/CheckTenantLock.php(107): Illuminate\\Pipeline\\Pipeline->Illuminate\\Pipeline\\{closure}()
#22 /home3/motobeatceyloanp/public_html/vendor/laravel/framework/src/Illuminate/Pipeline/Pipeline.php(183): App\\Http\\Middleware\\CheckTenantLock->handle()
#23 /home3/motobeatceyloanp/public_html/app/Http/Middleware/TenantScope.php(46): Illuminate\\Pipeline\\Pipeline->Illuminate\\Pipeline\\{closure}()
#24 /home3/motobeatceyloanp/public_html/vendor/laravel/framework/src/Illuminate/Pipeline/Pipeline.php(183): App\\Http\\Middleware\\TenantScope->handle()
#25 /home3/motobeatceyloanp/public_html/vendor/laravel/framework/src/Illuminate/Routing/Middleware/SubstituteBindings.php(50): Illuminate\\Pipeline\\Pipeline->Illuminate\\Pipeline\\{closure}()
#26 /home3/motobeatceyloanp/public_html/vendor/laravel/framework/src/Illuminate/Pipeline/Pipeline.php(183): Illuminate\\Routing\\Middleware\\SubstituteBindings->handle()
#27 /home3/motobeatceyloanp/public_html/vendor/laravel/framework/src/Illuminate/Auth/Middleware/Authenticate.php(57): Illuminate\\Pipeline\\Pipeline->Illuminate\\Pipeline\\{closure}()
#28 /home3/motobeatceyloanp/public_html/vendor/laravel/framework/src/Illuminate/Pipeline/Pipeline.php(183): Illuminate\\Auth\\Middleware\\Authenticate->handle()
#29 /home3/motobeatceyloanp/public_html/vendor/laravel/framework/src/Illuminate/Foundation/Http/Middleware/VerifyCsrfToken.php(78): Illuminate\\Pipeline\\Pipeline->Illuminate\\Pipeline\\{closure}()
#30 /home3/motobeatceyloanp/public_html/vendor/laravel/framework/src/Illuminate/Pipeline/Pipeline.php(183): Illuminate\\Foundation\\Http\\Middleware\\VerifyCsrfToken->handle()
#31 /home3/motobeatceyloanp/public_html/vendor/laravel/framework/src/Illuminate/View/Middleware/ShareErrorsFromSession.php(49): Illuminate\\Pipeline\\Pipeline->Illuminate\\Pipeline\\{closure}()
#32 /home3/motobeatceyloanp/public_html/vendor/laravel/framework/src/Illuminate/Pipeline/Pipeline.php(183): Illuminate\\View\\Middleware\\ShareErrorsFromSession->handle()
#33 /home3/motobeatceyloanp/public_html/vendor/laravel/framework/src/Illuminate/Session/Middleware/StartSession.php(121): Illuminate\\Pipeline\\Pipeline->Illuminate\\Pipeline\\{closure}()
#34 /home3/motobeatceyloanp/public_html/vendor/laravel/framework/src/Illuminate/Session/Middleware/StartSession.php(64): Illuminate\\Session\\Middleware\\StartSession->handleStatefulRequest()
#35 /home3/motobeatceyloanp/public_html/vendor/laravel/framework/src/Illuminate/Pipeline/Pipeline.php(183): Illuminate\\Session\\Middleware\\StartSession->handle()
#36 /home3/motobeatceyloanp/public_html/vendor/laravel/framework/src/Illuminate/Cookie/Middleware/AddQueuedCookiesToResponse.php(37): Illuminate\\Pipeline\\Pipeline->Illuminate\\Pipeline\\{closure}()
#37 /home3/motobeatceyloanp/public_html/vendor/laravel/framework/src/Illuminate/Pipeline/Pipeline.php(183): Illuminate\\Cookie\\Middleware\\AddQueuedCookiesToResponse->handle()
#38 /home3/motobeatceyloanp/public_html/vendor/laravel/framework/src/Illuminate/Cookie/Middleware/EncryptCookies.php(67): Illuminate\\Pipeline\\Pipeline->Illuminate\\Pipeline\\{closure}()
#39 /home3/motobeatceyloanp/public_html/vendor/laravel/framework/src/Illuminate/Pipeline/Pipeline.php(183): Illuminate\\Cookie\\Middleware\\EncryptCookies->handle()
#40 /home3/motobeatceyloanp/public_html/vendor/laravel/framework/src/Illuminate/Pipeline/Pipeline.php(119): Illuminate\\Pipeline\\Pipeline->Illuminate\\Pipeline\\{closure}()
#41 /home3/motobeatceyloanp/public_html/vendor/laravel/framework/src/Illuminate/Routing/Router.php(805): Illuminate\\Pipeline\\Pipeline->then()
#42 /home3/motobeatceyloanp/public_html/vendor/laravel/framework/src/Illuminate/Routing/Router.php(784): Illuminate\\Routing\\Router->runRouteWithinStack()
#43 /home3/motobeatceyloanp/public_html/vendor/laravel/framework/src/Illuminate/Routing/Router.php(748): Illuminate\\Routing\\Router->runRoute()
#44 /home3/motobeatceyloanp/public_html/vendor/laravel/framework/src/Illuminate/Routing/Router.php(737): Illuminate\\Routing\\Router->dispatchToRoute()
#45 /home3/motobeatceyloanp/public_html/vendor/laravel/framework/src/Illuminate/Foundation/Http/Kernel.php(200): Illuminate\\Routing\\Router->dispatch()
#46 /home3/motobeatceyloanp/public_html/vendor/laravel/framework/src/Illuminate/Pipeline/Pipeline.php(144): Illuminate\\Foundation\\Http\\Kernel->Illuminate\\Foundation\\Http\\{closure}()
#47 /home3/motobeatceyloanp/public_html/vendor/laravel/framework/src/Illuminate/Foundation/Http/Middleware/TransformsRequest.php(21): Illuminate\\Pipeline\\Pipeline->Illuminate\\Pipeline\\{closure}()
#48 /home3/motobeatceyloanp/public_html/vendor/laravel/framework/src/Illuminate/Foundation/Http/Middleware/ConvertEmptyStringsToNull.php(31): Illuminate\\Foundation\\Http\\Middleware\\TransformsRequest->handle()
#49 /home3/motobeatceyloanp/public_html/vendor/laravel/framework/src/Illuminate/Pipeline/Pipeline.php(183): Illuminate\\Foundation\\Http\\Middleware\\ConvertEmptyStringsToNull->handle()
#50 /home3/motobeatceyloanp/public_html/vendor/laravel/framework/src/Illuminate/Foundation/Http/Middleware/ValidatePostSize.php(27): Illuminate\\Pipeline\\Pipeline->Illuminate\\Pipeline\\{closure}()
#51 /home3/motobeatceyloanp/public_html/vendor/laravel/framework/src/Illuminate/Pipeline/Pipeline.php(183): Illuminate\\Foundation\\Http\\Middleware\\ValidatePostSize->handle()
#52 /home3/motobeatceyloanp/public_html/vendor/laravel/framework/src/Illuminate/Http/Middleware/HandleCors.php(49): Illuminate\\Pipeline\\Pipeline->Illuminate\\Pipeline\\{closure}()
#53 /home3/motobeatceyloanp/public_html/vendor/laravel/framework/src/Illuminate/Pipeline/Pipeline.php(183): Illuminate\\Http\\Middleware\\HandleCors->handle()
#54 /home3/motobeatceyloanp/public_html/vendor/laravel/framework/src/Illuminate/Pipeline/Pipeline.php(119): Illuminate\\Pipeline\\Pipeline->Illuminate\\Pipeline\\{closure}()
#55 /home3/motobeatceyloanp/public_html/vendor/laravel/framework/src/Illuminate/Foundation/Http/Kernel.php(175): Illuminate\\Pipeline\\Pipeline->then()
#56 /home3/motobeatceyloanp/public_html/vendor/laravel/framework/src/Illuminate/Foundation/Http/Kernel.php(144): Illuminate\\Foundation\\Http\\Kernel->sendRequestThroughRouter()
#57 /home3/motobeatceyloanp/public_html/public/index.php(36): Illuminate\\Foundation\\Http\\Kernel->handle()
#58 {main}

[previous exception] [object] (PDOException(code: 23000): SQLSTATE[23000]: Integrity constraint violation: 1048 Column 'loyalty_tier' cannot be null at /home3/motobeatceyloanp/public_html/vendor/laravel/framework/src/Illuminate/Database/MySqlConnection.php:45)
[stacktrace]
#0 /home3/motobeatceyloanp/public_html/vendor/laravel/framework/src/Illuminate/Database/MySqlConnection.php(45): PDOStatement->execute()
#1 /home3/motobeatceyloanp/public_html/vendor/laravel/framework/src/Illuminate/Database/Connection.php(816): Illuminate\\Database\\MySqlConnection->Illuminate\\Database\\{closure}()
#2 /home3/motobeatceyloanp/public_html/vendor/laravel/framework/src/Illuminate/Database/Connection.php(783): Illuminate\\Database\\Connection->runQueryCallback()
#3 /home3/motobeatceyloanp/public_html/vendor/laravel/framework/src/Illuminate/Database/MySqlConnection.php(34): Illuminate\\Database\\Connection->run()
#4 /home3/motobeatceyloanp/public_html/vendor/laravel/framework/src/Illuminate/Database/Query/Processors/MySqlProcessor.php(35): Illuminate\\Database\\MySqlConnection->insert()
#5 /home3/motobeatceyloanp/public_html/vendor/laravel/framework/src/Illuminate/Database/Query/Builder.php(3549): Illuminate\\Database\\Query\\Processors\\MySqlProcessor->processInsertGetId()
#6 /home3/motobeatceyloanp/public_html/vendor/laravel/framework/src/Illuminate/Database/Eloquent/Builder.php(1982): Illuminate\\Database\\Query\\Builder->insertGetId()
#7 /home3/motobeatceyloanp/public_html/vendor/laravel/framework/src/Illuminate/Database/Eloquent/Model.php(1334): Illuminate\\Database\\Eloquent\\Builder->__call()
#8 /home3/motobeatceyloanp/public_html/vendor/laravel/framework/src/Illuminate/Database/Eloquent/Model.php(1299): Illuminate\\Database\\Eloquent\\Model->insertAndSetId()
#9 /home3/motobeatceyloanp/public_html/vendor/laravel/framework/src/Illuminate/Database/Eloquent/Model.php(1138): Illuminate\\Database\\Eloquent\\Model->performInsert()
#10 /home3/motobeatceyloanp/public_html/vendor/laravel/framework/src/Illuminate/Database/Eloquent/Builder.php(1025): Illuminate\\Database\\Eloquent\\Model->save()
#11 /home3/motobeatceyloanp/public_html/vendor/laravel/framework/src/Illuminate/Support/helpers.php(320): Illuminate\\Database\\Eloquent\\Builder->Illuminate\\Database\\Eloquent\\{closure}()
#12 /home3/motobeatceyloanp/public_html/vendor/laravel/framework/src/Illuminate/Database/Eloquent/Builder.php(1024): tap()
#13 /home3/motobeatceyloanp/public_html/vendor/laravel/framework/src/Illuminate/Support/Traits/ForwardsCalls.php(23): Illuminate\\Database\\Eloquent\\Builder->create()
#14 /home3/motobeatceyloanp/public_html/vendor/laravel/framework/src/Illuminate/Database/Eloquent/Model.php(2335): Illuminate\\Database\\Eloquent\\Model->forwardCallTo()
#15 /home3/motobeatceyloanp/public_html/vendor/laravel/framework/src/Illuminate/Database/Eloquent/Model.php(2347): Illuminate\\Database\\Eloquent\\Model->__call()
#16 /home3/motobeatceyloanp/public_html/app/Http/Controllers/CustomerController.php(33): Illuminate\\Database\\Eloquent\\Model::__callStatic()
#17 /home3/motobeatceyloanp/public_html/vendor/laravel/framework/src/Illuminate/Routing/Controller.php(54): App\\Http\\Controllers\\CustomerController->store()
#18 /home3/motobeatceyloanp/public_html/vendor/laravel/framework/src/Illuminate/Routing/ControllerDispatcher.php(43): Illuminate\\Routing\\Controller->callAction()
#19 /home3/motobeatceyloanp/public_html/vendor/laravel/framework/src/Illuminate/Routing/Route.php(259): Illuminate\\Routing\\ControllerDispatcher->dispatch()
#20 /home3/motobeatceyloanp/public_html/vendor/laravel/framework/src/Illuminate/Routing/Route.php(205): Illuminate\\Routing\\Route->runController()
#21 /home3/motobeatceyloanp/public_html/vendor/laravel/framework/src/Illuminate/Routing/Router.php(806): Illuminate\\Routing\\Route->run()
#22 /home3/motobeatceyloanp/public_html/vendor/laravel/framework/src/Illuminate/Pipeline/Pipeline.php(144): Illuminate\\Routing\\Router->Illuminate\\Routing\\{closure}()
#23 /home3/motobeatceyloanp/public_html/app/Http/Middleware/CheckTenantLock.php(107): Illuminate\\Pipeline\\Pipeline->Illuminate\\Pipeline\\{closure}()
#24 /home3/motobeatceyloanp/public_html/vendor/laravel/framework/src/Illuminate/Pipeline/Pipeline.php(183): App\\Http\\Middleware\\CheckTenantLock->handle()
#25 /home3/motobeatceyloanp/public_html/app/Http/Middleware/TenantScope.php(46): Illuminate\\Pipeline\\Pipeline->Illuminate\\Pipeline\\{closure}()
#26 /home3/motobeatceyloanp/public_html/vendor/laravel/framework/src/Illuminate/Pipeline/Pipeline.php(183): App\\Http\\Middleware\\TenantScope->handle()
#27 /home3/motobeatceyloanp/public_html/vendor/laravel/framework/src/Illuminate/Routing/Middleware/SubstituteBindings.php(50): Illuminate\\Pipeline\\Pipeline->Illuminate\\Pipeline\\{closure}()
#28 /home3/motobeatceyloanp/public_html/vendor/laravel/framework/src/Illuminate/Pipeline/Pipeline.php(183): Illuminate\\Routing\\Middleware\\SubstituteBindings->handle()
#29 /home3/motobeatceyloanp/public_html/vendor/laravel/framework/src/Illuminate/Auth/Middleware/Authenticate.php(57): Illuminate\\Pipeline\\Pipeline->Illuminate\\Pipeline\\{closure}()
#30 /home3/motobeatceyloanp/public_html/vendor/laravel/framework/src/Illuminate/Pipeline/Pipeline.php(183): Illuminate\\Auth\\Middleware\\Authenticate->handle()
#31 /home3/motobeatceyloanp/public_html/vendor/laravel/framework/src/Illuminate/Foundation/Http/Middleware/VerifyCsrfToken.php(78): Illuminate\\Pipeline\\Pipeline->Illuminate\\Pipeline\\{closure}()
#32 /home3/motobeatceyloanp/public_html/vendor/laravel/framework/src/Illuminate/Pipeline/Pipeline.php(183): Illuminate\\Foundation\\Http\\Middleware\\VerifyCsrfToken->handle()
#33 /home3/motobeatceyloanp/public_html/vendor/laravel/framework/src/Illuminate/View/Middleware/ShareErrorsFromSession.php(49): Illuminate\\Pipeline\\Pipeline->Illuminate\\Pipeline\\{closure}()
#34 /home3/motobeatceyloanp/public_html/vendor/laravel/framework/src/Illuminate/Pipeline/Pipeline.php(183): Illuminate\\View\\Middleware\\ShareErrorsFromSession->handle()
#35 /home3/motobeatceyloanp/public_html/vendor/laravel/framework/src/Illuminate/Session/Middleware/StartSession.php(121): Illuminate\\Pipeline\\Pipeline->Illuminate\\Pipeline\\{closure}()
#36 /home3/motobeatceyloanp/public_html/vendor/laravel/framework/src/Illuminate/Session/Middleware/StartSession.php(64): Illuminate\\Session\\Middleware\\StartSession->handleStatefulRequest()
#37 /home3/motobeatceyloanp/public_html/vendor/laravel/framework/src/Illuminate/Pipeline/Pipeline.php(183): Illuminate\\Session\\Middleware\\StartSession->handle()
#38 /home3/motobeatceyloanp/public_html/vendor/laravel/framework/src/Illuminate/Cookie/Middleware/AddQueuedCookiesToResponse.php(37): Illuminate\\Pipeline\\Pipeline->Illuminate\\Pipeline\\{closure}()
#39 /home3/motobeatceyloanp/public_html/vendor/laravel/framework/src/Illuminate/Pipeline/Pipeline.php(183): Illuminate\\Cookie\\Middleware\\AddQueuedCookiesToResponse->handle()
#40 /home3/motobeatceyloanp/public_html/vendor/laravel/framework/src/Illuminate/Cookie/Middleware/EncryptCookies.php(67): Illuminate\\Pipeline\\Pipeline->Illuminate\\Pipeline\\{closure}()
#41 /home3/motobeatceyloanp/public_html/vendor/laravel/framework/src/Illuminate/Pipeline/Pipeline.php(183): Illuminate\\Cookie\\Middleware\\EncryptCookies->handle()
#42 /home3/motobeatceyloanp/public_html/vendor/laravel/framework/src/Illuminate/Pipeline/Pipeline.php(119): Illuminate\\Pipeline\\Pipeline->Illuminate\\Pipeline\\{closure}()
#43 /home3/motobeatceyloanp/public_html/vendor/laravel/framework/src/Illuminate/Routing/Router.php(805): Illuminate\\Pipeline\\Pipeline->then()
#44 /home3/motobeatceyloanp/public_html/vendor/laravel/framework/src/Illuminate/Routing/Router.php(784): Illuminate\\Routing\\Router->runRouteWithinStack()
#45 /home3/motobeatceyloanp/public_html/vendor/laravel/framework/src/Illuminate/Routing/Router.php(748): Illuminate\\Routing\\Router->runRoute()
#46 /home3/motobeatceyloanp/public_html/vendor/laravel/framework/src/Illuminate/Routing/Router.php(737): Illuminate\\Routing\\Router->dispatchToRoute()
#47 /home3/motobeatceyloanp/public_html/vendor/laravel/framework/src/Illuminate/Foundation/Http/Kernel.php(200): Illuminate\\Routing\\Router->dispatch()
#48 /home3/motobeatceyloanp/public_html/vendor/laravel/framework/src/Illuminate/Pipeline/Pipeline.php(144): Illuminate\\Foundation\\Http\\Kernel->Illuminate\\Foundation\\Http\\{closure}()
#49 /home3/motobeatceyloanp/public_html/vendor/laravel/framework/src/Illuminate/Foundation/Http/Middleware/TransformsRequest.php(21): Illuminate\\Pipeline\\Pipeline->Illuminate\\Pipeline\\{closure}()
#50 /home3/motobeatceyloanp/public_html/vendor/laravel/framework/src/Illuminate/Foundation/Http/Middleware/ConvertEmptyStringsToNull.php(31): Illuminate\\Foundation\\Http\\Middleware\\TransformsRequest->handle()
#51 /home3/motobeatceyloanp/public_html/vendor/laravel/framework/src/Illuminate/Pipeline/Pipeline.php(183): Illuminate\\Foundation\\Http\\Middleware\\ConvertEmptyStringsToNull->handle()
#52 /home3/motobeatceyloanp/public_html/vendor/laravel/framework/src/Illuminate/Foundation/Http/Middleware/ValidatePostSize.php(27): Illuminate\\Pipeline\\Pipeline->Illuminate\\Pipeline\\{closure}()
#53 /home3/motobeatceyloanp/public_html/vendor/laravel/framework/src/Illuminate/Pipeline/Pipeline.php(183): Illuminate\\Foundation\\Http\\Middleware\\ValidatePostSize->handle()
#54 /home3/motobeatceyloanp/public_html/vendor/laravel/framework/src/Illuminate/Http/Middleware/HandleCors.php(49): Illuminate\\Pipeline\\Pipeline->Illuminate\\Pipeline\\{closure}()
#55 /home3/motobeatceyloanp/public_html/vendor/laravel/framework/src/Illuminate/Pipeline/Pipeline.php(183): Illuminate\\Http\\Middleware\\HandleCors->handle()
#56 /home3/motobeatceyloanp/public_html/vendor/laravel/framework/src/Illuminate/Pipeline/Pipeline.php(119): Illuminate\\Pipeline\\Pipeline->Illuminate\\Pipeline\\{closure}()
#57 /home3/motobeatceyloanp/public_html/vendor/laravel/framework/src/Illuminate/Foundation/Http/Kernel.php(175): Illuminate\\Pipeline\\Pipeline->then()
#58 /home3/motobeatceyloanp/public_html/vendor/laravel/framework/src/Illuminate/Foundation/Http/Kernel.php(144): Illuminate\\Foundation\\Http\\Kernel->sendRequestThroughRouter()
#59 /home3/motobeatceyloanp/public_html/public/index.php(36): Illuminate\\Foundation\\Http\\Kernel->handle()
#60 {main}
"} 
[2026-04-05 14:58:06] production.ERROR: SQLSTATE[23000]: Integrity constraint violation: 1048 Column 'loyalty_tier' cannot be null (Connection: mysql, SQL: insert into `customers` (`name`, `customer_group_id`, `phone`, `email`, `nic`, `date_of_birth`, `address`, `city`, `notes`, `credit_limit`, `current_balance`, `loyalty_points`, `loyalty_tier`, `is_active`, `store_id`, `updated_at`, `created_at`) values (Yasith Jayanga, 4, +94 77 123 4567, yasith@gmail.com, ?, ?, ?, Anuradapura, ?, 0, 0, 0, ?, 1, 2, 2026-04-05 14:58:06, 2026-04-05 14:58:06)) {"userId":4,"exception":"[object] (Illuminate\\Database\\QueryException(code: 23000): SQLSTATE[23000]: Integrity constraint violation: 1048 Column 'loyalty_tier' cannot be null (Connection: mysql, SQL: insert into `customers` (`name`, `customer_group_id`, `phone`, `email`, `nic`, `date_of_birth`, `address`, `city`, `notes`, `credit_limit`, `current_balance`, `loyalty_points`, `loyalty_tier`, `is_active`, `store_id`, `updated_at`, `created_at`) values (Yasith Jayanga, 4, +94 77 123 4567, yasith@gmail.com, ?, ?, ?, Anuradapura, ?, 0, 0, 0, ?, 1, 2, 2026-04-05 14:58:06, 2026-04-05 14:58:06)) at /home3/motobeatceyloanp/public_html/vendor/laravel/framework/src/Illuminate/Database/Connection.php:829)
[stacktrace]
#0 /home3/motobeatceyloanp/public_html/vendor/laravel/framework/src/Illuminate/Database/Connection.php(783): Illuminate\\Database\\Connection->runQueryCallback()
#1 /home3/motobeatceyloanp/public_html/vendor/laravel/framework/src/Illuminate/Database/MySqlConnection.php(34): Illuminate\\Database\\Connection->run()
#2 /home3/motobeatceyloanp/public_html/vendor/laravel/framework/src/Illuminate/Database/Query/Processors/MySqlProcessor.php(35): Illuminate\\Database\\MySqlConnection->insert()
#3 /home3/motobeatceyloanp/public_html/vendor/laravel/framework/src/Illuminate/Database/Query/Builder.php(3549): Illuminate\\Database\\Query\\Processors\\MySqlProcessor->processInsertGetId()
#4 /home3/motobeatceyloanp/public_html/vendor/laravel/framework/src/Illuminate/Database/Eloquent/Builder.php(1982): Illuminate\\Database\\Query\\Builder->insertGetId()
#5 /home3/motobeatceyloanp/public_html/vendor/laravel/framework/src/Illuminate/Database/Eloquent/Model.php(1334): Illuminate\\Database\\Eloquent\\Builder->__call()
#6 /home3/motobeatceyloanp/public_html/vendor/laravel/framework/src/Illuminate/Database/Eloquent/Model.php(1299): Illuminate\\Database\\Eloquent\\Model->insertAndSetId()
#7 /home3/motobeatceyloanp/public_html/vendor/laravel/framework/src/Illuminate/Database/Eloquent/Model.php(1138): Illuminate\\Database\\Eloquent\\Model->performInsert()
#8 /home3/motobeatceyloanp/public_html/vendor/laravel/framework/src/Illuminate/Database/Eloquent/Builder.php(1025): Illuminate\\Database\\Eloquent\\Model->save()
#9 /home3/motobeatceyloanp/public_html/vendor/laravel/framework/src/Illuminate/Support/helpers.php(320): Illuminate\\Database\\Eloquent\\Builder->Illuminate\\Database\\Eloquent\\{closure}()
#10 /home3/motobeatceyloanp/public_html/vendor/laravel/framework/src/Illuminate/Database/Eloquent/Builder.php(1024): tap()
#11 /home3/motobeatceyloanp/public_html/vendor/laravel/framework/src/Illuminate/Support/Traits/ForwardsCalls.php(23): Illuminate\\Database\\Eloquent\\Builder->create()
#12 /home3/motobeatceyloanp/public_html/vendor/laravel/framework/src/Illuminate/Database/Eloquent/Model.php(2335): Illuminate\\Database\\Eloquent\\Model->forwardCallTo()
#13 /home3/motobeatceyloanp/public_html/vendor/laravel/framework/src/Illuminate/Database/Eloquent/Model.php(2347): Illuminate\\Database\\Eloquent\\Model->__call()
#14 /home3/motobeatceyloanp/public_html/app/Http/Controllers/CustomerController.php(33): Illuminate\\Database\\Eloquent\\Model::__callStatic()
#15 /home3/motobeatceyloanp/public_html/vendor/laravel/framework/src/Illuminate/Routing/Controller.php(54): App\\Http\\Controllers\\CustomerController->store()
#16 /home3/motobeatceyloanp/public_html/vendor/laravel/framework/src/Illuminate/Routing/ControllerDispatcher.php(43): Illuminate\\Routing\\Controller->callAction()
#17 /home3/motobeatceyloanp/public_html/vendor/laravel/framework/src/Illuminate/Routing/Route.php(259): Illuminate\\Routing\\ControllerDispatcher->dispatch()
#18 /home3/motobeatceyloanp/public_html/vendor/laravel/framework/src/Illuminate/Routing/Route.php(205): Illuminate\\Routing\\Route->runController()
#19 /home3/motobeatceyloanp/public_html/vendor/laravel/framework/src/Illuminate/Routing/Router.php(806): Illuminate\\Routing\\Route->run()
#20 /home3/motobeatceyloanp/public_html/vendor/laravel/framework/src/Illuminate/Pipeline/Pipeline.php(144): Illuminate\\Routing\\Router->Illuminate\\Routing\\{closure}()
#21 /home3/motobeatceyloanp/public_html/app/Http/Middleware/CheckTenantLock.php(107): Illuminate\\Pipeline\\Pipeline->Illuminate\\Pipeline\\{closure}()
#22 /home3/motobeatceyloanp/public_html/vendor/laravel/framework/src/Illuminate/Pipeline/Pipeline.php(183): App\\Http\\Middleware\\CheckTenantLock->handle()
#23 /home3/motobeatceyloanp/public_html/app/Http/Middleware/TenantScope.php(46): Illuminate\\Pipeline\\Pipeline->Illuminate\\Pipeline\\{closure}()
#24 /home3/motobeatceyloanp/public_html/vendor/laravel/framework/src/Illuminate/Pipeline/Pipeline.php(183): App\\Http\\Middleware\\TenantScope->handle()
#25 /home3/motobeatceyloanp/public_html/vendor/laravel/framework/src/Illuminate/Routing/Middleware/SubstituteBindings.php(50): Illuminate\\Pipeline\\Pipeline->Illuminate\\Pipeline\\{closure}()
#26 /home3/motobeatceyloanp/public_html/vendor/laravel/framework/src/Illuminate/Pipeline/Pipeline.php(183): Illuminate\\Routing\\Middleware\\SubstituteBindings->handle()
#27 /home3/motobeatceyloanp/public_html/vendor/laravel/framework/src/Illuminate/Auth/Middleware/Authenticate.php(57): Illuminate\\Pipeline\\Pipeline->Illuminate\\Pipeline\\{closure}()
#28 /home3/motobeatceyloanp/public_html/vendor/laravel/framework/src/Illuminate/Pipeline/Pipeline.php(183): Illuminate\\Auth\\Middleware\\Authenticate->handle()
#29 /home3/motobeatceyloanp/public_html/vendor/laravel/framework/src/Illuminate/Foundation/Http/Middleware/VerifyCsrfToken.php(78): Illuminate\\Pipeline\\Pipeline->Illuminate\\Pipeline\\{closure}()
#30 /home3/motobeatceyloanp/public_html/vendor/laravel/framework/src/Illuminate/Pipeline/Pipeline.php(183): Illuminate\\Foundation\\Http\\Middleware\\VerifyCsrfToken->handle()
#31 /home3/motobeatceyloanp/public_html/vendor/laravel/framework/src/Illuminate/View/Middleware/ShareErrorsFromSession.php(49): Illuminate\\Pipeline\\Pipeline->Illuminate\\Pipeline\\{closure}()
#32 /home3/motobeatceyloanp/public_html/vendor/laravel/framework/src/Illuminate/Pipeline/Pipeline.php(183): Illuminate\\View\\Middleware\\ShareErrorsFromSession->handle()
#33 /home3/motobeatceyloanp/public_html/vendor/laravel/framework/src/Illuminate/Session/Middleware/StartSession.php(121): Illuminate\\Pipeline\\Pipeline->Illuminate\\Pipeline\\{closure}()
#34 /home3/motobeatceyloanp/public_html/vendor/laravel/framework/src/Illuminate/Session/Middleware/StartSession.php(64): Illuminate\\Session\\Middleware\\StartSession->handleStatefulRequest()
#35 /home3/motobeatceyloanp/public_html/vendor/laravel/framework/src/Illuminate/Pipeline/Pipeline.php(183): Illuminate\\Session\\Middleware\\StartSession->handle()
#36 /home3/motobeatceyloanp/public_html/vendor/laravel/framework/src/Illuminate/Cookie/Middleware/AddQueuedCookiesToResponse.php(37): Illuminate\\Pipeline\\Pipeline->Illuminate\\Pipeline\\{closure}()
#37 /home3/motobeatceyloanp/public_html/vendor/laravel/framework/src/Illuminate/Pipeline/Pipeline.php(183): Illuminate\\Cookie\\Middleware\\AddQueuedCookiesToResponse->handle()
#38 /home3/motobeatceyloanp/public_html/vendor/laravel/framework/src/Illuminate/Cookie/Middleware/EncryptCookies.php(67): Illuminate\\Pipeline\\Pipeline->Illuminate\\Pipeline\\{closure}()
#39 /home3/motobeatceyloanp/public_html/vendor/laravel/framework/src/Illuminate/Pipeline/Pipeline.php(183): Illuminate\\Cookie\\Middleware\\EncryptCookies->handle()
#40 /home3/motobeatceyloanp/public_html/vendor/laravel/framework/src/Illuminate/Pipeline/Pipeline.php(119): Illuminate\\Pipeline\\Pipeline->Illuminate\\Pipeline\\{closure}()
#41 /home3/motobeatceyloanp/public_html/vendor/laravel/framework/src/Illuminate/Routing/Router.php(805): Illuminate\\Pipeline\\Pipeline->then()
#42 /home3/motobeatceyloanp/public_html/vendor/laravel/framework/src/Illuminate/Routing/Router.php(784): Illuminate\\Routing\\Router->runRouteWithinStack()
#43 /home3/motobeatceyloanp/public_html/vendor/laravel/framework/src/Illuminate/Routing/Router.php(748): Illuminate\\Routing\\Router->runRoute()
#44 /home3/motobeatceyloanp/public_html/vendor/laravel/framework/src/Illuminate/Routing/Router.php(737): Illuminate\\Routing\\Router->dispatchToRoute()
#45 /home3/motobeatceyloanp/public_html/vendor/laravel/framework/src/Illuminate/Foundation/Http/Kernel.php(200): Illuminate\\Routing\\Router->dispatch()
#46 /home3/motobeatceyloanp/public_html/vendor/laravel/framework/src/Illuminate/Pipeline/Pipeline.php(144): Illuminate\\Foundation\\Http\\Kernel->Illuminate\\Foundation\\Http\\{closure}()
#47 /home3/motobeatceyloanp/public_html/vendor/laravel/framework/src/Illuminate/Foundation/Http/Middleware/TransformsRequest.php(21): Illuminate\\Pipeline\\Pipeline->Illuminate\\Pipeline\\{closure}()
#48 /home3/motobeatceyloanp/public_html/vendor/laravel/framework/src/Illuminate/Foundation/Http/Middleware/ConvertEmptyStringsToNull.php(31): Illuminate\\Foundation\\Http\\Middleware\\TransformsRequest->handle()
#49 /home3/motobeatceyloanp/public_html/vendor/laravel/framework/src/Illuminate/Pipeline/Pipeline.php(183): Illuminate\\Foundation\\Http\\Middleware\\ConvertEmptyStringsToNull->handle()
#50 /home3/motobeatceyloanp/public_html/vendor/laravel/framework/src/Illuminate/Foundation/Http/Middleware/ValidatePostSize.php(27): Illuminate\\Pipeline\\Pipeline->Illuminate\\Pipeline\\{closure}()
#51 /home3/motobeatceyloanp/public_html/vendor/laravel/framework/src/Illuminate/Pipeline/Pipeline.php(183): Illuminate\\Foundation\\Http\\Middleware\\ValidatePostSize->handle()
#52 /home3/motobeatceyloanp/public_html/vendor/laravel/framework/src/Illuminate/Http/Middleware/HandleCors.php(49): Illuminate\\Pipeline\\Pipeline->Illuminate\\Pipeline\\{closure}()
#53 /home3/motobeatceyloanp/public_html/vendor/laravel/framework/src/Illuminate/Pipeline/Pipeline.php(183): Illuminate\\Http\\Middleware\\HandleCors->handle()
#54 /home3/motobeatceyloanp/public_html/vendor/laravel/framework/src/Illuminate/Pipeline/Pipeline.php(119): Illuminate\\Pipeline\\Pipeline->Illuminate\\Pipeline\\{closure}()
#55 /home3/motobeatceyloanp/public_html/vendor/laravel/framework/src/Illuminate/Foundation/Http/Kernel.php(175): Illuminate\\Pipeline\\Pipeline->then()
#56 /home3/motobeatceyloanp/public_html/vendor/laravel/framework/src/Illuminate/Foundation/Http/Kernel.php(144): Illuminate\\Foundation\\Http\\Kernel->sendRequestThroughRouter()
#57 /home3/motobeatceyloanp/public_html/public/index.php(36): Illuminate\\Foundation\\Http\\Kernel->handle()
#58 {main}

[previous exception] [object] (PDOException(code: 23000): SQLSTATE[23000]: Integrity constraint violation: 1048 Column 'loyalty_tier' cannot be null at /home3/motobeatceyloanp/public_html/vendor/laravel/framework/src/Illuminate/Database/MySqlConnection.php:45)
[stacktrace]
#0 /home3/motobeatceyloanp/public_html/vendor/laravel/framework/src/Illuminate/Database/MySqlConnection.php(45): PDOStatement->execute()
#1 /home3/motobeatceyloanp/public_html/vendor/laravel/framework/src/Illuminate/Database/Connection.php(816): Illuminate\\Database\\MySqlConnection->Illuminate\\Database\\{closure}()
#2 /home3/motobeatceyloanp/public_html/vendor/laravel/framework/src/Illuminate/Database/Connection.php(783): Illuminate\\Database\\Connection->runQueryCallback()
#3 /home3/motobeatceyloanp/public_html/vendor/laravel/framework/src/Illuminate/Database/MySqlConnection.php(34): Illuminate\\Database\\Connection->run()
#4 /home3/motobeatceyloanp/public_html/vendor/laravel/framework/src/Illuminate/Database/Query/Processors/MySqlProcessor.php(35): Illuminate\\Database\\MySqlConnection->insert()
#5 /home3/motobeatceyloanp/public_html/vendor/laravel/framework/src/Illuminate/Database/Query/Builder.php(3549): Illuminate\\Database\\Query\\Processors\\MySqlProcessor->processInsertGetId()
#6 /home3/motobeatceyloanp/public_html/vendor/laravel/framework/src/Illuminate/Database/Eloquent/Builder.php(1982): Illuminate\\Database\\Query\\Builder->insertGetId()
#7 /home3/motobeatceyloanp/public_html/vendor/laravel/framework/src/Illuminate/Database/Eloquent/Model.php(1334): Illuminate\\Database\\Eloquent\\Builder->__call()
#8 /home3/motobeatceyloanp/public_html/vendor/laravel/framework/src/Illuminate/Database/Eloquent/Model.php(1299): Illuminate\\Database\\Eloquent\\Model->insertAndSetId()
#9 /home3/motobeatceyloanp/public_html/vendor/laravel/framework/src/Illuminate/Database/Eloquent/Model.php(1138): Illuminate\\Database\\Eloquent\\Model->performInsert()
#10 /home3/motobeatceyloanp/public_html/vendor/laravel/framework/src/Illuminate/Database/Eloquent/Builder.php(1025): Illuminate\\Database\\Eloquent\\Model->save()
#11 /home3/motobeatceyloanp/public_html/vendor/laravel/framework/src/Illuminate/Support/helpers.php(320): Illuminate\\Database\\Eloquent\\Builder->Illuminate\\Database\\Eloquent\\{closure}()
#12 /home3/motobeatceyloanp/public_html/vendor/laravel/framework/src/Illuminate/Database/Eloquent/Builder.php(1024): tap()
#13 /home3/motobeatceyloanp/public_html/vendor/laravel/framework/src/Illuminate/Support/Traits/ForwardsCalls.php(23): Illuminate\\Database\\Eloquent\\Builder->create()
#14 /home3/motobeatceyloanp/public_html/vendor/laravel/framework/src/Illuminate/Database/Eloquent/Model.php(2335): Illuminate\\Database\\Eloquent\\Model->forwardCallTo()
#15 /home3/motobeatceyloanp/public_html/vendor/laravel/framework/src/Illuminate/Database/Eloquent/Model.php(2347): Illuminate\\Database\\Eloquent\\Model->__call()
#16 /home3/motobeatceyloanp/public_html/app/Http/Controllers/CustomerController.php(33): Illuminate\\Database\\Eloquent\\Model::__callStatic()
#17 /home3/motobeatceyloanp/public_html/vendor/laravel/framework/src/Illuminate/Routing/Controller.php(54): App\\Http\\Controllers\\CustomerController->store()
#18 /home3/motobeatceyloanp/public_html/vendor/laravel/framework/src/Illuminate/Routing/ControllerDispatcher.php(43): Illuminate\\Routing\\Controller->callAction()
#19 /home3/motobeatceyloanp/public_html/vendor/laravel/framework/src/Illuminate/Routing/Route.php(259): Illuminate\\Routing\\ControllerDispatcher->dispatch()
#20 /home3/motobeatceyloanp/public_html/vendor/laravel/framework/src/Illuminate/Routing/Route.php(205): Illuminate\\Routing\\Route->runController()
#21 /home3/motobeatceyloanp/public_html/vendor/laravel/framework/src/Illuminate/Routing/Router.php(806): Illuminate\\Routing\\Route->run()
#22 /home3/motobeatceyloanp/public_html/vendor/laravel/framework/src/Illuminate/Pipeline/Pipeline.php(144): Illuminate\\Routing\\Router->Illuminate\\Routing\\{closure}()
#23 /home3/motobeatceyloanp/public_html/app/Http/Middleware/CheckTenantLock.php(107): Illuminate\\Pipeline\\Pipeline->Illuminate\\Pipeline\\{closure}()
#24 /home3/motobeatceyloanp/public_html/vendor/laravel/framework/src/Illuminate/Pipeline/Pipeline.php(183): App\\Http\\Middleware\\CheckTenantLock->handle()
#25 /home3/motobeatceyloanp/public_html/app/Http/Middleware/TenantScope.php(46): Illuminate\\Pipeline\\Pipeline->Illuminate\\Pipeline\\{closure}()
#26 /home3/motobeatceyloanp/public_html/vendor/laravel/framework/src/Illuminate/Pipeline/Pipeline.php(183): App\\Http\\Middleware\\TenantScope->handle()
#27 /home3/motobeatceyloanp/public_html/vendor/laravel/framework/src/Illuminate/Routing/Middleware/SubstituteBindings.php(50): Illuminate\\Pipeline\\Pipeline->Illuminate\\Pipeline\\{closure}()
#28 /home3/motobeatceyloanp/public_html/vendor/laravel/framework/src/Illuminate/Pipeline/Pipeline.php(183): Illuminate\\Routing\\Middleware\\SubstituteBindings->handle()
#29 /home3/motobeatceyloanp/public_html/vendor/laravel/framework/src/Illuminate/Auth/Middleware/Authenticate.php(57): Illuminate\\Pipeline\\Pipeline->Illuminate\\Pipeline\\{closure}()
#30 /home3/motobeatceyloanp/public_html/vendor/laravel/framework/src/Illuminate/Pipeline/Pipeline.php(183): Illuminate\\Auth\\Middleware\\Authenticate->handle()
#31 /home3/motobeatceyloanp/public_html/vendor/laravel/framework/src/Illuminate/Foundation/Http/Middleware/VerifyCsrfToken.php(78): Illuminate\\Pipeline\\Pipeline->Illuminate\\Pipeline\\{closure}()
#32 /home3/motobeatceyloanp/public_html/vendor/laravel/framework/src/Illuminate/Pipeline/Pipeline.php(183): Illuminate\\Foundation\\Http\\Middleware\\VerifyCsrfToken->handle()
#33 /home3/motobeatceyloanp/public_html/vendor/laravel/framework/src/Illuminate/View/Middleware/ShareErrorsFromSession.php(49): Illuminate\\Pipeline\\Pipeline->Illuminate\\Pipeline\\{closure}()
#34 /home3/motobeatceyloanp/public_html/vendor/laravel/framework/src/Illuminate/Pipeline/Pipeline.php(183): Illuminate\\View\\Middleware\\ShareErrorsFromSession->handle()
#35 /home3/motobeatceyloanp/public_html/vendor/laravel/framework/src/Illuminate/Session/Middleware/StartSession.php(121): Illuminate\\Pipeline\\Pipeline->Illuminate\\Pipeline\\{closure}()
#36 /home3/motobeatceyloanp/public_html/vendor/laravel/framework/src/Illuminate/Session/Middleware/StartSession.php(64): Illuminate\\Session\\Middleware\\StartSession->handleStatefulRequest()
#37 /home3/motobeatceyloanp/public_html/vendor/laravel/framework/src/Illuminate/Pipeline/Pipeline.php(183): Illuminate\\Session\\Middleware\\StartSession->handle()
#38 /home3/motobeatceyloanp/public_html/vendor/laravel/framework/src/Illuminate/Cookie/Middleware/AddQueuedCookiesToResponse.php(37): Illuminate\\Pipeline\\Pipeline->Illuminate\\Pipeline\\{closure}()
#39 /home3/motobeatceyloanp/public_html/vendor/laravel/framework/src/Illuminate/Pipeline/Pipeline.php(183): Illuminate\\Cookie\\Middleware\\AddQueuedCookiesToResponse->handle()
#40 /home3/motobeatceyloanp/public_html/vendor/laravel/framework/src/Illuminate/Cookie/Middleware/EncryptCookies.php(67): Illuminate\\Pipeline\\Pipeline->Illuminate\\Pipeline\\{closure}()
#41 /home3/motobeatceyloanp/public_html/vendor/laravel/framework/src/Illuminate/Pipeline/Pipeline.php(183): Illuminate\\Cookie\\Middleware\\EncryptCookies->handle()
#42 /home3/motobeatceyloanp/public_html/vendor/laravel/framework/src/Illuminate/Pipeline/Pipeline.php(119): Illuminate\\Pipeline\\Pipeline->Illuminate\\Pipeline\\{closure}()
#43 /home3/motobeatceyloanp/public_html/vendor/laravel/framework/src/Illuminate/Routing/Router.php(805): Illuminate\\Pipeline\\Pipeline->then()
#44 /home3/motobeatceyloanp/public_html/vendor/laravel/framework/src/Illuminate/Routing/Router.php(784): Illuminate\\Routing\\Router->runRouteWithinStack()
#45 /home3/motobeatceyloanp/public_html/vendor/laravel/framework/src/Illuminate/Routing/Router.php(748): Illuminate\\Routing\\Router->runRoute()
#46 /home3/motobeatceyloanp/public_html/vendor/laravel/framework/src/Illuminate/Routing/Router.php(737): Illuminate\\Routing\\Router->dispatchToRoute()
#47 /home3/motobeatceyloanp/public_html/vendor/laravel/framework/src/Illuminate/Foundation/Http/Kernel.php(200): Illuminate\\Routing\\Router->dispatch()
#48 /home3/motobeatceyloanp/public_html/vendor/laravel/framework/src/Illuminate/Pipeline/Pipeline.php(144): Illuminate\\Foundation\\Http\\Kernel->Illuminate\\Foundation\\Http\\{closure}()
#49 /home3/motobeatceyloanp/public_html/vendor/laravel/framework/src/Illuminate/Foundation/Http/Middleware/TransformsRequest.php(21): Illuminate\\Pipeline\\Pipeline->Illuminate\\Pipeline\\{closure}()
#50 /home3/motobeatceyloanp/public_html/vendor/laravel/framework/src/Illuminate/Foundation/Http/Middleware/ConvertEmptyStringsToNull.php(31): Illuminate\\Foundation\\Http\\Middleware\\TransformsRequest->handle()
#51 /home3/motobeatceyloanp/public_html/vendor/laravel/framework/src/Illuminate/Pipeline/Pipeline.php(183): Illuminate\\Foundation\\Http\\Middleware\\ConvertEmptyStringsToNull->handle()
#52 /home3/motobeatceyloanp/public_html/vendor/laravel/framework/src/Illuminate/Foundation/Http/Middleware/ValidatePostSize.php(27): Illuminate\\Pipeline\\Pipeline->Illuminate\\Pipeline\\{closure}()
#53 /home3/motobeatceyloanp/public_html/vendor/laravel/framework/src/Illuminate/Pipeline/Pipeline.php(183): Illuminate\\Foundation\\Http\\Middleware\\ValidatePostSize->handle()
#54 /home3/motobeatceyloanp/public_html/vendor/laravel/framework/src/Illuminate/Http/Middleware/HandleCors.php(49): Illuminate\\Pipeline\\Pipeline->Illuminate\\Pipeline\\{closure}()
#55 /home3/motobeatceyloanp/public_html/vendor/laravel/framework/src/Illuminate/Pipeline/Pipeline.php(183): Illuminate\\Http\\Middleware\\HandleCors->handle()
#56 /home3/motobeatceyloanp/public_html/vendor/laravel/framework/src/Illuminate/Pipeline/Pipeline.php(119): Illuminate\\Pipeline\\Pipeline->Illuminate\\Pipeline\\{closure}()
#57 /home3/motobeatceyloanp/public_html/vendor/laravel/framework/src/Illuminate/Foundation/Http/Kernel.php(175): Illuminate\\Pipeline\\Pipeline->then()
#58 /home3/motobeatceyloanp/public_html/vendor/laravel/framework/src/Illuminate/Foundation/Http/Kernel.php(144): Illuminate\\Foundation\\Http\\Kernel->sendRequestThroughRouter()
#59 /home3/motobeatceyloanp/public_html/public/index.php(36): Illuminate\\Foundation\\Http\\Kernel->handle()
#60 {main}
"} 
[2026-04-06 00:02:34] production.ERROR: SQLSTATE[42S02]: Base table or view not found: 1146 Table 'motobeatceyloanp_db1.incomes' doesn't exist (Connection: mysql, SQL: select count(*) as aggregate from `incomes` where `store_id` = 2 and `incomes`.`deleted_at` is null) {"userId":4,"exception":"[object] (Illuminate\\Database\\QueryException(code: 42S02): SQLSTATE[42S02]: Base table or view not found: 1146 Table 'motobeatceyloanp_db1.incomes' doesn't exist (Connection: mysql, SQL: select count(*) as aggregate from `incomes` where `store_id` = 2 and `incomes`.`deleted_at` is null) at /home3/motobeatceyloanp/public_html/vendor/laravel/framework/src/Illuminate/Database/Connection.php:829)
[stacktrace]
#0 /home3/motobeatceyloanp/public_html/vendor/laravel/framework/src/Illuminate/Database/Connection.php(783): Illuminate\\Database\\Connection->runQueryCallback()
#1 /home3/motobeatceyloanp/public_html/vendor/laravel/framework/src/Illuminate/Database/Connection.php(414): Illuminate\\Database\\Connection->run()
#2 /home3/motobeatceyloanp/public_html/vendor/laravel/framework/src/Illuminate/Database/Query/Builder.php(2913): Illuminate\\Database\\Connection->select()
#3 /home3/motobeatceyloanp/public_html/vendor/laravel/framework/src/Illuminate/Database/Query/Builder.php(2902): Illuminate\\Database\\Query\\Builder->runSelect()
#4 /home3/motobeatceyloanp/public_html/vendor/laravel/framework/src/Illuminate/Database/Query/Builder.php(3456): Illuminate\\Database\\Query\\Builder->Illuminate\\Database\\Query\\{closure}()
#5 /home3/motobeatceyloanp/public_html/vendor/laravel/framework/src/Illuminate/Database/Query/Builder.php(2901): Illuminate\\Database\\Query\\Builder->onceWithColumns()
#6 /home3/motobeatceyloanp/public_html/vendor/laravel/framework/src/Illuminate/Database/Query/Builder.php(3066): Illuminate\\Database\\Query\\Builder->get()
#7 /home3/motobeatceyloanp/public_html/vendor/laravel/framework/src/Illuminate/Database/Query/Builder.php(3025): Illuminate\\Database\\Query\\Builder->runPaginationCountQuery()
#8 /home3/motobeatceyloanp/public_html/vendor/laravel/framework/src/Illuminate/Database/Eloquent/Builder.php(923): Illuminate\\Database\\Query\\Builder->getCountForPagination()
#9 /home3/motobeatceyloanp/public_html/app/Http/Controllers/IncomeController.php(38): Illuminate\\Database\\Eloquent\\Builder->paginate()
#10 /home3/motobeatceyloanp/public_html/vendor/laravel/framework/src/Illuminate/Routing/Controller.php(54): App\\Http\\Controllers\\IncomeController->index()
#11 /home3/motobeatceyloanp/public_html/vendor/laravel/framework/src/Illuminate/Routing/ControllerDispatcher.php(43): Illuminate\\Routing\\Controller->callAction()
#12 /home3/motobeatceyloanp/public_html/vendor/laravel/framework/src/Illuminate/Routing/Route.php(259): Illuminate\\Routing\\ControllerDispatcher->dispatch()
#13 /home3/motobeatceyloanp/public_html/vendor/laravel/framework/src/Illuminate/Routing/Route.php(205): Illuminate\\Routing\\Route->runController()
#14 /home3/motobeatceyloanp/public_html/vendor/laravel/framework/src/Illuminate/Routing/Router.php(806): Illuminate\\Routing\\Route->run()
#15 /home3/motobeatceyloanp/public_html/vendor/laravel/framework/src/Illuminate/Pipeline/Pipeline.php(144): Illuminate\\Routing\\Router->Illuminate\\Routing\\{closure}()
#16 /home3/motobeatceyloanp/public_html/app/Http/Middleware/CheckTenantLock.php(107): Illuminate\\Pipeline\\Pipeline->Illuminate\\Pipeline\\{closure}()
#17 /home3/motobeatceyloanp/public_html/vendor/laravel/framework/src/Illuminate/Pipeline/Pipeline.php(183): App\\Http\\Middleware\\CheckTenantLock->handle()
#18 /home3/motobeatceyloanp/public_html/app/Http/Middleware/TenantScope.php(46): Illuminate\\Pipeline\\Pipeline->Illuminate\\Pipeline\\{closure}()
#19 /home3/motobeatceyloanp/public_html/vendor/laravel/framework/src/Illuminate/Pipeline/Pipeline.php(183): App\\Http\\Middleware\\TenantScope->handle()
#20 /home3/motobeatceyloanp/public_html/vendor/laravel/framework/src/Illuminate/Routing/Middleware/SubstituteBindings.php(50): Illuminate\\Pipeline\\Pipeline->Illuminate\\Pipeline\\{closure}()
#21 /home3/motobeatceyloanp/public_html/vendor/laravel/framework/src/Illuminate/Pipeline/Pipeline.php(183): Illuminate\\Routing\\Middleware\\SubstituteBindings->handle()
#22 /home3/motobeatceyloanp/public_html/vendor/laravel/framework/src/Illuminate/Auth/Middleware/Authenticate.php(57): Illuminate\\Pipeline\\Pipeline->Illuminate\\Pipeline\\{closure}()
#23 /home3/motobeatceyloanp/public_html/vendor/laravel/framework/src/Illuminate/Pipeline/Pipeline.php(183): Illuminate\\Auth\\Middleware\\Authenticate->handle()
#24 /home3/motobeatceyloanp/public_html/vendor/laravel/framework/src/Illuminate/Foundation/Http/Middleware/VerifyCsrfToken.php(78): Illuminate\\Pipeline\\Pipeline->Illuminate\\Pipeline\\{closure}()
#25 /home3/motobeatceyloanp/public_html/vendor/laravel/framework/src/Illuminate/Pipeline/Pipeline.php(183): Illuminate\\Foundation\\Http\\Middleware\\VerifyCsrfToken->handle()
#26 /home3/motobeatceyloanp/public_html/vendor/laravel/framework/src/Illuminate/View/Middleware/ShareErrorsFromSession.php(49): Illuminate\\Pipeline\\Pipeline->Illuminate\\Pipeline\\{closure}()
#27 /home3/motobeatceyloanp/public_html/vendor/laravel/framework/src/Illuminate/Pipeline/Pipeline.php(183): Illuminate\\View\\Middleware\\ShareErrorsFromSession->handle()
#28 /home3/motobeatceyloanp/public_html/vendor/laravel/framework/src/Illuminate/Session/Middleware/StartSession.php(121): Illuminate\\Pipeline\\Pipeline->Illuminate\\Pipeline\\{closure}()
#29 /home3/motobeatceyloanp/public_html/vendor/laravel/framework/src/Illuminate/Session/Middleware/StartSession.php(64): Illuminate\\Session\\Middleware\\StartSession->handleStatefulRequest()
#30 /home3/motobeatceyloanp/public_html/vendor/laravel/framework/src/Illuminate/Pipeline/Pipeline.php(183): Illuminate\\Session\\Middleware\\StartSession->handle()
#31 /home3/motobeatceyloanp/public_html/vendor/laravel/framework/src/Illuminate/Cookie/Middleware/AddQueuedCookiesToResponse.php(37): Illuminate\\Pipeline\\Pipeline->Illuminate\\Pipeline\\{closure}()
#32 /home3/motobeatceyloanp/public_html/vendor/laravel/framework/src/Illuminate/Pipeline/Pipeline.php(183): Illuminate\\Cookie\\Middleware\\AddQueuedCookiesToResponse->handle()
#33 /home3/motobeatceyloanp/public_html/vendor/laravel/framework/src/Illuminate/Cookie/Middleware/EncryptCookies.php(67): Illuminate\\Pipeline\\Pipeline->Illuminate\\Pipeline\\{closure}()
#34 /home3/motobeatceyloanp/public_html/vendor/laravel/framework/src/Illuminate/Pipeline/Pipeline.php(183): Illuminate\\Cookie\\Middleware\\EncryptCookies->handle()
#35 /home3/motobeatceyloanp/public_html/vendor/laravel/framework/src/Illuminate/Pipeline/Pipeline.php(119): Illuminate\\Pipeline\\Pipeline->Illuminate\\Pipeline\\{closure}()
#36 /home3/motobeatceyloanp/public_html/vendor/laravel/framework/src/Illuminate/Routing/Router.php(805): Illuminate\\Pipeline\\Pipeline->then()
#37 /home3/motobeatceyloanp/public_html/vendor/laravel/framework/src/Illuminate/Routing/Router.php(784): Illuminate\\Routing\\Router->runRouteWithinStack()
#38 /home3/motobeatceyloanp/public_html/vendor/laravel/framework/src/Illuminate/Routing/Router.php(748): Illuminate\\Routing\\Router->runRoute()
#39 /home3/motobeatceyloanp/public_html/vendor/laravel/framework/src/Illuminate/Routing/Router.php(737): Illuminate\\Routing\\Router->dispatchToRoute()
#40 /home3/motobeatceyloanp/public_html/vendor/laravel/framework/src/Illuminate/Foundation/Http/Kernel.php(200): Illuminate\\Routing\\Router->dispatch()
#41 /home3/motobeatceyloanp/public_html/vendor/laravel/framework/src/Illuminate/Pipeline/Pipeline.php(144): Illuminate\\Foundation\\Http\\Kernel->Illuminate\\Foundation\\Http\\{closure}()
#42 /home3/motobeatceyloanp/public_html/vendor/laravel/framework/src/Illuminate/Foundation/Http/Middleware/TransformsRequest.php(21): Illuminate\\Pipeline\\Pipeline->Illuminate\\Pipeline\\{closure}()
#43 /home3/motobeatceyloanp/public_html/vendor/laravel/framework/src/Illuminate/Foundation/Http/Middleware/ConvertEmptyStringsToNull.php(31): Illuminate\\Foundation\\Http\\Middleware\\TransformsRequest->handle()
#44 /home3/motobeatceyloanp/public_html/vendor/laravel/framework/src/Illuminate/Pipeline/Pipeline.php(183): Illuminate\\Foundation\\Http\\Middleware\\ConvertEmptyStringsToNull->handle()
#45 /home3/motobeatceyloanp/public_html/vendor/laravel/framework/src/Illuminate/Foundation/Http/Middleware/ValidatePostSize.php(27): Illuminate\\Pipeline\\Pipeline->Illuminate\\Pipeline\\{closure}()
#46 /home3/motobeatceyloanp/public_html/vendor/laravel/framework/src/Illuminate/Pipeline/Pipeline.php(183): Illuminate\\Foundation\\Http\\Middleware\\ValidatePostSize->handle()
#47 /home3/motobeatceyloanp/public_html/vendor/laravel/framework/src/Illuminate/Http/Middleware/HandleCors.php(49): Illuminate\\Pipeline\\Pipeline->Illuminate\\Pipeline\\{closure}()
#48 /home3/motobeatceyloanp/public_html/vendor/laravel/framework/src/Illuminate/Pipeline/Pipeline.php(183): Illuminate\\Http\\Middleware\\HandleCors->handle()
#49 /home3/motobeatceyloanp/public_html/vendor/laravel/framework/src/Illuminate/Pipeline/Pipeline.php(119): Illuminate\\Pipeline\\Pipeline->Illuminate\\Pipeline\\{closure}()
#50 /home3/motobeatceyloanp/public_html/vendor/laravel/framework/src/Illuminate/Foundation/Http/Kernel.php(175): Illuminate\\Pipeline\\Pipeline->then()
#51 /home3/motobeatceyloanp/public_html/vendor/laravel/framework/src/Illuminate/Foundation/Http/Kernel.php(144): Illuminate\\Foundation\\Http\\Kernel->sendRequestThroughRouter()
#52 /home3/motobeatceyloanp/public_html/public/index.php(36): Illuminate\\Foundation\\Http\\Kernel->handle()
#53 {main}

[previous exception] [object] (PDOException(code: 42S02): SQLSTATE[42S02]: Base table or view not found: 1146 Table 'motobeatceyloanp_db1.incomes' doesn't exist at /home3/motobeatceyloanp/public_html/vendor/laravel/framework/src/Illuminate/Database/Connection.php:423)
[stacktrace]
#0 /home3/motobeatceyloanp/public_html/vendor/laravel/framework/src/Illuminate/Database/Connection.php(423): PDO->prepare()
#1 /home3/motobeatceyloanp/public_html/vendor/laravel/framework/src/Illuminate/Database/Connection.php(816): Illuminate\\Database\\Connection->Illuminate\\Database\\{closure}()
#2 /home3/motobeatceyloanp/public_html/vendor/laravel/framework/src/Illuminate/Database/Connection.php(783): Illuminate\\Database\\Connection->runQueryCallback()
#3 /home3/motobeatceyloanp/public_html/vendor/laravel/framework/src/Illuminate/Database/Connection.php(414): Illuminate\\Database\\Connection->run()
#4 /home3/motobeatceyloanp/public_html/vendor/laravel/framework/src/Illuminate/Database/Query/Builder.php(2913): Illuminate\\Database\\Connection->select()
#5 /home3/motobeatceyloanp/public_html/vendor/laravel/framework/src/Illuminate/Database/Query/Builder.php(2902): Illuminate\\Database\\Query\\Builder->runSelect()
#6 /home3/motobeatceyloanp/public_html/vendor/laravel/framework/src/Illuminate/Database/Query/Builder.php(3456): Illuminate\\Database\\Query\\Builder->Illuminate\\Database\\Query\\{closure}()
#7 /home3/motobeatceyloanp/public_html/vendor/laravel/framework/src/Illuminate/Database/Query/Builder.php(2901): Illuminate\\Database\\Query\\Builder->onceWithColumns()
#8 /home3/motobeatceyloanp/public_html/vendor/laravel/framework/src/Illuminate/Database/Query/Builder.php(3066): Illuminate\\Database\\Query\\Builder->get()
#9 /home3/motobeatceyloanp/public_html/vendor/laravel/framework/src/Illuminate/Database/Query/Builder.php(3025): Illuminate\\Database\\Query\\Builder->runPaginationCountQuery()
#10 /home3/motobeatceyloanp/public_html/vendor/laravel/framework/src/Illuminate/Database/Eloquent/Builder.php(923): Illuminate\\Database\\Query\\Builder->getCountForPagination()
#11 /home3/motobeatceyloanp/public_html/app/Http/Controllers/IncomeController.php(38): Illuminate\\Database\\Eloquent\\Builder->paginate()
#12 /home3/motobeatceyloanp/public_html/vendor/laravel/framework/src/Illuminate/Routing/Controller.php(54): App\\Http\\Controllers\\IncomeController->index()
#13 /home3/motobeatceyloanp/public_html/vendor/laravel/framework/src/Illuminate/Routing/ControllerDispatcher.php(43): Illuminate\\Routing\\Controller->callAction()
#14 /home3/motobeatceyloanp/public_html/vendor/laravel/framework/src/Illuminate/Routing/Route.php(259): Illuminate\\Routing\\ControllerDispatcher->dispatch()
#15 /home3/motobeatceyloanp/public_html/vendor/laravel/framework/src/Illuminate/Routing/Route.php(205): Illuminate\\Routing\\Route->runController()
#16 /home3/motobeatceyloanp/public_html/vendor/laravel/framework/src/Illuminate/Routing/Router.php(806): Illuminate\\Routing\\Route->run()
#17 /home3/motobeatceyloanp/public_html/vendor/laravel/framework/src/Illuminate/Pipeline/Pipeline.php(144): Illuminate\\Routing\\Router->Illuminate\\Routing\\{closure}()
#18 /home3/motobeatceyloanp/public_html/app/Http/Middleware/CheckTenantLock.php(107): Illuminate\\Pipeline\\Pipeline->Illuminate\\Pipeline\\{closure}()
#19 /home3/motobeatceyloanp/public_html/vendor/laravel/framework/src/Illuminate/Pipeline/Pipeline.php(183): App\\Http\\Middleware\\CheckTenantLock->handle()
#20 /home3/motobeatceyloanp/public_html/app/Http/Middleware/TenantScope.php(46): Illuminate\\Pipeline\\Pipeline->Illuminate\\Pipeline\\{closure}()
#21 /home3/motobeatceyloanp/public_html/vendor/laravel/framework/src/Illuminate/Pipeline/Pipeline.php(183): App\\Http\\Middleware\\TenantScope->handle()
#22 /home3/motobeatceyloanp/public_html/vendor/laravel/framework/src/Illuminate/Routing/Middleware/SubstituteBindings.php(50): Illuminate\\Pipeline\\Pipeline->Illuminate\\Pipeline\\{closure}()
#23 /home3/motobeatceyloanp/public_html/vendor/laravel/framework/src/Illuminate/Pipeline/Pipeline.php(183): Illuminate\\Routing\\Middleware\\SubstituteBindings->handle()
#24 /home3/motobeatceyloanp/public_html/vendor/laravel/framework/src/Illuminate/Auth/Middleware/Authenticate.php(57): Illuminate\\Pipeline\\Pipeline->Illuminate\\Pipeline\\{closure}()
#25 /home3/motobeatceyloanp/public_html/vendor/laravel/framework/src/Illuminate/Pipeline/Pipeline.php(183): Illuminate\\Auth\\Middleware\\Authenticate->handle()
#26 /home3/motobeatceyloanp/public_html/vendor/laravel/framework/src/Illuminate/Foundation/Http/Middleware/VerifyCsrfToken.php(78): Illuminate\\Pipeline\\Pipeline->Illuminate\\Pipeline\\{closure}()
#27 /home3/motobeatceyloanp/public_html/vendor/laravel/framework/src/Illuminate/Pipeline/Pipeline.php(183): Illuminate\\Foundation\\Http\\Middleware\\VerifyCsrfToken->handle()
#28 /home3/motobeatceyloanp/public_html/vendor/laravel/framework/src/Illuminate/View/Middleware/ShareErrorsFromSession.php(49): Illuminate\\Pipeline\\Pipeline->Illuminate\\Pipeline\\{closure}()
#29 /home3/motobeatceyloanp/public_html/vendor/laravel/framework/src/Illuminate/Pipeline/Pipeline.php(183): Illuminate\\View\\Middleware\\ShareErrorsFromSession->handle()
#30 /home3/motobeatceyloanp/public_html/vendor/laravel/framework/src/Illuminate/Session/Middleware/StartSession.php(121): Illuminate\\Pipeline\\Pipeline->Illuminate\\Pipeline\\{closure}()
#31 /home3/motobeatceyloanp/public_html/vendor/laravel/framework/src/Illuminate/Session/Middleware/StartSession.php(64): Illuminate\\Session\\Middleware\\StartSession->handleStatefulRequest()
#32 /home3/motobeatceyloanp/public_html/vendor/laravel/framework/src/Illuminate/Pipeline/Pipeline.php(183): Illuminate\\Session\\Middleware\\StartSession->handle()
#33 /home3/motobeatceyloanp/public_html/vendor/laravel/framework/src/Illuminate/Cookie/Middleware/AddQueuedCookiesToResponse.php(37): Illuminate\\Pipeline\\Pipeline->Illuminate\\Pipeline\\{closure}()
#34 /home3/motobeatceyloanp/public_html/vendor/laravel/framework/src/Illuminate/Pipeline/Pipeline.php(183): Illuminate\\Cookie\\Middleware\\AddQueuedCookiesToResponse->handle()
#35 /home3/motobeatceyloanp/public_html/vendor/laravel/framework/src/Illuminate/Cookie/Middleware/EncryptCookies.php(67): Illuminate\\Pipeline\\Pipeline->Illuminate\\Pipeline\\{closure}()
#36 /home3/motobeatceyloanp/public_html/vendor/laravel/framework/src/Illuminate/Pipeline/Pipeline.php(183): Illuminate\\Cookie\\Middleware\\EncryptCookies->handle()
#37 /home3/motobeatceyloanp/public_html/vendor/laravel/framework/src/Illuminate/Pipeline/Pipeline.php(119): Illuminate\\Pipeline\\Pipeline->Illuminate\\Pipeline\\{closure}()
#38 /home3/motobeatceyloanp/public_html/vendor/laravel/framework/src/Illuminate/Routing/Router.php(805): Illuminate\\Pipeline\\Pipeline->then()
#39 /home3/motobeatceyloanp/public_html/vendor/laravel/framework/src/Illuminate/Routing/Router.php(784): Illuminate\\Routing\\Router->runRouteWithinStack()
#40 /home3/motobeatceyloanp/public_html/vendor/laravel/framework/src/Illuminate/Routing/Router.php(748): Illuminate\\Routing\\Router->runRoute()
#41 /home3/motobeatceyloanp/public_html/vendor/laravel/framework/src/Illuminate/Routing/Router.php(737): Illuminate\\Routing\\Router->dispatchToRoute()
#42 /home3/motobeatceyloanp/public_html/vendor/laravel/framework/src/Illuminate/Foundation/Http/Kernel.php(200): Illuminate\\Routing\\Router->dispatch()
#43 /home3/motobeatceyloanp/public_html/vendor/laravel/framework/src/Illuminate/Pipeline/Pipeline.php(144): Illuminate\\Foundation\\Http\\Kernel->Illuminate\\Foundation\\Http\\{closure}()
#44 /home3/motobeatceyloanp/public_html/vendor/laravel/framework/src/Illuminate/Foundation/Http/Middleware/TransformsRequest.php(21): Illuminate\\Pipeline\\Pipeline->Illuminate\\Pipeline\\{closure}()
#45 /home3/motobeatceyloanp/public_html/vendor/laravel/framework/src/Illuminate/Foundation/Http/Middleware/ConvertEmptyStringsToNull.php(31): Illuminate\\Foundation\\Http\\Middleware\\TransformsRequest->handle()
#46 /home3/motobeatceyloanp/public_html/vendor/laravel/framework/src/Illuminate/Pipeline/Pipeline.php(183): Illuminate\\Foundation\\Http\\Middleware\\ConvertEmptyStringsToNull->handle()
#47 /home3/motobeatceyloanp/public_html/vendor/laravel/framework/src/Illuminate/Foundation/Http/Middleware/ValidatePostSize.php(27): Illuminate\\Pipeline\\Pipeline->Illuminate\\Pipeline\\{closure}()
#48 /home3/motobeatceyloanp/public_html/vendor/laravel/framework/src/Illuminate/Pipeline/Pipeline.php(183): Illuminate\\Foundation\\Http\\Middleware\\ValidatePostSize->handle()
#49 /home3/motobeatceyloanp/public_html/vendor/laravel/framework/src/Illuminate/Http/Middleware/HandleCors.php(49): Illuminate\\Pipeline\\Pipeline->Illuminate\\Pipeline\\{closure}()
#50 /home3/motobeatceyloanp/public_html/vendor/laravel/framework/src/Illuminate/Pipeline/Pipeline.php(183): Illuminate\\Http\\Middleware\\HandleCors->handle()
#51 /home3/motobeatceyloanp/public_html/vendor/laravel/framework/src/Illuminate/Pipeline/Pipeline.php(119): Illuminate\\Pipeline\\Pipeline->Illuminate\\Pipeline\\{closure}()
#52 /home3/motobeatceyloanp/public_html/vendor/laravel/framework/src/Illuminate/Foundation/Http/Kernel.php(175): Illuminate\\Pipeline\\Pipeline->then()
#53 /home3/motobeatceyloanp/public_html/vendor/laravel/framework/src/Illuminate/Foundation/Http/Kernel.php(144): Illuminate\\Foundation\\Http\\Kernel->sendRequestThroughRouter()
#54 /home3/motobeatceyloanp/public_html/public/index.php(36): Illuminate\\Foundation\\Http\\Kernel->handle()
#55 {main}
"} 
[2026-04-06 00:07:07] production.ERROR: SQLSTATE[42S02]: Base table or view not found: 1146 Table 'motobeatceyloanp_db1.incomes' doesn't exist (Connection: mysql, SQL: select count(*) as aggregate from `incomes` where `store_id` = 2 and `incomes`.`deleted_at` is null) {"userId":4,"exception":"[object] (Illuminate\\Database\\QueryException(code: 42S02): SQLSTATE[42S02]: Base table or view not found: 1146 Table 'motobeatceyloanp_db1.incomes' doesn't exist (Connection: mysql, SQL: select count(*) as aggregate from `incomes` where `store_id` = 2 and `incomes`.`deleted_at` is null) at /home3/motobeatceyloanp/public_html/vendor/laravel/framework/src/Illuminate/Database/Connection.php:829)
[stacktrace]
#0 /home3/motobeatceyloanp/public_html/vendor/laravel/framework/src/Illuminate/Database/Connection.php(783): Illuminate\\Database\\Connection->runQueryCallback()
#1 /home3/motobeatceyloanp/public_html/vendor/laravel/framework/src/Illuminate/Database/Connection.php(414): Illuminate\\Database\\Connection->run()
#2 /home3/motobeatceyloanp/public_html/vendor/laravel/framework/src/Illuminate/Database/Query/Builder.php(2913): Illuminate\\Database\\Connection->select()
#3 /home3/motobeatceyloanp/public_html/vendor/laravel/framework/src/Illuminate/Database/Query/Builder.php(2902): Illuminate\\Database\\Query\\Builder->runSelect()
#4 /home3/motobeatceyloanp/public_html/vendor/laravel/framework/src/Illuminate/Database/Query/Builder.php(3456): Illuminate\\Database\\Query\\Builder->Illuminate\\Database\\Query\\{closure}()
#5 /home3/motobeatceyloanp/public_html/vendor/laravel/framework/src/Illuminate/Database/Query/Builder.php(2901): Illuminate\\Database\\Query\\Builder->onceWithColumns()
#6 /home3/motobeatceyloanp/public_html/vendor/laravel/framework/src/Illuminate/Database/Query/Builder.php(3066): Illuminate\\Database\\Query\\Builder->get()
#7 /home3/motobeatceyloanp/public_html/vendor/laravel/framework/src/Illuminate/Database/Query/Builder.php(3025): Illuminate\\Database\\Query\\Builder->runPaginationCountQuery()
#8 /home3/motobeatceyloanp/public_html/vendor/laravel/framework/src/Illuminate/Database/Eloquent/Builder.php(923): Illuminate\\Database\\Query\\Builder->getCountForPagination()
#9 /home3/motobeatceyloanp/public_html/app/Http/Controllers/IncomeController.php(38): Illuminate\\Database\\Eloquent\\Builder->paginate()
#10 /home3/motobeatceyloanp/public_html/vendor/laravel/framework/src/Illuminate/Routing/Controller.php(54): App\\Http\\Controllers\\IncomeController->index()
#11 /home3/motobeatceyloanp/public_html/vendor/laravel/framework/src/Illuminate/Routing/ControllerDispatcher.php(43): Illuminate\\Routing\\Controller->callAction()
#12 /home3/motobeatceyloanp/public_html/vendor/laravel/framework/src/Illuminate/Routing/Route.php(259): Illuminate\\Routing\\ControllerDispatcher->dispatch()
#13 /home3/motobeatceyloanp/public_html/vendor/laravel/framework/src/Illuminate/Routing/Route.php(205): Illuminate\\Routing\\Route->runController()
#14 /home3/motobeatceyloanp/public_html/vendor/laravel/framework/src/Illuminate/Routing/Router.php(806): Illuminate\\Routing\\Route->run()
#15 /home3/motobeatceyloanp/public_html/vendor/laravel/framework/src/Illuminate/Pipeline/Pipeline.php(144): Illuminate\\Routing\\Router->Illuminate\\Routing\\{closure}()
#16 /home3/motobeatceyloanp/public_html/app/Http/Middleware/CheckTenantLock.php(107): Illuminate\\Pipeline\\Pipeline->Illuminate\\Pipeline\\{closure}()
#17 /home3/motobeatceyloanp/public_html/vendor/laravel/framework/src/Illuminate/Pipeline/Pipeline.php(183): App\\Http\\Middleware\\CheckTenantLock->handle()
#18 /home3/motobeatceyloanp/public_html/app/Http/Middleware/TenantScope.php(46): Illuminate\\Pipeline\\Pipeline->Illuminate\\Pipeline\\{closure}()
#19 /home3/motobeatceyloanp/public_html/vendor/laravel/framework/src/Illuminate/Pipeline/Pipeline.php(183): App\\Http\\Middleware\\TenantScope->handle()
#20 /home3/motobeatceyloanp/public_html/vendor/laravel/framework/src/Illuminate/Routing/Middleware/SubstituteBindings.php(50): Illuminate\\Pipeline\\Pipeline->Illuminate\\Pipeline\\{closure}()
#21 /home3/motobeatceyloanp/public_html/vendor/laravel/framework/src/Illuminate/Pipeline/Pipeline.php(183): Illuminate\\Routing\\Middleware\\SubstituteBindings->handle()
#22 /home3/motobeatceyloanp/public_html/vendor/laravel/framework/src/Illuminate/Auth/Middleware/Authenticate.php(57): Illuminate\\Pipeline\\Pipeline->Illuminate\\Pipeline\\{closure}()
#23 /home3/motobeatceyloanp/public_html/vendor/laravel/framework/src/Illuminate/Pipeline/Pipeline.php(183): Illuminate\\Auth\\Middleware\\Authenticate->handle()
#24 /home3/motobeatceyloanp/public_html/vendor/laravel/framework/src/Illuminate/Foundation/Http/Middleware/VerifyCsrfToken.php(78): Illuminate\\Pipeline\\Pipeline->Illuminate\\Pipeline\\{closure}()
#25 /home3/motobeatceyloanp/public_html/vendor/laravel/framework/src/Illuminate/Pipeline/Pipeline.php(183): Illuminate\\Foundation\\Http\\Middleware\\VerifyCsrfToken->handle()
#26 /home3/motobeatceyloanp/public_html/vendor/laravel/framework/src/Illuminate/View/Middleware/ShareErrorsFromSession.php(49): Illuminate\\Pipeline\\Pipeline->Illuminate\\Pipeline\\{closure}()
#27 /home3/motobeatceyloanp/public_html/vendor/laravel/framework/src/Illuminate/Pipeline/Pipeline.php(183): Illuminate\\View\\Middleware\\ShareErrorsFromSession->handle()
#28 /home3/motobeatceyloanp/public_html/vendor/laravel/framework/src/Illuminate/Session/Middleware/StartSession.php(121): Illuminate\\Pipeline\\Pipeline->Illuminate\\Pipeline\\{closure}()
#29 /home3/motobeatceyloanp/public_html/vendor/laravel/framework/src/Illuminate/Session/Middleware/StartSession.php(64): Illuminate\\Session\\Middleware\\StartSession->handleStatefulRequest()
#30 /home3/motobeatceyloanp/public_html/vendor/laravel/framework/src/Illuminate/Pipeline/Pipeline.php(183): Illuminate\\Session\\Middleware\\StartSession->handle()
#31 /home3/motobeatceyloanp/public_html/vendor/laravel/framework/src/Illuminate/Cookie/Middleware/AddQueuedCookiesToResponse.php(37): Illuminate\\Pipeline\\Pipeline->Illuminate\\Pipeline\\{closure}()
#32 /home3/motobeatceyloanp/public_html/vendor/laravel/framework/src/Illuminate/Pipeline/Pipeline.php(183): Illuminate\\Cookie\\Middleware\\AddQueuedCookiesToResponse->handle()
#33 /home3/motobeatceyloanp/public_html/vendor/laravel/framework/src/Illuminate/Cookie/Middleware/EncryptCookies.php(67): Illuminate\\Pipeline\\Pipeline->Illuminate\\Pipeline\\{closure}()
#34 /home3/motobeatceyloanp/public_html/vendor/laravel/framework/src/Illuminate/Pipeline/Pipeline.php(183): Illuminate\\Cookie\\Middleware\\EncryptCookies->handle()
#35 /home3/motobeatceyloanp/public_html/vendor/laravel/framework/src/Illuminate/Pipeline/Pipeline.php(119): Illuminate\\Pipeline\\Pipeline->Illuminate\\Pipeline\\{closure}()
#36 /home3/motobeatceyloanp/public_html/vendor/laravel/framework/src/Illuminate/Routing/Router.php(805): Illuminate\\Pipeline\\Pipeline->then()
#37 /home3/motobeatceyloanp/public_html/vendor/laravel/framework/src/Illuminate/Routing/Router.php(784): Illuminate\\Routing\\Router->runRouteWithinStack()
#38 /home3/motobeatceyloanp/public_html/vendor/laravel/framework/src/Illuminate/Routing/Router.php(748): Illuminate\\Routing\\Router->runRoute()
#39 /home3/motobeatceyloanp/public_html/vendor/laravel/framework/src/Illuminate/Routing/Router.php(737): Illuminate\\Routing\\Router->dispatchToRoute()
#40 /home3/motobeatceyloanp/public_html/vendor/laravel/framework/src/Illuminate/Foundation/Http/Kernel.php(200): Illuminate\\Routing\\Router->dispatch()
#41 /home3/motobeatceyloanp/public_html/vendor/laravel/framework/src/Illuminate/Pipeline/Pipeline.php(144): Illuminate\\Foundation\\Http\\Kernel->Illuminate\\Foundation\\Http\\{closure}()
#42 /home3/motobeatceyloanp/public_html/vendor/laravel/framework/src/Illuminate/Foundation/Http/Middleware/TransformsRequest.php(21): Illuminate\\Pipeline\\Pipeline->Illuminate\\Pipeline\\{closure}()
#43 /home3/motobeatceyloanp/public_html/vendor/laravel/framework/src/Illuminate/Foundation/Http/Middleware/ConvertEmptyStringsToNull.php(31): Illuminate\\Foundation\\Http\\Middleware\\TransformsRequest->handle()
#44 /home3/motobeatceyloanp/public_html/vendor/laravel/framework/src/Illuminate/Pipeline/Pipeline.php(183): Illuminate\\Foundation\\Http\\Middleware\\ConvertEmptyStringsToNull->handle()
#45 /home3/motobeatceyloanp/public_html/vendor/laravel/framework/src/Illuminate/Foundation/Http/Middleware/ValidatePostSize.php(27): Illuminate\\Pipeline\\Pipeline->Illuminate\\Pipeline\\{closure}()
#46 /home3/motobeatceyloanp/public_html/vendor/laravel/framework/src/Illuminate/Pipeline/Pipeline.php(183): Illuminate\\Foundation\\Http\\Middleware\\ValidatePostSize->handle()
#47 /home3/motobeatceyloanp/public_html/vendor/laravel/framework/src/Illuminate/Http/Middleware/HandleCors.php(49): Illuminate\\Pipeline\\Pipeline->Illuminate\\Pipeline\\{closure}()
#48 /home3/motobeatceyloanp/public_html/vendor/laravel/framework/src/Illuminate/Pipeline/Pipeline.php(183): Illuminate\\Http\\Middleware\\HandleCors->handle()
#49 /home3/motobeatceyloanp/public_html/vendor/laravel/framework/src/Illuminate/Pipeline/Pipeline.php(119): Illuminate\\Pipeline\\Pipeline->Illuminate\\Pipeline\\{closure}()
#50 /home3/motobeatceyloanp/public_html/vendor/laravel/framework/src/Illuminate/Foundation/Http/Kernel.php(175): Illuminate\\Pipeline\\Pipeline->then()
#51 /home3/motobeatceyloanp/public_html/vendor/laravel/framework/src/Illuminate/Foundation/Http/Kernel.php(144): Illuminate\\Foundation\\Http\\Kernel->sendRequestThroughRouter()
#52 /home3/motobeatceyloanp/public_html/public/index.php(36): Illuminate\\Foundation\\Http\\Kernel->handle()
#53 {main}

[previous exception] [object] (PDOException(code: 42S02): SQLSTATE[42S02]: Base table or view not found: 1146 Table 'motobeatceyloanp_db1.incomes' doesn't exist at /home3/motobeatceyloanp/public_html/vendor/laravel/framework/src/Illuminate/Database/Connection.php:423)
[stacktrace]
#0 /home3/motobeatceyloanp/public_html/vendor/laravel/framework/src/Illuminate/Database/Connection.php(423): PDO->prepare()
#1 /home3/motobeatceyloanp/public_html/vendor/laravel/framework/src/Illuminate/Database/Connection.php(816): Illuminate\\Database\\Connection->Illuminate\\Database\\{closure}()
#2 /home3/motobeatceyloanp/public_html/vendor/laravel/framework/src/Illuminate/Database/Connection.php(783): Illuminate\\Database\\Connection->runQueryCallback()
#3 /home3/motobeatceyloanp/public_html/vendor/laravel/framework/src/Illuminate/Database/Connection.php(414): Illuminate\\Database\\Connection->run()
#4 /home3/motobeatceyloanp/public_html/vendor/laravel/framework/src/Illuminate/Database/Query/Builder.php(2913): Illuminate\\Database\\Connection->select()
#5 /home3/motobeatceyloanp/public_html/vendor/laravel/framework/src/Illuminate/Database/Query/Builder.php(2902): Illuminate\\Database\\Query\\Builder->runSelect()
#6 /home3/motobeatceyloanp/public_html/vendor/laravel/framework/src/Illuminate/Database/Query/Builder.php(3456): Illuminate\\Database\\Query\\Builder->Illuminate\\Database\\Query\\{closure}()
#7 /home3/motobeatceyloanp/public_html/vendor/laravel/framework/src/Illuminate/Database/Query/Builder.php(2901): Illuminate\\Database\\Query\\Builder->onceWithColumns()
#8 /home3/motobeatceyloanp/public_html/vendor/laravel/framework/src/Illuminate/Database/Query/Builder.php(3066): Illuminate\\Database\\Query\\Builder->get()
#9 /home3/motobeatceyloanp/public_html/vendor/laravel/framework/src/Illuminate/Database/Query/Builder.php(3025): Illuminate\\Database\\Query\\Builder->runPaginationCountQuery()
#10 /home3/motobeatceyloanp/public_html/vendor/laravel/framework/src/Illuminate/Database/Eloquent/Builder.php(923): Illuminate\\Database\\Query\\Builder->getCountForPagination()
#11 /home3/motobeatceyloanp/public_html/app/Http/Controllers/IncomeController.php(38): Illuminate\\Database\\Eloquent\\Builder->paginate()
#12 /home3/motobeatceyloanp/public_html/vendor/laravel/framework/src/Illuminate/Routing/Controller.php(54): App\\Http\\Controllers\\IncomeController->index()
#13 /home3/motobeatceyloanp/public_html/vendor/laravel/framework/src/Illuminate/Routing/ControllerDispatcher.php(43): Illuminate\\Routing\\Controller->callAction()
#14 /home3/motobeatceyloanp/public_html/vendor/laravel/framework/src/Illuminate/Routing/Route.php(259): Illuminate\\Routing\\ControllerDispatcher->dispatch()
#15 /home3/motobeatceyloanp/public_html/vendor/laravel/framework/src/Illuminate/Routing/Route.php(205): Illuminate\\Routing\\Route->runController()
#16 /home3/motobeatceyloanp/public_html/vendor/laravel/framework/src/Illuminate/Routing/Router.php(806): Illuminate\\Routing\\Route->run()
#17 /home3/motobeatceyloanp/public_html/vendor/laravel/framework/src/Illuminate/Pipeline/Pipeline.php(144): Illuminate\\Routing\\Router->Illuminate\\Routing\\{closure}()
#18 /home3/motobeatceyloanp/public_html/app/Http/Middleware/CheckTenantLock.php(107): Illuminate\\Pipeline\\Pipeline->Illuminate\\Pipeline\\{closure}()
#19 /home3/motobeatceyloanp/public_html/vendor/laravel/framework/src/Illuminate/Pipeline/Pipeline.php(183): App\\Http\\Middleware\\CheckTenantLock->handle()
#20 /home3/motobeatceyloanp/public_html/app/Http/Middleware/TenantScope.php(46): Illuminate\\Pipeline\\Pipeline->Illuminate\\Pipeline\\{closure}()
#21 /home3/motobeatceyloanp/public_html/vendor/laravel/framework/src/Illuminate/Pipeline/Pipeline.php(183): App\\Http\\Middleware\\TenantScope->handle()
#22 /home3/motobeatceyloanp/public_html/vendor/laravel/framework/src/Illuminate/Routing/Middleware/SubstituteBindings.php(50): Illuminate\\Pipeline\\Pipeline->Illuminate\\Pipeline\\{closure}()
#23 /home3/motobeatceyloanp/public_html/vendor/laravel/framework/src/Illuminate/Pipeline/Pipeline.php(183): Illuminate\\Routing\\Middleware\\SubstituteBindings->handle()
#24 /home3/motobeatceyloanp/public_html/vendor/laravel/framework/src/Illuminate/Auth/Middleware/Authenticate.php(57): Illuminate\\Pipeline\\Pipeline->Illuminate\\Pipeline\\{closure}()
#25 /home3/motobeatceyloanp/public_html/vendor/laravel/framework/src/Illuminate/Pipeline/Pipeline.php(183): Illuminate\\Auth\\Middleware\\Authenticate->handle()
#26 /home3/motobeatceyloanp/public_html/vendor/laravel/framework/src/Illuminate/Foundation/Http/Middleware/VerifyCsrfToken.php(78): Illuminate\\Pipeline\\Pipeline->Illuminate\\Pipeline\\{closure}()
#27 /home3/motobeatceyloanp/public_html/vendor/laravel/framework/src/Illuminate/Pipeline/Pipeline.php(183): Illuminate\\Foundation\\Http\\Middleware\\VerifyCsrfToken->handle()
#28 /home3/motobeatceyloanp/public_html/vendor/laravel/framework/src/Illuminate/View/Middleware/ShareErrorsFromSession.php(49): Illuminate\\Pipeline\\Pipeline->Illuminate\\Pipeline\\{closure}()
#29 /home3/motobeatceyloanp/public_html/vendor/laravel/framework/src/Illuminate/Pipeline/Pipeline.php(183): Illuminate\\View\\Middleware\\ShareErrorsFromSession->handle()
#30 /home3/motobeatceyloanp/public_html/vendor/laravel/framework/src/Illuminate/Session/Middleware/StartSession.php(121): Illuminate\\Pipeline\\Pipeline->Illuminate\\Pipeline\\{closure}()
#31 /home3/motobeatceyloanp/public_html/vendor/laravel/framework/src/Illuminate/Session/Middleware/StartSession.php(64): Illuminate\\Session\\Middleware\\StartSession->handleStatefulRequest()
#32 /home3/motobeatceyloanp/public_html/vendor/laravel/framework/src/Illuminate/Pipeline/Pipeline.php(183): Illuminate\\Session\\Middleware\\StartSession->handle()
#33 /home3/motobeatceyloanp/public_html/vendor/laravel/framework/src/Illuminate/Cookie/Middleware/AddQueuedCookiesToResponse.php(37): Illuminate\\Pipeline\\Pipeline->Illuminate\\Pipeline\\{closure}()
#34 /home3/motobeatceyloanp/public_html/vendor/laravel/framework/src/Illuminate/Pipeline/Pipeline.php(183): Illuminate\\Cookie\\Middleware\\AddQueuedCookiesToResponse->handle()
#35 /home3/motobeatceyloanp/public_html/vendor/laravel/framework/src/Illuminate/Cookie/Middleware/EncryptCookies.php(67): Illuminate\\Pipeline\\Pipeline->Illuminate\\Pipeline\\{closure}()
#36 /home3/motobeatceyloanp/public_html/vendor/laravel/framework/src/Illuminate/Pipeline/Pipeline.php(183): Illuminate\\Cookie\\Middleware\\EncryptCookies->handle()
#37 /home3/motobeatceyloanp/public_html/vendor/laravel/framework/src/Illuminate/Pipeline/Pipeline.php(119): Illuminate\\Pipeline\\Pipeline->Illuminate\\Pipeline\\{closure}()
#38 /home3/motobeatceyloanp/public_html/vendor/laravel/framework/src/Illuminate/Routing/Router.php(805): Illuminate\\Pipeline\\Pipeline->then()
#39 /home3/motobeatceyloanp/public_html/vendor/laravel/framework/src/Illuminate/Routing/Router.php(784): Illuminate\\Routing\\Router->runRouteWithinStack()
#40 /home3/motobeatceyloanp/public_html/vendor/laravel/framework/src/Illuminate/Routing/Router.php(748): Illuminate\\Routing\\Router->runRoute()
#41 /home3/motobeatceyloanp/public_html/vendor/laravel/framework/src/Illuminate/Routing/Router.php(737): Illuminate\\Routing\\Router->dispatchToRoute()
#42 /home3/motobeatceyloanp/public_html/vendor/laravel/framework/src/Illuminate/Foundation/Http/Kernel.php(200): Illuminate\\Routing\\Router->dispatch()
#43 /home3/motobeatceyloanp/public_html/vendor/laravel/framework/src/Illuminate/Pipeline/Pipeline.php(144): Illuminate\\Foundation\\Http\\Kernel->Illuminate\\Foundation\\Http\\{closure}()
#44 /home3/motobeatceyloanp/public_html/vendor/laravel/framework/src/Illuminate/Foundation/Http/Middleware/TransformsRequest.php(21): Illuminate\\Pipeline\\Pipeline->Illuminate\\Pipeline\\{closure}()
#45 /home3/motobeatceyloanp/public_html/vendor/laravel/framework/src/Illuminate/Foundation/Http/Middleware/ConvertEmptyStringsToNull.php(31): Illuminate\\Foundation\\Http\\Middleware\\TransformsRequest->handle()
#46 /home3/motobeatceyloanp/public_html/vendor/laravel/framework/src/Illuminate/Pipeline/Pipeline.php(183): Illuminate\\Foundation\\Http\\Middleware\\ConvertEmptyStringsToNull->handle()
#47 /home3/motobeatceyloanp/public_html/vendor/laravel/framework/src/Illuminate/Foundation/Http/Middleware/ValidatePostSize.php(27): Illuminate\\Pipeline\\Pipeline->Illuminate\\Pipeline\\{closure}()
#48 /home3/motobeatceyloanp/public_html/vendor/laravel/framework/src/Illuminate/Pipeline/Pipeline.php(183): Illuminate\\Foundation\\Http\\Middleware\\ValidatePostSize->handle()
#49 /home3/motobeatceyloanp/public_html/vendor/laravel/framework/src/Illuminate/Http/Middleware/HandleCors.php(49): Illuminate\\Pipeline\\Pipeline->Illuminate\\Pipeline\\{closure}()
#50 /home3/motobeatceyloanp/public_html/vendor/laravel/framework/src/Illuminate/Pipeline/Pipeline.php(183): Illuminate\\Http\\Middleware\\HandleCors->handle()
#51 /home3/motobeatceyloanp/public_html/vendor/laravel/framework/src/Illuminate/Pipeline/Pipeline.php(119): Illuminate\\Pipeline\\Pipeline->Illuminate\\Pipeline\\{closure}()
#52 /home3/motobeatceyloanp/public_html/vendor/laravel/framework/src/Illuminate/Foundation/Http/Kernel.php(175): Illuminate\\Pipeline\\Pipeline->then()
#53 /home3/motobeatceyloanp/public_html/vendor/laravel/framework/src/Illuminate/Foundation/Http/Kernel.php(144): Illuminate\\Foundation\\Http\\Kernel->sendRequestThroughRouter()
#54 /home3/motobeatceyloanp/public_html/public/index.php(36): Illuminate\\Foundation\\Http\\Kernel->handle()
#55 {main}
"} 
[2026-04-06 00:07:55] production.ERROR: SQLSTATE[42S02]: Base table or view not found: 1146 Table 'motobeatceyloanp_db1.incomes' doesn't exist (Connection: mysql, SQL: select count(*) as aggregate from `incomes` where `store_id` = 2 and `incomes`.`deleted_at` is null) {"userId":4,"exception":"[object] (Illuminate\\Database\\QueryException(code: 42S02): SQLSTATE[42S02]: Base table or view not found: 1146 Table 'motobeatceyloanp_db1.incomes' doesn't exist (Connection: mysql, SQL: select count(*) as aggregate from `incomes` where `store_id` = 2 and `incomes`.`deleted_at` is null) at /home3/motobeatceyloanp/public_html/vendor/laravel/framework/src/Illuminate/Database/Connection.php:829)
[stacktrace]
#0 /home3/motobeatceyloanp/public_html/vendor/laravel/framework/src/Illuminate/Database/Connection.php(783): Illuminate\\Database\\Connection->runQueryCallback()
#1 /home3/motobeatceyloanp/public_html/vendor/laravel/framework/src/Illuminate/Database/Connection.php(414): Illuminate\\Database\\Connection->run()
#2 /home3/motobeatceyloanp/public_html/vendor/laravel/framework/src/Illuminate/Database/Query/Builder.php(2913): Illuminate\\Database\\Connection->select()
#3 /home3/motobeatceyloanp/public_html/vendor/laravel/framework/src/Illuminate/Database/Query/Builder.php(2902): Illuminate\\Database\\Query\\Builder->runSelect()
#4 /home3/motobeatceyloanp/public_html/vendor/laravel/framework/src/Illuminate/Database/Query/Builder.php(3456): Illuminate\\Database\\Query\\Builder->Illuminate\\Database\\Query\\{closure}()
#5 /home3/motobeatceyloanp/public_html/vendor/laravel/framework/src/Illuminate/Database/Query/Builder.php(2901): Illuminate\\Database\\Query\\Builder->onceWithColumns()
#6 /home3/motobeatceyloanp/public_html/vendor/laravel/framework/src/Illuminate/Database/Query/Builder.php(3066): Illuminate\\Database\\Query\\Builder->get()
#7 /home3/motobeatceyloanp/public_html/vendor/laravel/framework/src/Illuminate/Database/Query/Builder.php(3025): Illuminate\\Database\\Query\\Builder->runPaginationCountQuery()
#8 /home3/motobeatceyloanp/public_html/vendor/laravel/framework/src/Illuminate/Database/Eloquent/Builder.php(923): Illuminate\\Database\\Query\\Builder->getCountForPagination()
#9 /home3/motobeatceyloanp/public_html/app/Http/Controllers/IncomeController.php(38): Illuminate\\Database\\Eloquent\\Builder->paginate()
#10 /home3/motobeatceyloanp/public_html/vendor/laravel/framework/src/Illuminate/Routing/Controller.php(54): App\\Http\\Controllers\\IncomeController->index()
#11 /home3/motobeatceyloanp/public_html/vendor/laravel/framework/src/Illuminate/Routing/ControllerDispatcher.php(43): Illuminate\\Routing\\Controller->callAction()
#12 /home3/motobeatceyloanp/public_html/vendor/laravel/framework/src/Illuminate/Routing/Route.php(259): Illuminate\\Routing\\ControllerDispatcher->dispatch()
#13 /home3/motobeatceyloanp/public_html/vendor/laravel/framework/src/Illuminate/Routing/Route.php(205): Illuminate\\Routing\\Route->runController()
#14 /home3/motobeatceyloanp/public_html/vendor/laravel/framework/src/Illuminate/Routing/Router.php(806): Illuminate\\Routing\\Route->run()
#15 /home3/motobeatceyloanp/public_html/vendor/laravel/framework/src/Illuminate/Pipeline/Pipeline.php(144): Illuminate\\Routing\\Router->Illuminate\\Routing\\{closure}()
#16 /home3/motobeatceyloanp/public_html/app/Http/Middleware/CheckTenantLock.php(107): Illuminate\\Pipeline\\Pipeline->Illuminate\\Pipeline\\{closure}()
#17 /home3/motobeatceyloanp/public_html/vendor/laravel/framework/src/Illuminate/Pipeline/Pipeline.php(183): App\\Http\\Middleware\\CheckTenantLock->handle()
#18 /home3/motobeatceyloanp/public_html/app/Http/Middleware/TenantScope.php(46): Illuminate\\Pipeline\\Pipeline->Illuminate\\Pipeline\\{closure}()
#19 /home3/motobeatceyloanp/public_html/vendor/laravel/framework/src/Illuminate/Pipeline/Pipeline.php(183): App\\Http\\Middleware\\TenantScope->handle()
#20 /home3/motobeatceyloanp/public_html/vendor/laravel/framework/src/Illuminate/Routing/Middleware/SubstituteBindings.php(50): Illuminate\\Pipeline\\Pipeline->Illuminate\\Pipeline\\{closure}()
#21 /home3/motobeatceyloanp/public_html/vendor/laravel/framework/src/Illuminate/Pipeline/Pipeline.php(183): Illuminate\\Routing\\Middleware\\SubstituteBindings->handle()
#22 /home3/motobeatceyloanp/public_html/vendor/laravel/framework/src/Illuminate/Auth/Middleware/Authenticate.php(57): Illuminate\\Pipeline\\Pipeline->Illuminate\\Pipeline\\{closure}()
#23 /home3/motobeatceyloanp/public_html/vendor/laravel/framework/src/Illuminate/Pipeline/Pipeline.php(183): Illuminate\\Auth\\Middleware\\Authenticate->handle()
#24 /home3/motobeatceyloanp/public_html/vendor/laravel/framework/src/Illuminate/Foundation/Http/Middleware/VerifyCsrfToken.php(78): Illuminate\\Pipeline\\Pipeline->Illuminate\\Pipeline\\{closure}()
#25 /home3/motobeatceyloanp/public_html/vendor/laravel/framework/src/Illuminate/Pipeline/Pipeline.php(183): Illuminate\\Foundation\\Http\\Middleware\\VerifyCsrfToken->handle()
#26 /home3/motobeatceyloanp/public_html/vendor/laravel/framework/src/Illuminate/View/Middleware/ShareErrorsFromSession.php(49): Illuminate\\Pipeline\\Pipeline->Illuminate\\Pipeline\\{closure}()
#27 /home3/motobeatceyloanp/public_html/vendor/laravel/framework/src/Illuminate/Pipeline/Pipeline.php(183): Illuminate\\View\\Middleware\\ShareErrorsFromSession->handle()
#28 /home3/motobeatceyloanp/public_html/vendor/laravel/framework/src/Illuminate/Session/Middleware/StartSession.php(121): Illuminate\\Pipeline\\Pipeline->Illuminate\\Pipeline\\{closure}()
#29 /home3/motobeatceyloanp/public_html/vendor/laravel/framework/src/Illuminate/Session/Middleware/StartSession.php(64): Illuminate\\Session\\Middleware\\StartSession->handleStatefulRequest()
#30 /home3/motobeatceyloanp/public_html/vendor/laravel/framework/src/Illuminate/Pipeline/Pipeline.php(183): Illuminate\\Session\\Middleware\\StartSession->handle()
#31 /home3/motobeatceyloanp/public_html/vendor/laravel/framework/src/Illuminate/Cookie/Middleware/AddQueuedCookiesToResponse.php(37): Illuminate\\Pipeline\\Pipeline->Illuminate\\Pipeline\\{closure}()
#32 /home3/motobeatceyloanp/public_html/vendor/laravel/framework/src/Illuminate/Pipeline/Pipeline.php(183): Illuminate\\Cookie\\Middleware\\AddQueuedCookiesToResponse->handle()
#33 /home3/motobeatceyloanp/public_html/vendor/laravel/framework/src/Illuminate/Cookie/Middleware/EncryptCookies.php(67): Illuminate\\Pipeline\\Pipeline->Illuminate\\Pipeline\\{closure}()
#34 /home3/motobeatceyloanp/public_html/vendor/laravel/framework/src/Illuminate/Pipeline/Pipeline.php(183): Illuminate\\Cookie\\Middleware\\EncryptCookies->handle()
#35 /home3/motobeatceyloanp/public_html/vendor/laravel/framework/src/Illuminate/Pipeline/Pipeline.php(119): Illuminate\\Pipeline\\Pipeline->Illuminate\\Pipeline\\{closure}()
#36 /home3/motobeatceyloanp/public_html/vendor/laravel/framework/src/Illuminate/Routing/Router.php(805): Illuminate\\Pipeline\\Pipeline->then()
#37 /home3/motobeatceyloanp/public_html/vendor/laravel/framework/src/Illuminate/Routing/Router.php(784): Illuminate\\Routing\\Router->runRouteWithinStack()
#38 /home3/motobeatceyloanp/public_html/vendor/laravel/framework/src/Illuminate/Routing/Router.php(748): Illuminate\\Routing\\Router->runRoute()
#39 /home3/motobeatceyloanp/public_html/vendor/laravel/framework/src/Illuminate/Routing/Router.php(737): Illuminate\\Routing\\Router->dispatchToRoute()
#40 /home3/motobeatceyloanp/public_html/vendor/laravel/framework/src/Illuminate/Foundation/Http/Kernel.php(200): Illuminate\\Routing\\Router->dispatch()
#41 /home3/motobeatceyloanp/public_html/vendor/laravel/framework/src/Illuminate/Pipeline/Pipeline.php(144): Illuminate\\Foundation\\Http\\Kernel->Illuminate\\Foundation\\Http\\{closure}()
#42 /home3/motobeatceyloanp/public_html/vendor/laravel/framework/src/Illuminate/Foundation/Http/Middleware/TransformsRequest.php(21): Illuminate\\Pipeline\\Pipeline->Illuminate\\Pipeline\\{closure}()
#43 /home3/motobeatceyloanp/public_html/vendor/laravel/framework/src/Illuminate/Foundation/Http/Middleware/ConvertEmptyStringsToNull.php(31): Illuminate\\Foundation\\Http\\Middleware\\TransformsRequest->handle()
#44 /home3/motobeatceyloanp/public_html/vendor/laravel/framework/src/Illuminate/Pipeline/Pipeline.php(183): Illuminate\\Foundation\\Http\\Middleware\\ConvertEmptyStringsToNull->handle()
#45 /home3/motobeatceyloanp/public_html/vendor/laravel/framework/src/Illuminate/Foundation/Http/Middleware/ValidatePostSize.php(27): Illuminate\\Pipeline\\Pipeline->Illuminate\\Pipeline\\{closure}()
#46 /home3/motobeatceyloanp/public_html/vendor/laravel/framework/src/Illuminate/Pipeline/Pipeline.php(183): Illuminate\\Foundation\\Http\\Middleware\\ValidatePostSize->handle()
#47 /home3/motobeatceyloanp/public_html/vendor/laravel/framework/src/Illuminate/Http/Middleware/HandleCors.php(49): Illuminate\\Pipeline\\Pipeline->Illuminate\\Pipeline\\{closure}()
#48 /home3/motobeatceyloanp/public_html/vendor/laravel/framework/src/Illuminate/Pipeline/Pipeline.php(183): Illuminate\\Http\\Middleware\\HandleCors->handle()
#49 /home3/motobeatceyloanp/public_html/vendor/laravel/framework/src/Illuminate/Pipeline/Pipeline.php(119): Illuminate\\Pipeline\\Pipeline->Illuminate\\Pipeline\\{closure}()
#50 /home3/motobeatceyloanp/public_html/vendor/laravel/framework/src/Illuminate/Foundation/Http/Kernel.php(175): Illuminate\\Pipeline\\Pipeline->then()
#51 /home3/motobeatceyloanp/public_html/vendor/laravel/framework/src/Illuminate/Foundation/Http/Kernel.php(144): Illuminate\\Foundation\\Http\\Kernel->sendRequestThroughRouter()
#52 /home3/motobeatceyloanp/public_html/public/index.php(36): Illuminate\\Foundation\\Http\\Kernel->handle()
#53 {main}

[previous exception] [object] (PDOException(code: 42S02): SQLSTATE[42S02]: Base table or view not found: 1146 Table 'motobeatceyloanp_db1.incomes' doesn't exist at /home3/motobeatceyloanp/public_html/vendor/laravel/framework/src/Illuminate/Database/Connection.php:423)
[stacktrace]
#0 /home3/motobeatceyloanp/public_html/vendor/laravel/framework/src/Illuminate/Database/Connection.php(423): PDO->prepare()
#1 /home3/motobeatceyloanp/public_html/vendor/laravel/framework/src/Illuminate/Database/Connection.php(816): Illuminate\\Database\\Connection->Illuminate\\Database\\{closure}()
#2 /home3/motobeatceyloanp/public_html/vendor/laravel/framework/src/Illuminate/Database/Connection.php(783): Illuminate\\Database\\Connection->runQueryCallback()
#3 /home3/motobeatceyloanp/public_html/vendor/laravel/framework/src/Illuminate/Database/Connection.php(414): Illuminate\\Database\\Connection->run()
#4 /home3/motobeatceyloanp/public_html/vendor/laravel/framework/src/Illuminate/Database/Query/Builder.php(2913): Illuminate\\Database\\Connection->select()
#5 /home3/motobeatceyloanp/public_html/vendor/laravel/framework/src/Illuminate/Database/Query/Builder.php(2902): Illuminate\\Database\\Query\\Builder->runSelect()
#6 /home3/motobeatceyloanp/public_html/vendor/laravel/framework/src/Illuminate/Database/Query/Builder.php(3456): Illuminate\\Database\\Query\\Builder->Illuminate\\Database\\Query\\{closure}()
#7 /home3/motobeatceyloanp/public_html/vendor/laravel/framework/src/Illuminate/Database/Query/Builder.php(2901): Illuminate\\Database\\Query\\Builder->onceWithColumns()
#8 /home3/motobeatceyloanp/public_html/vendor/laravel/framework/src/Illuminate/Database/Query/Builder.php(3066): Illuminate\\Database\\Query\\Builder->get()
#9 /home3/motobeatceyloanp/public_html/vendor/laravel/framework/src/Illuminate/Database/Query/Builder.php(3025): Illuminate\\Database\\Query\\Builder->runPaginationCountQuery()
#10 /home3/motobeatceyloanp/public_html/vendor/laravel/framework/src/Illuminate/Database/Eloquent/Builder.php(923): Illuminate\\Database\\Query\\Builder->getCountForPagination()
#11 /home3/motobeatceyloanp/public_html/app/Http/Controllers/IncomeController.php(38): Illuminate\\Database\\Eloquent\\Builder->paginate()
#12 /home3/motobeatceyloanp/public_html/vendor/laravel/framework/src/Illuminate/Routing/Controller.php(54): App\\Http\\Controllers\\IncomeController->index()
#13 /home3/motobeatceyloanp/public_html/vendor/laravel/framework/src/Illuminate/Routing/ControllerDispatcher.php(43): Illuminate\\Routing\\Controller->callAction()
#14 /home3/motobeatceyloanp/public_html/vendor/laravel/framework/src/Illuminate/Routing/Route.php(259): Illuminate\\Routing\\ControllerDispatcher->dispatch()
#15 /home3/motobeatceyloanp/public_html/vendor/laravel/framework/src/Illuminate/Routing/Route.php(205): Illuminate\\Routing\\Route->runController()
#16 /home3/motobeatceyloanp/public_html/vendor/laravel/framework/src/Illuminate/Routing/Router.php(806): Illuminate\\Routing\\Route->run()
#17 /home3/motobeatceyloanp/public_html/vendor/laravel/framework/src/Illuminate/Pipeline/Pipeline.php(144): Illuminate\\Routing\\Router->Illuminate\\Routing\\{closure}()
#18 /home3/motobeatceyloanp/public_html/app/Http/Middleware/CheckTenantLock.php(107): Illuminate\\Pipeline\\Pipeline->Illuminate\\Pipeline\\{closure}()
#19 /home3/motobeatceyloanp/public_html/vendor/laravel/framework/src/Illuminate/Pipeline/Pipeline.php(183): App\\Http\\Middleware\\CheckTenantLock->handle()
#20 /home3/motobeatceyloanp/public_html/app/Http/Middleware/TenantScope.php(46): Illuminate\\Pipeline\\Pipeline->Illuminate\\Pipeline\\{closure}()
#21 /home3/motobeatceyloanp/public_html/vendor/laravel/framework/src/Illuminate/Pipeline/Pipeline.php(183): App\\Http\\Middleware\\TenantScope->handle()
#22 /home3/motobeatceyloanp/public_html/vendor/laravel/framework/src/Illuminate/Routing/Middleware/SubstituteBindings.php(50): Illuminate\\Pipeline\\Pipeline->Illuminate\\Pipeline\\{closure}()
#23 /home3/motobeatceyloanp/public_html/vendor/laravel/framework/src/Illuminate/Pipeline/Pipeline.php(183): Illuminate\\Routing\\Middleware\\SubstituteBindings->handle()
#24 /home3/motobeatceyloanp/public_html/vendor/laravel/framework/src/Illuminate/Auth/Middleware/Authenticate.php(57): Illuminate\\Pipeline\\Pipeline->Illuminate\\Pipeline\\{closure}()
#25 /home3/motobeatceyloanp/public_html/vendor/laravel/framework/src/Illuminate/Pipeline/Pipeline.php(183): Illuminate\\Auth\\Middleware\\Authenticate->handle()
#26 /home3/motobeatceyloanp/public_html/vendor/laravel/framework/src/Illuminate/Foundation/Http/Middleware/VerifyCsrfToken.php(78): Illuminate\\Pipeline\\Pipeline->Illuminate\\Pipeline\\{closure}()
#27 /home3/motobeatceyloanp/public_html/vendor/laravel/framework/src/Illuminate/Pipeline/Pipeline.php(183): Illuminate\\Foundation\\Http\\Middleware\\VerifyCsrfToken->handle()
#28 /home3/motobeatceyloanp/public_html/vendor/laravel/framework/src/Illuminate/View/Middleware/ShareErrorsFromSession.php(49): Illuminate\\Pipeline\\Pipeline->Illuminate\\Pipeline\\{closure}()
#29 /home3/motobeatceyloanp/public_html/vendor/laravel/framework/src/Illuminate/Pipeline/Pipeline.php(183): Illuminate\\View\\Middleware\\ShareErrorsFromSession->handle()
#30 /home3/motobeatceyloanp/public_html/vendor/laravel/framework/src/Illuminate/Session/Middleware/StartSession.php(121): Illuminate\\Pipeline\\Pipeline->Illuminate\\Pipeline\\{closure}()
#31 /home3/motobeatceyloanp/public_html/vendor/laravel/framework/src/Illuminate/Session/Middleware/StartSession.php(64): Illuminate\\Session\\Middleware\\StartSession->handleStatefulRequest()
#32 /home3/motobeatceyloanp/public_html/vendor/laravel/framework/src/Illuminate/Pipeline/Pipeline.php(183): Illuminate\\Session\\Middleware\\StartSession->handle()
#33 /home3/motobeatceyloanp/public_html/vendor/laravel/framework/src/Illuminate/Cookie/Middleware/AddQueuedCookiesToResponse.php(37): Illuminate\\Pipeline\\Pipeline->Illuminate\\Pipeline\\{closure}()
#34 /home3/motobeatceyloanp/public_html/vendor/laravel/framework/src/Illuminate/Pipeline/Pipeline.php(183): Illuminate\\Cookie\\Middleware\\AddQueuedCookiesToResponse->handle()
#35 /home3/motobeatceyloanp/public_html/vendor/laravel/framework/src/Illuminate/Cookie/Middleware/EncryptCookies.php(67): Illuminate\\Pipeline\\Pipeline->Illuminate\\Pipeline\\{closure}()
#36 /home3/motobeatceyloanp/public_html/vendor/laravel/framework/src/Illuminate/Pipeline/Pipeline.php(183): Illuminate\\Cookie\\Middleware\\EncryptCookies->handle()
#37 /home3/motobeatceyloanp/public_html/vendor/laravel/framework/src/Illuminate/Pipeline/Pipeline.php(119): Illuminate\\Pipeline\\Pipeline->Illuminate\\Pipeline\\{closure}()
#38 /home3/motobeatceyloanp/public_html/vendor/laravel/framework/src/Illuminate/Routing/Router.php(805): Illuminate\\Pipeline\\Pipeline->then()
#39 /home3/motobeatceyloanp/public_html/vendor/laravel/framework/src/Illuminate/Routing/Router.php(784): Illuminate\\Routing\\Router->runRouteWithinStack()
#40 /home3/motobeatceyloanp/public_html/vendor/laravel/framework/src/Illuminate/Routing/Router.php(748): Illuminate\\Routing\\Router->runRoute()
#41 /home3/motobeatceyloanp/public_html/vendor/laravel/framework/src/Illuminate/Routing/Router.php(737): Illuminate\\Routing\\Router->dispatchToRoute()
#42 /home3/motobeatceyloanp/public_html/vendor/laravel/framework/src/Illuminate/Foundation/Http/Kernel.php(200): Illuminate\\Routing\\Router->dispatch()
#43 /home3/motobeatceyloanp/public_html/vendor/laravel/framework/src/Illuminate/Pipeline/Pipeline.php(144): Illuminate\\Foundation\\Http\\Kernel->Illuminate\\Foundation\\Http\\{closure}()
#44 /home3/motobeatceyloanp/public_html/vendor/laravel/framework/src/Illuminate/Foundation/Http/Middleware/TransformsRequest.php(21): Illuminate\\Pipeline\\Pipeline->Illuminate\\Pipeline\\{closure}()
#45 /home3/motobeatceyloanp/public_html/vendor/laravel/framework/src/Illuminate/Foundation/Http/Middleware/ConvertEmptyStringsToNull.php(31): Illuminate\\Foundation\\Http\\Middleware\\TransformsRequest->handle()
#46 /home3/motobeatceyloanp/public_html/vendor/laravel/framework/src/Illuminate/Pipeline/Pipeline.php(183): Illuminate\\Foundation\\Http\\Middleware\\ConvertEmptyStringsToNull->handle()
#47 /home3/motobeatceyloanp/public_html/vendor/laravel/framework/src/Illuminate/Foundation/Http/Middleware/ValidatePostSize.php(27): Illuminate\\Pipeline\\Pipeline->Illuminate\\Pipeline\\{closure}()
#48 /home3/motobeatceyloanp/public_html/vendor/laravel/framework/src/Illuminate/Pipeline/Pipeline.php(183): Illuminate\\Foundation\\Http\\Middleware\\ValidatePostSize->handle()
#49 /home3/motobeatceyloanp/public_html/vendor/laravel/framework/src/Illuminate/Http/Middleware/HandleCors.php(49): Illuminate\\Pipeline\\Pipeline->Illuminate\\Pipeline\\{closure}()
#50 /home3/motobeatceyloanp/public_html/vendor/laravel/framework/src/Illuminate/Pipeline/Pipeline.php(183): Illuminate\\Http\\Middleware\\HandleCors->handle()
#51 /home3/motobeatceyloanp/public_html/vendor/laravel/framework/src/Illuminate/Pipeline/Pipeline.php(119): Illuminate\\Pipeline\\Pipeline->Illuminate\\Pipeline\\{closure}()
#52 /home3/motobeatceyloanp/public_html/vendor/laravel/framework/src/Illuminate/Foundation/Http/Kernel.php(175): Illuminate\\Pipeline\\Pipeline->then()
#53 /home3/motobeatceyloanp/public_html/vendor/laravel/framework/src/Illuminate/Foundation/Http/Kernel.php(144): Illuminate\\Foundation\\Http\\Kernel->sendRequestThroughRouter()
#54 /home3/motobeatceyloanp/public_html/public/index.php(36): Illuminate\\Foundation\\Http\\Kernel->handle()
#55 {main}
"} 
[2026-04-06 00:22:01] production.ERROR: SQLSTATE[42S02]: Base table or view not found: 1146 Table 'motobeatceyloanp_db1.incomes' doesn't exist (Connection: mysql, SQL: select count(*) as aggregate from `incomes` where `store_id` = 2 and `incomes`.`deleted_at` is null) {"userId":4,"exception":"[object] (Illuminate\\Database\\QueryException(code: 42S02): SQLSTATE[42S02]: Base table or view not found: 1146 Table 'motobeatceyloanp_db1.incomes' doesn't exist (Connection: mysql, SQL: select count(*) as aggregate from `incomes` where `store_id` = 2 and `incomes`.`deleted_at` is null) at /home3/motobeatceyloanp/public_html/vendor/laravel/framework/src/Illuminate/Database/Connection.php:829)
[stacktrace]
#0 /home3/motobeatceyloanp/public_html/vendor/laravel/framework/src/Illuminate/Database/Connection.php(783): Illuminate\\Database\\Connection->runQueryCallback()
#1 /home3/motobeatceyloanp/public_html/vendor/laravel/framework/src/Illuminate/Database/Connection.php(414): Illuminate\\Database\\Connection->run()
#2 /home3/motobeatceyloanp/public_html/vendor/laravel/framework/src/Illuminate/Database/Query/Builder.php(2913): Illuminate\\Database\\Connection->select()
#3 /home3/motobeatceyloanp/public_html/vendor/laravel/framework/src/Illuminate/Database/Query/Builder.php(2902): Illuminate\\Database\\Query\\Builder->runSelect()
#4 /home3/motobeatceyloanp/public_html/vendor/laravel/framework/src/Illuminate/Database/Query/Builder.php(3456): Illuminate\\Database\\Query\\Builder->Illuminate\\Database\\Query\\{closure}()
#5 /home3/motobeatceyloanp/public_html/vendor/laravel/framework/src/Illuminate/Database/Query/Builder.php(2901): Illuminate\\Database\\Query\\Builder->onceWithColumns()
#6 /home3/motobeatceyloanp/public_html/vendor/laravel/framework/src/Illuminate/Database/Query/Builder.php(3066): Illuminate\\Database\\Query\\Builder->get()
#7 /home3/motobeatceyloanp/public_html/vendor/laravel/framework/src/Illuminate/Database/Query/Builder.php(3025): Illuminate\\Database\\Query\\Builder->runPaginationCountQuery()
#8 /home3/motobeatceyloanp/public_html/vendor/laravel/framework/src/Illuminate/Database/Eloquent/Builder.php(923): Illuminate\\Database\\Query\\Builder->getCountForPagination()
#9 /home3/motobeatceyloanp/public_html/app/Http/Controllers/IncomeController.php(38): Illuminate\\Database\\Eloquent\\Builder->paginate()
#10 /home3/motobeatceyloanp/public_html/vendor/laravel/framework/src/Illuminate/Routing/Controller.php(54): App\\Http\\Controllers\\IncomeController->index()
#11 /home3/motobeatceyloanp/public_html/vendor/laravel/framework/src/Illuminate/Routing/ControllerDispatcher.php(43): Illuminate\\Routing\\Controller->callAction()
#12 /home3/motobeatceyloanp/public_html/vendor/laravel/framework/src/Illuminate/Routing/Route.php(259): Illuminate\\Routing\\ControllerDispatcher->dispatch()
#13 /home3/motobeatceyloanp/public_html/vendor/laravel/framework/src/Illuminate/Routing/Route.php(205): Illuminate\\Routing\\Route->runController()
#14 /home3/motobeatceyloanp/public_html/vendor/laravel/framework/src/Illuminate/Routing/Router.php(806): Illuminate\\Routing\\Route->run()
#15 /home3/motobeatceyloanp/public_html/vendor/laravel/framework/src/Illuminate/Pipeline/Pipeline.php(144): Illuminate\\Routing\\Router->Illuminate\\Routing\\{closure}()
#16 /home3/motobeatceyloanp/public_html/app/Http/Middleware/CheckTenantLock.php(107): Illuminate\\Pipeline\\Pipeline->Illuminate\\Pipeline\\{closure}()
#17 /home3/motobeatceyloanp/public_html/vendor/laravel/framework/src/Illuminate/Pipeline/Pipeline.php(183): App\\Http\\Middleware\\CheckTenantLock->handle()
#18 /home3/motobeatceyloanp/public_html/app/Http/Middleware/TenantScope.php(46): Illuminate\\Pipeline\\Pipeline->Illuminate\\Pipeline\\{closure}()
#19 /home3/motobeatceyloanp/public_html/vendor/laravel/framework/src/Illuminate/Pipeline/Pipeline.php(183): App\\Http\\Middleware\\TenantScope->handle()
#20 /home3/motobeatceyloanp/public_html/vendor/laravel/framework/src/Illuminate/Routing/Middleware/SubstituteBindings.php(50): Illuminate\\Pipeline\\Pipeline->Illuminate\\Pipeline\\{closure}()
#21 /home3/motobeatceyloanp/public_html/vendor/laravel/framework/src/Illuminate/Pipeline/Pipeline.php(183): Illuminate\\Routing\\Middleware\\SubstituteBindings->handle()
#22 /home3/motobeatceyloanp/public_html/vendor/laravel/framework/src/Illuminate/Auth/Middleware/Authenticate.php(57): Illuminate\\Pipeline\\Pipeline->Illuminate\\Pipeline\\{closure}()
#23 /home3/motobeatceyloanp/public_html/vendor/laravel/framework/src/Illuminate/Pipeline/Pipeline.php(183): Illuminate\\Auth\\Middleware\\Authenticate->handle()
#24 /home3/motobeatceyloanp/public_html/vendor/laravel/framework/src/Illuminate/Foundation/Http/Middleware/VerifyCsrfToken.php(78): Illuminate\\Pipeline\\Pipeline->Illuminate\\Pipeline\\{closure}()
#25 /home3/motobeatceyloanp/public_html/vendor/laravel/framework/src/Illuminate/Pipeline/Pipeline.php(183): Illuminate\\Foundation\\Http\\Middleware\\VerifyCsrfToken->handle()
#26 /home3/motobeatceyloanp/public_html/vendor/laravel/framework/src/Illuminate/View/Middleware/ShareErrorsFromSession.php(49): Illuminate\\Pipeline\\Pipeline->Illuminate\\Pipeline\\{closure}()
#27 /home3/motobeatceyloanp/public_html/vendor/laravel/framework/src/Illuminate/Pipeline/Pipeline.php(183): Illuminate\\View\\Middleware\\ShareErrorsFromSession->handle()
#28 /home3/motobeatceyloanp/public_html/vendor/laravel/framework/src/Illuminate/Session/Middleware/StartSession.php(121): Illuminate\\Pipeline\\Pipeline->Illuminate\\Pipeline\\{closure}()
#29 /home3/motobeatceyloanp/public_html/vendor/laravel/framework/src/Illuminate/Session/Middleware/StartSession.php(64): Illuminate\\Session\\Middleware\\StartSession->handleStatefulRequest()
#30 /home3/motobeatceyloanp/public_html/vendor/laravel/framework/src/Illuminate/Pipeline/Pipeline.php(183): Illuminate\\Session\\Middleware\\StartSession->handle()
#31 /home3/motobeatceyloanp/public_html/vendor/laravel/framework/src/Illuminate/Cookie/Middleware/AddQueuedCookiesToResponse.php(37): Illuminate\\Pipeline\\Pipeline->Illuminate\\Pipeline\\{closure}()
#32 /home3/motobeatceyloanp/public_html/vendor/laravel/framework/src/Illuminate/Pipeline/Pipeline.php(183): Illuminate\\Cookie\\Middleware\\AddQueuedCookiesToResponse->handle()
#33 /home3/motobeatceyloanp/public_html/vendor/laravel/framework/src/Illuminate/Cookie/Middleware/EncryptCookies.php(67): Illuminate\\Pipeline\\Pipeline->Illuminate\\Pipeline\\{closure}()
#34 /home3/motobeatceyloanp/public_html/vendor/laravel/framework/src/Illuminate/Pipeline/Pipeline.php(183): Illuminate\\Cookie\\Middleware\\EncryptCookies->handle()
#35 /home3/motobeatceyloanp/public_html/vendor/laravel/framework/src/Illuminate/Pipeline/Pipeline.php(119): Illuminate\\Pipeline\\Pipeline->Illuminate\\Pipeline\\{closure}()
#36 /home3/motobeatceyloanp/public_html/vendor/laravel/framework/src/Illuminate/Routing/Router.php(805): Illuminate\\Pipeline\\Pipeline->then()
#37 /home3/motobeatceyloanp/public_html/vendor/laravel/framework/src/Illuminate/Routing/Router.php(784): Illuminate\\Routing\\Router->runRouteWithinStack()
#38 /home3/motobeatceyloanp/public_html/vendor/laravel/framework/src/Illuminate/Routing/Router.php(748): Illuminate\\Routing\\Router->runRoute()
#39 /home3/motobeatceyloanp/public_html/vendor/laravel/framework/src/Illuminate/Routing/Router.php(737): Illuminate\\Routing\\Router->dispatchToRoute()
#40 /home3/motobeatceyloanp/public_html/vendor/laravel/framework/src/Illuminate/Foundation/Http/Kernel.php(200): Illuminate\\Routing\\Router->dispatch()
#41 /home3/motobeatceyloanp/public_html/vendor/laravel/framework/src/Illuminate/Pipeline/Pipeline.php(144): Illuminate\\Foundation\\Http\\Kernel->Illuminate\\Foundation\\Http\\{closure}()
#42 /home3/motobeatceyloanp/public_html/vendor/laravel/framework/src/Illuminate/Foundation/Http/Middleware/TransformsRequest.php(21): Illuminate\\Pipeline\\Pipeline->Illuminate\\Pipeline\\{closure}()
#43 /home3/motobeatceyloanp/public_html/vendor/laravel/framework/src/Illuminate/Foundation/Http/Middleware/ConvertEmptyStringsToNull.php(31): Illuminate\\Foundation\\Http\\Middleware\\TransformsRequest->handle()
#44 /home3/motobeatceyloanp/public_html/vendor/laravel/framework/src/Illuminate/Pipeline/Pipeline.php(183): Illuminate\\Foundation\\Http\\Middleware\\ConvertEmptyStringsToNull->handle()
#45 /home3/motobeatceyloanp/public_html/vendor/laravel/framework/src/Illuminate/Foundation/Http/Middleware/ValidatePostSize.php(27): Illuminate\\Pipeline\\Pipeline->Illuminate\\Pipeline\\{closure}()
#46 /home3/motobeatceyloanp/public_html/vendor/laravel/framework/src/Illuminate/Pipeline/Pipeline.php(183): Illuminate\\Foundation\\Http\\Middleware\\ValidatePostSize->handle()
#47 /home3/motobeatceyloanp/public_html/vendor/laravel/framework/src/Illuminate/Http/Middleware/HandleCors.php(49): Illuminate\\Pipeline\\Pipeline->Illuminate\\Pipeline\\{closure}()
#48 /home3/motobeatceyloanp/public_html/vendor/laravel/framework/src/Illuminate/Pipeline/Pipeline.php(183): Illuminate\\Http\\Middleware\\HandleCors->handle()
#49 /home3/motobeatceyloanp/public_html/vendor/laravel/framework/src/Illuminate/Pipeline/Pipeline.php(119): Illuminate\\Pipeline\\Pipeline->Illuminate\\Pipeline\\{closure}()
#50 /home3/motobeatceyloanp/public_html/vendor/laravel/framework/src/Illuminate/Foundation/Http/Kernel.php(175): Illuminate\\Pipeline\\Pipeline->then()
#51 /home3/motobeatceyloanp/public_html/vendor/laravel/framework/src/Illuminate/Foundation/Http/Kernel.php(144): Illuminate\\Foundation\\Http\\Kernel->sendRequestThroughRouter()
#52 /home3/motobeatceyloanp/public_html/public/index.php(36): Illuminate\\Foundation\\Http\\Kernel->handle()
#53 {main}

[previous exception] [object] (PDOException(code: 42S02): SQLSTATE[42S02]: Base table or view not found: 1146 Table 'motobeatceyloanp_db1.incomes' doesn't exist at /home3/motobeatceyloanp/public_html/vendor/laravel/framework/src/Illuminate/Database/Connection.php:423)
[stacktrace]
#0 /home3/motobeatceyloanp/public_html/vendor/laravel/framework/src/Illuminate/Database/Connection.php(423): PDO->prepare()
#1 /home3/motobeatceyloanp/public_html/vendor/laravel/framework/src/Illuminate/Database/Connection.php(816): Illuminate\\Database\\Connection->Illuminate\\Database\\{closure}()
#2 /home3/motobeatceyloanp/public_html/vendor/laravel/framework/src/Illuminate/Database/Connection.php(783): Illuminate\\Database\\Connection->runQueryCallback()
#3 /home3/motobeatceyloanp/public_html/vendor/laravel/framework/src/Illuminate/Database/Connection.php(414): Illuminate\\Database\\Connection->run()
#4 /home3/motobeatceyloanp/public_html/vendor/laravel/framework/src/Illuminate/Database/Query/Builder.php(2913): Illuminate\\Database\\Connection->select()
#5 /home3/motobeatceyloanp/public_html/vendor/laravel/framework/src/Illuminate/Database/Query/Builder.php(2902): Illuminate\\Database\\Query\\Builder->runSelect()
#6 /home3/motobeatceyloanp/public_html/vendor/laravel/framework/src/Illuminate/Database/Query/Builder.php(3456): Illuminate\\Database\\Query\\Builder->Illuminate\\Database\\Query\\{closure}()
#7 /home3/motobeatceyloanp/public_html/vendor/laravel/framework/src/Illuminate/Database/Query/Builder.php(2901): Illuminate\\Database\\Query\\Builder->onceWithColumns()
#8 /home3/motobeatceyloanp/public_html/vendor/laravel/framework/src/Illuminate/Database/Query/Builder.php(3066): Illuminate\\Database\\Query\\Builder->get()
#9 /home3/motobeatceyloanp/public_html/vendor/laravel/framework/src/Illuminate/Database/Query/Builder.php(3025): Illuminate\\Database\\Query\\Builder->runPaginationCountQuery()
#10 /home3/motobeatceyloanp/public_html/vendor/laravel/framework/src/Illuminate/Database/Eloquent/Builder.php(923): Illuminate\\Database\\Query\\Builder->getCountForPagination()
#11 /home3/motobeatceyloanp/public_html/app/Http/Controllers/IncomeController.php(38): Illuminate\\Database\\Eloquent\\Builder->paginate()
#12 /home3/motobeatceyloanp/public_html/vendor/laravel/framework/src/Illuminate/Routing/Controller.php(54): App\\Http\\Controllers\\IncomeController->index()
#13 /home3/motobeatceyloanp/public_html/vendor/laravel/framework/src/Illuminate/Routing/ControllerDispatcher.php(43): Illuminate\\Routing\\Controller->callAction()
#14 /home3/motobeatceyloanp/public_html/vendor/laravel/framework/src/Illuminate/Routing/Route.php(259): Illuminate\\Routing\\ControllerDispatcher->dispatch()
#15 /home3/motobeatceyloanp/public_html/vendor/laravel/framework/src/Illuminate/Routing/Route.php(205): Illuminate\\Routing\\Route->runController()
#16 /home3/motobeatceyloanp/public_html/vendor/laravel/framework/src/Illuminate/Routing/Router.php(806): Illuminate\\Routing\\Route->run()
#17 /home3/motobeatceyloanp/public_html/vendor/laravel/framework/src/Illuminate/Pipeline/Pipeline.php(144): Illuminate\\Routing\\Router->Illuminate\\Routing\\{closure}()
#18 /home3/motobeatceyloanp/public_html/app/Http/Middleware/CheckTenantLock.php(107): Illuminate\\Pipeline\\Pipeline->Illuminate\\Pipeline\\{closure}()
#19 /home3/motobeatceyloanp/public_html/vendor/laravel/framework/src/Illuminate/Pipeline/Pipeline.php(183): App\\Http\\Middleware\\CheckTenantLock->handle()
#20 /home3/motobeatceyloanp/public_html/app/Http/Middleware/TenantScope.php(46): Illuminate\\Pipeline\\Pipeline->Illuminate\\Pipeline\\{closure}()
#21 /home3/motobeatceyloanp/public_html/vendor/laravel/framework/src/Illuminate/Pipeline/Pipeline.php(183): App\\Http\\Middleware\\TenantScope->handle()
#22 /home3/motobeatceyloanp/public_html/vendor/laravel/framework/src/Illuminate/Routing/Middleware/SubstituteBindings.php(50): Illuminate\\Pipeline\\Pipeline->Illuminate\\Pipeline\\{closure}()
#23 /home3/motobeatceyloanp/public_html/vendor/laravel/framework/src/Illuminate/Pipeline/Pipeline.php(183): Illuminate\\Routing\\Middleware\\SubstituteBindings->handle()
#24 /home3/motobeatceyloanp/public_html/vendor/laravel/framework/src/Illuminate/Auth/Middleware/Authenticate.php(57): Illuminate\\Pipeline\\Pipeline->Illuminate\\Pipeline\\{closure}()
#25 /home3/motobeatceyloanp/public_html/vendor/laravel/framework/src/Illuminate/Pipeline/Pipeline.php(183): Illuminate\\Auth\\Middleware\\Authenticate->handle()
#26 /home3/motobeatceyloanp/public_html/vendor/laravel/framework/src/Illuminate/Foundation/Http/Middleware/VerifyCsrfToken.php(78): Illuminate\\Pipeline\\Pipeline->Illuminate\\Pipeline\\{closure}()
#27 /home3/motobeatceyloanp/public_html/vendor/laravel/framework/src/Illuminate/Pipeline/Pipeline.php(183): Illuminate\\Foundation\\Http\\Middleware\\VerifyCsrfToken->handle()
#28 /home3/motobeatceyloanp/public_html/vendor/laravel/framework/src/Illuminate/View/Middleware/ShareErrorsFromSession.php(49): Illuminate\\Pipeline\\Pipeline->Illuminate\\Pipeline\\{closure}()
#29 /home3/motobeatceyloanp/public_html/vendor/laravel/framework/src/Illuminate/Pipeline/Pipeline.php(183): Illuminate\\View\\Middleware\\ShareErrorsFromSession->handle()
#30 /home3/motobeatceyloanp/public_html/vendor/laravel/framework/src/Illuminate/Session/Middleware/StartSession.php(121): Illuminate\\Pipeline\\Pipeline->Illuminate\\Pipeline\\{closure}()
#31 /home3/motobeatceyloanp/public_html/vendor/laravel/framework/src/Illuminate/Session/Middleware/StartSession.php(64): Illuminate\\Session\\Middleware\\StartSession->handleStatefulRequest()
#32 /home3/motobeatceyloanp/public_html/vendor/laravel/framework/src/Illuminate/Pipeline/Pipeline.php(183): Illuminate\\Session\\Middleware\\StartSession->handle()
#33 /home3/motobeatceyloanp/public_html/vendor/laravel/framework/src/Illuminate/Cookie/Middleware/AddQueuedCookiesToResponse.php(37): Illuminate\\Pipeline\\Pipeline->Illuminate\\Pipeline\\{closure}()
#34 /home3/motobeatceyloanp/public_html/vendor/laravel/framework/src/Illuminate/Pipeline/Pipeline.php(183): Illuminate\\Cookie\\Middleware\\AddQueuedCookiesToResponse->handle()
#35 /home3/motobeatceyloanp/public_html/vendor/laravel/framework/src/Illuminate/Cookie/Middleware/EncryptCookies.php(67): Illuminate\\Pipeline\\Pipeline->Illuminate\\Pipeline\\{closure}()
#36 /home3/motobeatceyloanp/public_html/vendor/laravel/framework/src/Illuminate/Pipeline/Pipeline.php(183): Illuminate\\Cookie\\Middleware\\EncryptCookies->handle()
#37 /home3/motobeatceyloanp/public_html/vendor/laravel/framework/src/Illuminate/Pipeline/Pipeline.php(119): Illuminate\\Pipeline\\Pipeline->Illuminate\\Pipeline\\{closure}()
#38 /home3/motobeatceyloanp/public_html/vendor/laravel/framework/src/Illuminate/Routing/Router.php(805): Illuminate\\Pipeline\\Pipeline->then()
#39 /home3/motobeatceyloanp/public_html/vendor/laravel/framework/src/Illuminate/Routing/Router.php(784): Illuminate\\Routing\\Router->runRouteWithinStack()
#40 /home3/motobeatceyloanp/public_html/vendor/laravel/framework/src/Illuminate/Routing/Router.php(748): Illuminate\\Routing\\Router->runRoute()
#41 /home3/motobeatceyloanp/public_html/vendor/laravel/framework/src/Illuminate/Routing/Router.php(737): Illuminate\\Routing\\Router->dispatchToRoute()
#42 /home3/motobeatceyloanp/public_html/vendor/laravel/framework/src/Illuminate/Foundation/Http/Kernel.php(200): Illuminate\\Routing\\Router->dispatch()
#43 /home3/motobeatceyloanp/public_html/vendor/laravel/framework/src/Illuminate/Pipeline/Pipeline.php(144): Illuminate\\Foundation\\Http\\Kernel->Illuminate\\Foundation\\Http\\{closure}()
#44 /home3/motobeatceyloanp/public_html/vendor/laravel/framework/src/Illuminate/Foundation/Http/Middleware/TransformsRequest.php(21): Illuminate\\Pipeline\\Pipeline->Illuminate\\Pipeline\\{closure}()
#45 /home3/motobeatceyloanp/public_html/vendor/laravel/framework/src/Illuminate/Foundation/Http/Middleware/ConvertEmptyStringsToNull.php(31): Illuminate\\Foundation\\Http\\Middleware\\TransformsRequest->handle()
#46 /home3/motobeatceyloanp/public_html/vendor/laravel/framework/src/Illuminate/Pipeline/Pipeline.php(183): Illuminate\\Foundation\\Http\\Middleware\\ConvertEmptyStringsToNull->handle()
#47 /home3/motobeatceyloanp/public_html/vendor/laravel/framework/src/Illuminate/Foundation/Http/Middleware/ValidatePostSize.php(27): Illuminate\\Pipeline\\Pipeline->Illuminate\\Pipeline\\{closure}()
#48 /home3/motobeatceyloanp/public_html/vendor/laravel/framework/src/Illuminate/Pipeline/Pipeline.php(183): Illuminate\\Foundation\\Http\\Middleware\\ValidatePostSize->handle()
#49 /home3/motobeatceyloanp/public_html/vendor/laravel/framework/src/Illuminate/Http/Middleware/HandleCors.php(49): Illuminate\\Pipeline\\Pipeline->Illuminate\\Pipeline\\{closure}()
#50 /home3/motobeatceyloanp/public_html/vendor/laravel/framework/src/Illuminate/Pipeline/Pipeline.php(183): Illuminate\\Http\\Middleware\\HandleCors->handle()
#51 /home3/motobeatceyloanp/public_html/vendor/laravel/framework/src/Illuminate/Pipeline/Pipeline.php(119): Illuminate\\Pipeline\\Pipeline->Illuminate\\Pipeline\\{closure}()
#52 /home3/motobeatceyloanp/public_html/vendor/laravel/framework/src/Illuminate/Foundation/Http/Kernel.php(175): Illuminate\\Pipeline\\Pipeline->then()
#53 /home3/motobeatceyloanp/public_html/vendor/laravel/framework/src/Illuminate/Foundation/Http/Kernel.php(144): Illuminate\\Foundation\\Http\\Kernel->sendRequestThroughRouter()
#54 /home3/motobeatceyloanp/public_html/public/index.php(36): Illuminate\\Foundation\\Http\\Kernel->handle()
#55 {main}
"} 
[2026-06-10 14:43:54] local.ERROR: SQLSTATE[HY000] [2002] No connection could be made because the target machine actively refused it (Connection: mysql, SQL: select * from `users` where `id` = 1 and `users`.`deleted_at` is null limit 1) {"exception":"[object] (Illuminate\\Database\\QueryException(code: 2002): SQLSTATE[HY000] [2002] No connection could be made because the target machine actively refused it (Connection: mysql, SQL: select * from `users` where `id` = 1 and `users`.`deleted_at` is null limit 1) at C:/Users/pathu/Desktop/puretec pos/vendor/laravel/framework/src/Illuminate/Database/Connection.php:829)
[stacktrace]
#0 C:/Users/pathu/Desktop/puretec pos/vendor/laravel/framework/src/Illuminate/Database/Connection.php(983): Illuminate/Database/Connection->runQueryCallback('select * from `...', Array, Object(Closure))
#1 C:/Users/pathu/Desktop/puretec pos/vendor/laravel/framework/src/Illuminate/Database/Connection.php(962): Illuminate/Database/Connection->tryAgainIfCausedByLostConnection(Object(Illuminate/Database/QueryException), 'select * from `...', Array, Object(Closure))
#2 C:/Users/pathu/Desktop/puretec pos/vendor/laravel/framework/src/Illuminate/Database/Connection.php(785): Illuminate/Database/Connection->handleQueryException(Object(Illuminate/Database/QueryException), 'select * from `...', Array, Object(Closure))
#3 C:/Users/pathu/Desktop/puretec pos/vendor/laravel/framework/src/Illuminate/Database/Connection.php(414): Illuminate/Database/Connection->run('select * from `...', Array, Object(Closure))
#4 C:/Users/pathu/Desktop/puretec pos/vendor/laravel/framework/src/Illuminate/Database/Query/Builder.php(2913): Illuminate/Database/Connection->select('select * from `...', Array, true)
#5 C:/Users/pathu/Desktop/puretec pos/vendor/laravel/framework/src/Illuminate/Database/Query/Builder.php(2902): Illuminate/Database/Query/Builder->runSelect()
#6 C:/Users/pathu/Desktop/puretec pos/vendor/laravel/framework/src/Illuminate/Database/Query/Builder.php(3456): Illuminate/Database/Query/Builder->Illuminate/Database/Query/{closure}()
#7 C:/Users/pathu/Desktop/puretec pos/vendor/laravel/framework/src/Illuminate/Database/Query/Builder.php(2901): Illuminate/Database/Query/Builder->onceWithColumns(Array, Object(Closure))
#8 C:/Users/pathu/Desktop/puretec pos/vendor/laravel/framework/src/Illuminate/Database/Eloquent/Builder.php(739): Illuminate/Database/Query/Builder->get(Array)
#9 C:/Users/pathu/Desktop/puretec pos/vendor/laravel/framework/src/Illuminate/Database/Eloquent/Builder.php(723): Illuminate/Database/Eloquent/Builder->getModels(Array)
#10 C:/Users/pathu/Desktop/puretec pos/vendor/laravel/framework/src/Illuminate/Database/Concerns/BuildsQueries.php(333): Illuminate/Database/Eloquent/Builder->get(Array)
#11 C:/Users/pathu/Desktop/puretec pos/vendor/laravel/framework/src/Illuminate/Auth/EloquentUserProvider.php(59): Illuminate/Database/Eloquent/Builder->first()
#12 C:/Users/pathu/Desktop/puretec pos/vendor/laravel/framework/src/Illuminate/Auth/SessionGuard.php(159): Illuminate/Auth/EloquentUserProvider->retrieveById(1)
#13 C:/Users/pathu/Desktop/puretec pos/vendor/laravel/framework/src/Illuminate/Auth/GuardHelpers.php(56): Illuminate/Auth/SessionGuard->user()
#14 C:/Users/pathu/Desktop/puretec pos/vendor/laravel/framework/src/Illuminate/Auth/Middleware/Authenticate.php(76): Illuminate/Auth/SessionGuard->check()
#15 C:/Users/pathu/Desktop/puretec pos/vendor/laravel/framework/src/Illuminate/Auth/Middleware/Authenticate.php(55): Illuminate/Auth/Middleware/Authenticate->authenticate(Object(Illuminate/Http/Request), Array)
#16 C:/Users/pathu/Desktop/puretec pos/vendor/laravel/framework/src/Illuminate/Pipeline/Pipeline.php(183): Illuminate/Auth/Middleware/Authenticate->handle(Object(Illuminate/Http/Request), Object(Closure))
#17 C:/Users/pathu/Desktop/puretec pos/vendor/laravel/framework/src/Illuminate/Foundation/Http/Middleware/VerifyCsrfToken.php(78): Illuminate/Pipeline/Pipeline->Illuminate/Pipeline/{closure}(Object(Illuminate/Http/Request))
#18 C:/Users/pathu/Desktop/puretec pos/vendor/laravel/framework/src/Illuminate/Pipeline/Pipeline.php(183): Illuminate/Foundation/Http/Middleware/VerifyCsrfToken->handle(Object(Illuminate/Http/Request), Object(Closure))
#19 C:/Users/pathu/Desktop/puretec pos/vendor/laravel/framework/src/Illuminate/View/Middleware/ShareErrorsFromSession.php(49): Illuminate/Pipeline/Pipeline->Illuminate/Pipeline/{closure}(Object(Illuminate/Http/Request))
#20 C:/Users/pathu/Desktop/puretec pos/vendor/laravel/framework/src/Illuminate/Pipeline/Pipeline.php(183): Illuminate/View/Middleware/ShareErrorsFromSession->handle(Object(Illuminate/Http/Request), Object(Closure))
#21 C:/Users/pathu/Desktop/puretec pos/vendor/laravel/framework/src/Illuminate/Session/Middleware/StartSession.php(121): Illuminate/Pipeline/Pipeline->Illuminate/Pipeline/{closure}(Object(Illuminate/Http/Request))
#22 C:/Users/pathu/Desktop/puretec pos/vendor/laravel/framework/src/Illuminate/Session/Middleware/StartSession.php(64): Illuminate/Session/Middleware/StartSession->handleStatefulRequest(Object(Illuminate/Http/Request), Object(Illuminate/Session/Store), Object(Closure))
#23 C:/Users/pathu/Desktop/puretec pos/vendor/laravel/framework/src/Illuminate/Pipeline/Pipeline.php(183): Illuminate/Session/Middleware/StartSession->handle(Object(Illuminate/Http/Request), Object(Closure))
#24 C:/Users/pathu/Desktop/puretec pos/vendor/laravel/framework/src/Illuminate/Cookie/Middleware/AddQueuedCookiesToResponse.php(37): Illuminate/Pipeline/Pipeline->Illuminate/Pipeline/{closure}(Object(Illuminate/Http/Request))
#25 C:/Users/pathu/Desktop/puretec pos/vendor/laravel/framework/src/Illuminate/Pipeline/Pipeline.php(183): Illuminate/Cookie/Middleware/AddQueuedCookiesToResponse->handle(Object(Illuminate/Http/Request), Object(Closure))
#26 C:/Users/pathu/Desktop/puretec pos/vendor/laravel/framework/src/Illuminate/Cookie/Middleware/EncryptCookies.php(67): Illuminate/Pipeline/Pipeline->Illuminate/Pipeline/{closure}(Object(Illuminate/Http/Request))
#27 C:/Users/pathu/Desktop/puretec pos/vendor/laravel/framework/src/Illuminate/Pipeline/Pipeline.php(183): Illuminate/Cookie/Middleware/EncryptCookies->handle(Object(Illuminate/Http/Request), Object(Closure))
#28 C:/Users/pathu/Desktop/puretec pos/vendor/laravel/framework/src/Illuminate/Pipeline/Pipeline.php(119): Illuminate/Pipeline/Pipeline->Illuminate/Pipeline/{closure}(Object(Illuminate/Http/Request))
#29 C:/Users/pathu/Desktop/puretec pos/vendor/laravel/framework/src/Illuminate/Routing/Router.php(805): Illuminate/Pipeline/Pipeline->then(Object(Closure))
#30 C:/Users/pathu/Desktop/puretec pos/vendor/laravel/framework/src/Illuminate/Routing/Router.php(784): Illuminate/Routing/Router->runRouteWithinStack(Object(Illuminate/Routing/Route), Object(Illuminate/Http/Request))
#31 C:/Users/pathu/Desktop/puretec pos/vendor/laravel/framework/src/Illuminate/Routing/Router.php(748): Illuminate/Routing/Router->runRoute(Object(Illuminate/Http/Request), Object(Illuminate/Routing/Route))
#32 C:/Users/pathu/Desktop/puretec pos/vendor/laravel/framework/src/Illuminate/Routing/Router.php(737): Illuminate/Routing/Router->dispatchToRoute(Object(Illuminate/Http/Request))
#33 C:/Users/pathu/Desktop/puretec pos/vendor/laravel/framework/src/Illuminate/Foundation/Http/Kernel.php(200): Illuminate/Routing/Router->dispatch(Object(Illuminate/Http/Request))
#34 C:/Users/pathu/Desktop/puretec pos/vendor/laravel/framework/src/Illuminate/Pipeline/Pipeline.php(144): Illuminate/Foundation/Http/Kernel->Illuminate/Foundation/Http/{closure}(Object(Illuminate/Http/Request))
#35 C:/Users/pathu/Desktop/puretec pos/vendor/laravel/framework/src/Illuminate/Foundation/Http/Middleware/TransformsRequest.php(21): Illuminate/Pipeline/Pipeline->Illuminate/Pipeline/{closure}(Object(Illuminate/Http/Request))
#36 C:/Users/pathu/Desktop/puretec pos/vendor/laravel/framework/src/Illuminate/Foundation/Http/Middleware/ConvertEmptyStringsToNull.php(31): Illuminate/Foundation/Http/Middleware/TransformsRequest->handle(Object(Illuminate/Http/Request), Object(Closure))
#37 C:/Users/pathu/Desktop/puretec pos/vendor/laravel/framework/src/Illuminate/Pipeline/Pipeline.php(183): Illuminate/Foundation/Http/Middleware/ConvertEmptyStringsToNull->handle(Object(Illuminate/Http/Request), Object(Closure))
#38 C:/Users/pathu/Desktop/puretec pos/vendor/laravel/framework/src/Illuminate/Foundation/Http/Middleware/ValidatePostSize.php(27): Illuminate/Pipeline/Pipeline->Illuminate/Pipeline/{closure}(Object(Illuminate/Http/Request))
#39 C:/Users/pathu/Desktop/puretec pos/vendor/laravel/framework/src/Illuminate/Pipeline/Pipeline.php(183): Illuminate/Foundation/Http/Middleware/ValidatePostSize->handle(Object(Illuminate/Http/Request), Object(Closure))
#40 C:/Users/pathu/Desktop/puretec pos/vendor/laravel/framework/src/Illuminate/Http/Middleware/HandleCors.php(49): Illuminate/Pipeline/Pipeline->Illuminate/Pipeline/{closure}(Object(Illuminate/Http/Request))
#41 C:/Users/pathu/Desktop/puretec pos/vendor/laravel/framework/src/Illuminate/Pipeline/Pipeline.php(183): Illuminate/Http/Middleware/HandleCors->handle(Object(Illuminate/Http/Request), Object(Closure))
#42 C:/Users/pathu/Desktop/puretec pos/vendor/laravel/framework/src/Illuminate/Pipeline/Pipeline.php(119): Illuminate/Pipeline/Pipeline->Illuminate/Pipeline/{closure}(Object(Illuminate/Http/Request))
#43 C:/Users/pathu/Desktop/puretec pos/vendor/laravel/framework/src/Illuminate/Foundation/Http/Kernel.php(175): Illuminate/Pipeline/Pipeline->then(Object(Closure))
#44 C:/Users/pathu/Desktop/puretec pos/vendor/laravel/framework/src/Illuminate/Foundation/Http/Kernel.php(144): Illuminate/Foundation/Http/Kernel->sendRequestThroughRouter(Object(Illuminate/Http/Request))
#45 C:/Users/pathu/Desktop/puretec pos/public/index.php(36): Illuminate/Foundation/Http/Kernel->handle(Object(Illuminate/Http/Request))
#46 C:/Users/pathu/Desktop/puretec pos/vendor/laravel/framework/src/Illuminate/Foundation/resources/server.php(16): require_once('C://Users//pathu//...')
#47 {main}

[previous exception] [object] (PDOException(code: 2002): SQLSTATE[HY000] [2002] No connection could be made because the target machine actively refused it at C:/Users/pathu/Desktop/puretec pos/vendor/laravel/framework/src/Illuminate/Database/Connectors/Connector.php:65)
[stacktrace]
#0 C:/Users/pathu/Desktop/puretec pos/vendor/laravel/framework/src/Illuminate/Database/Connectors/Connector.php(65): PDO->__construct('mysql:host=127....', 'root', Object(SensitiveParameterValue), Array)
#1 C:/Users/pathu/Desktop/puretec pos/vendor/laravel/framework/src/Illuminate/Database/Connectors/Connector.php(83): Illuminate/Database/Connectors/Connector->createPdoConnection('mysql:host=127....', 'root', '', Array)
#2 C:/Users/pathu/Desktop/puretec pos/vendor/laravel/framework/src/Illuminate/Database/Connectors/Connector.php(48): Illuminate/Database/Connectors/Connector->tryAgainIfCausedByLostConnection(Object(PDOException), 'mysql:host=127....', 'root', '', Array)
#3 C:/Users/pathu/Desktop/puretec pos/vendor/laravel/framework/src/Illuminate/Database/Connectors/MySqlConnector.php(24): Illuminate/Database/Connectors/Connector->createConnection('mysql:host=127....', Array, Array)
#4 C:/Users/pathu/Desktop/puretec pos/vendor/laravel/framework/src/Illuminate/Database/Connectors/ConnectionFactory.php(184): Illuminate/Database/Connectors/MySqlConnector->connect(Array)
#5 [internal function]: Illuminate/Database/Connectors/ConnectionFactory->Illuminate/Database/Connectors/{closure}()
#6 C:/Users/pathu/Desktop/puretec pos/vendor/laravel/framework/src/Illuminate/Database/Connection.php(1339): call_user_func(Object(Closure))
#7 C:/Users/pathu/Desktop/puretec pos/vendor/laravel/framework/src/Illuminate/Database/Connection.php(1375): Illuminate/Database/Connection->getPdo()
#8 C:/Users/pathu/Desktop/puretec pos/vendor/laravel/framework/src/Illuminate/Database/Connection.php(528): Illuminate/Database/Connection->getReadPdo()
#9 C:/Users/pathu/Desktop/puretec pos/vendor/laravel/framework/src/Illuminate/Database/Connection.php(423): Illuminate/Database/Connection->getPdoForSelect(true)
#10 C:/Users/pathu/Desktop/puretec pos/vendor/laravel/framework/src/Illuminate/Database/Connection.php(816): Illuminate/Database/Connection->Illuminate/Database/{closure}('select * from `...', Array)
#11 C:/Users/pathu/Desktop/puretec pos/vendor/laravel/framework/src/Illuminate/Database/Connection.php(983): Illuminate/Database/Connection->runQueryCallback('select * from `...', Array, Object(Closure))
#12 C:/Users/pathu/Desktop/puretec pos/vendor/laravel/framework/src/Illuminate/Database/Connection.php(962): Illuminate/Database/Connection->tryAgainIfCausedByLostConnection(Object(Illuminate/Database/QueryException), 'select * from `...', Array, Object(Closure))
#13 C:/Users/pathu/Desktop/puretec pos/vendor/laravel/framework/src/Illuminate/Database/Connection.php(785): Illuminate/Database/Connection->handleQueryException(Object(Illuminate/Database/QueryException), 'select * from `...', Array, Object(Closure))
#14 C:/Users/pathu/Desktop/puretec pos/vendor/laravel/framework/src/Illuminate/Database/Connection.php(414): Illuminate/Database/Connection->run('select * from `...', Array, Object(Closure))
#15 C:/Users/pathu/Desktop/puretec pos/vendor/laravel/framework/src/Illuminate/Database/Query/Builder.php(2913): Illuminate/Database/Connection->select('select * from `...', Array, true)
#16 C:/Users/pathu/Desktop/puretec pos/vendor/laravel/framework/src/Illuminate/Database/Query/Builder.php(2902): Illuminate/Database/Query/Builder->runSelect()
#17 C:/Users/pathu/Desktop/puretec pos/vendor/laravel/framework/src/Illuminate/Database/Query/Builder.php(3456): Illuminate/Database/Query/Builder->Illuminate/Database/Query/{closure}()
#18 C:/Users/pathu/Desktop/puretec pos/vendor/laravel/framework/src/Illuminate/Database/Query/Builder.php(2901): Illuminate/Database/Query/Builder->onceWithColumns(Array, Object(Closure))
#19 C:/Users/pathu/Desktop/puretec pos/vendor/laravel/framework/src/Illuminate/Database/Eloquent/Builder.php(739): Illuminate/Database/Query/Builder->get(Array)
#20 C:/Users/pathu/Desktop/puretec pos/vendor/laravel/framework/src/Illuminate/Database/Eloquent/Builder.php(723): Illuminate/Database/Eloquent/Builder->getModels(Array)
#21 C:/Users/pathu/Desktop/puretec pos/vendor/laravel/framework/src/Illuminate/Database/Concerns/BuildsQueries.php(333): Illuminate/Database/Eloquent/Builder->get(Array)
#22 C:/Users/pathu/Desktop/puretec pos/vendor/laravel/framework/src/Illuminate/Auth/EloquentUserProvider.php(59): Illuminate/Database/Eloquent/Builder->first()
#23 C:/Users/pathu/Desktop/puretec pos/vendor/laravel/framework/src/Illuminate/Auth/SessionGuard.php(159): Illuminate/Auth/EloquentUserProvider->retrieveById(1)
#24 C:/Users/pathu/Desktop/puretec pos/vendor/laravel/framework/src/Illuminate/Auth/GuardHelpers.php(56): Illuminate/Auth/SessionGuard->user()
#25 C:/Users/pathu/Desktop/puretec pos/vendor/laravel/framework/src/Illuminate/Auth/Middleware/Authenticate.php(76): Illuminate/Auth/SessionGuard->check()
#26 C:/Users/pathu/Desktop/puretec pos/vendor/laravel/framework/src/Illuminate/Auth/Middleware/Authenticate.php(55): Illuminate/Auth/Middleware/Authenticate->authenticate(Object(Illuminate/Http/Request), Array)
#27 C:/Users/pathu/Desktop/puretec pos/vendor/laravel/framework/src/Illuminate/Pipeline/Pipeline.php(183): Illuminate/Auth/Middleware/Authenticate->handle(Object(Illuminate/Http/Request), Object(Closure))
#28 C:/Users/pathu/Desktop/puretec pos/vendor/laravel/framework/src/Illuminate/Foundation/Http/Middleware/VerifyCsrfToken.php(78): Illuminate/Pipeline/Pipeline->Illuminate/Pipeline/{closure}(Object(Illuminate/Http/Request))
#29 C:/Users/pathu/Desktop/puretec pos/vendor/laravel/framework/src/Illuminate/Pipeline/Pipeline.php(183): Illuminate/Foundation/Http/Middleware/VerifyCsrfToken->handle(Object(Illuminate/Http/Request), Object(Closure))
#30 C:/Users/pathu/Desktop/puretec pos/vendor/laravel/framework/src/Illuminate/View/Middleware/ShareErrorsFromSession.php(49): Illuminate/Pipeline/Pipeline->Illuminate/Pipeline/{closure}(Object(Illuminate/Http/Request))
#31 C:/Users/pathu/Desktop/puretec pos/vendor/laravel/framework/src/Illuminate/Pipeline/Pipeline.php(183): Illuminate/View/Middleware/ShareErrorsFromSession->handle(Object(Illuminate/Http/Request), Object(Closure))
#32 C:/Users/pathu/Desktop/puretec pos/vendor/laravel/framework/src/Illuminate/Session/Middleware/StartSession.php(121): Illuminate/Pipeline/Pipeline->Illuminate/Pipeline/{closure}(Object(Illuminate/Http/Request))
#33 C:/Users/pathu/Desktop/puretec pos/vendor/laravel/framework/src/Illuminate/Session/Middleware/StartSession.php(64): Illuminate/Session/Middleware/StartSession->handleStatefulRequest(Object(Illuminate/Http/Request), Object(Illuminate/Session/Store), Object(Closure))
#34 C:/Users/pathu/Desktop/puretec pos/vendor/laravel/framework/src/Illuminate/Pipeline/Pipeline.php(183): Illuminate/Session/Middleware/StartSession->handle(Object(Illuminate/Http/Request), Object(Closure))
#35 C:/Users/pathu/Desktop/puretec pos/vendor/laravel/framework/src/Illuminate/Cookie/Middleware/AddQueuedCookiesToResponse.php(37): Illuminate/Pipeline/Pipeline->Illuminate/Pipeline/{closure}(Object(Illuminate/Http/Request))
#36 C:/Users/pathu/Desktop/puretec pos/vendor/laravel/framework/src/Illuminate/Pipeline/Pipeline.php(183): Illuminate/Cookie/Middleware/AddQueuedCookiesToResponse->handle(Object(Illuminate/Http/Request), Object(Closure))
#37 C:/Users/pathu/Desktop/puretec pos/vendor/laravel/framework/src/Illuminate/Cookie/Middleware/EncryptCookies.php(67): Illuminate/Pipeline/Pipeline->Illuminate/Pipeline/{closure}(Object(Illuminate/Http/Request))
#38 C:/Users/pathu/Desktop/puretec pos/vendor/laravel/framework/src/Illuminate/Pipeline/Pipeline.php(183): Illuminate/Cookie/Middleware/EncryptCookies->handle(Object(Illuminate/Http/Request), Object(Closure))
#39 C:/Users/pathu/Desktop/puretec pos/vendor/laravel/framework/src/Illuminate/Pipeline/Pipeline.php(119): Illuminate/Pipeline/Pipeline->Illuminate/Pipeline/{closure}(Object(Illuminate/Http/Request))
#40 C:/Users/pathu/Desktop/puretec pos/vendor/laravel/framework/src/Illuminate/Routing/Router.php(805): Illuminate/Pipeline/Pipeline->then(Object(Closure))
#41 C:/Users/pathu/Desktop/puretec pos/vendor/laravel/framework/src/Illuminate/Routing/Router.php(784): Illuminate/Routing/Router->runRouteWithinStack(Object(Illuminate/Routing/Route), Object(Illuminate/Http/Request))
#42 C:/Users/pathu/Desktop/puretec pos/vendor/laravel/framework/src/Illuminate/Routing/Router.php(748): Illuminate/Routing/Router->runRoute(Object(Illuminate/Http/Request), Object(Illuminate/Routing/Route))
#43 C:/Users/pathu/Desktop/puretec pos/vendor/laravel/framework/src/Illuminate/Routing/Router.php(737): Illuminate/Routing/Router->dispatchToRoute(Object(Illuminate/Http/Request))
#44 C:/Users/pathu/Desktop/puretec pos/vendor/laravel/framework/src/Illuminate/Foundation/Http/Kernel.php(200): Illuminate/Routing/Router->dispatch(Object(Illuminate/Http/Request))
#45 C:/Users/pathu/Desktop/puretec pos/vendor/laravel/framework/src/Illuminate/Pipeline/Pipeline.php(144): Illuminate/Foundation/Http/Kernel->Illuminate/Foundation/Http/{closure}(Object(Illuminate/Http/Request))
#46 C:/Users/pathu/Desktop/puretec pos/vendor/laravel/framework/src/Illuminate/Foundation/Http/Middleware/TransformsRequest.php(21): Illuminate/Pipeline/Pipeline->Illuminate/Pipeline/{closure}(Object(Illuminate/Http/Request))
#47 C:/Users/pathu/Desktop/puretec pos/vendor/laravel/framework/src/Illuminate/Foundation/Http/Middleware/ConvertEmptyStringsToNull.php(31): Illuminate/Foundation/Http/Middleware/TransformsRequest->handle(Object(Illuminate/Http/Request), Object(Closure))
#48 C:/Users/pathu/Desktop/puretec pos/vendor/laravel/framework/src/Illuminate/Pipeline/Pipeline.php(183): Illuminate/Foundation/Http/Middleware/ConvertEmptyStringsToNull->handle(Object(Illuminate/Http/Request), Object(Closure))
#49 C:/Users/pathu/Desktop/puretec pos/vendor/laravel/framework/src/Illuminate/Foundation/Http/Middleware/ValidatePostSize.php(27): Illuminate/Pipeline/Pipeline->Illuminate/Pipeline/{closure}(Object(Illuminate/Http/Request))
#50 C:/Users/pathu/Desktop/puretec pos/vendor/laravel/framework/src/Illuminate/Pipeline/Pipeline.php(183): Illuminate/Foundation/Http/Middleware/ValidatePostSize->handle(Object(Illuminate/Http/Request), Object(Closure))
#51 C:/Users/pathu/Desktop/puretec pos/vendor/laravel/framework/src/Illuminate/Http/Middleware/HandleCors.php(49): Illuminate/Pipeline/Pipeline->Illuminate/Pipeline/{closure}(Object(Illuminate/Http/Request))
#52 C:/Users/pathu/Desktop/puretec pos/vendor/laravel/framework/src/Illuminate/Pipeline/Pipeline.php(183): Illuminate/Http/Middleware/HandleCors->handle(Object(Illuminate/Http/Request), Object(Closure))
#53 C:/Users/pathu/Desktop/puretec pos/vendor/laravel/framework/src/Illuminate/Pipeline/Pipeline.php(119): Illuminate/Pipeline/Pipeline->Illuminate/Pipeline/{closure}(Object(Illuminate/Http/Request))
#54 C:/Users/pathu/Desktop/puretec pos/vendor/laravel/framework/src/Illuminate/Foundation/Http/Kernel.php(175): Illuminate/Pipeline/Pipeline->then(Object(Closure))
#55 C:/Users/pathu/Desktop/puretec pos/vendor/laravel/framework/src/Illuminate/Foundation/Http/Kernel.php(144): Illuminate/Foundation/Http/Kernel->sendRequestThroughRouter(Object(Illuminate/Http/Request))
#56 C:/Users/pathu/Desktop/puretec pos/public/index.php(36): Illuminate/Foundation/Http/Kernel->handle(Object(Illuminate/Http/Request))
#57 C:/Users/pathu/Desktop/puretec pos/vendor/laravel/framework/src/Illuminate/Foundation/resources/server.php(16): require_once('C://Users//pathu//...')
#58 {main}
"} 
[2026-06-10 14:44:13] local.ERROR: SQLSTATE[HY000] [2002] No connection could be made because the target machine actively refused it (Connection: mysql, SQL: select * from `users` where `id` = 1 and `users`.`deleted_at` is null limit 1) {"exception":"[object] (Illuminate\\Database\\QueryException(code: 2002): SQLSTATE[HY000] [2002] No connection could be made because the target machine actively refused it (Connection: mysql, SQL: select * from `users` where `id` = 1 and `users`.`deleted_at` is null limit 1) at C:/Users/pathu/Desktop/puretec pos/vendor/laravel/framework/src/Illuminate/Database/Connection.php:829)
[stacktrace]
#0 C:/Users/pathu/Desktop/puretec pos/vendor/laravel/framework/src/Illuminate/Database/Connection.php(983): Illuminate/Database/Connection->runQueryCallback('select * from `...', Array, Object(Closure))
#1 C:/Users/pathu/Desktop/puretec pos/vendor/laravel/framework/src/Illuminate/Database/Connection.php(962): Illuminate/Database/Connection->tryAgainIfCausedByLostConnection(Object(Illuminate/Database/QueryException), 'select * from `...', Array, Object(Closure))
#2 C:/Users/pathu/Desktop/puretec pos/vendor/laravel/framework/src/Illuminate/Database/Connection.php(785): Illuminate/Database/Connection->handleQueryException(Object(Illuminate/Database/QueryException), 'select * from `...', Array, Object(Closure))
#3 C:/Users/pathu/Desktop/puretec pos/vendor/laravel/framework/src/Illuminate/Database/Connection.php(414): Illuminate/Database/Connection->run('select * from `...', Array, Object(Closure))
#4 C:/Users/pathu/Desktop/puretec pos/vendor/laravel/framework/src/Illuminate/Database/Query/Builder.php(2913): Illuminate/Database/Connection->select('select * from `...', Array, true)
#5 C:/Users/pathu/Desktop/puretec pos/vendor/laravel/framework/src/Illuminate/Database/Query/Builder.php(2902): Illuminate/Database/Query/Builder->runSelect()
#6 C:/Users/pathu/Desktop/puretec pos/vendor/laravel/framework/src/Illuminate/Database/Query/Builder.php(3456): Illuminate/Database/Query/Builder->Illuminate/Database/Query/{closure}()
#7 C:/Users/pathu/Desktop/puretec pos/vendor/laravel/framework/src/Illuminate/Database/Query/Builder.php(2901): Illuminate/Database/Query/Builder->onceWithColumns(Array, Object(Closure))
#8 C:/Users/pathu/Desktop/puretec pos/vendor/laravel/framework/src/Illuminate/Database/Eloquent/Builder.php(739): Illuminate/Database/Query/Builder->get(Array)
#9 C:/Users/pathu/Desktop/puretec pos/vendor/laravel/framework/src/Illuminate/Database/Eloquent/Builder.php(723): Illuminate/Database/Eloquent/Builder->getModels(Array)
#10 C:/Users/pathu/Desktop/puretec pos/vendor/laravel/framework/src/Illuminate/Database/Concerns/BuildsQueries.php(333): Illuminate/Database/Eloquent/Builder->get(Array)
#11 C:/Users/pathu/Desktop/puretec pos/vendor/laravel/framework/src/Illuminate/Auth/EloquentUserProvider.php(59): Illuminate/Database/Eloquent/Builder->first()
#12 C:/Users/pathu/Desktop/puretec pos/vendor/laravel/framework/src/Illuminate/Auth/SessionGuard.php(159): Illuminate/Auth/EloquentUserProvider->retrieveById(1)
#13 C:/Users/pathu/Desktop/puretec pos/vendor/laravel/framework/src/Illuminate/Auth/GuardHelpers.php(56): Illuminate/Auth/SessionGuard->user()
#14 C:/Users/pathu/Desktop/puretec pos/vendor/laravel/framework/src/Illuminate/Auth/Middleware/Authenticate.php(76): Illuminate/Auth/SessionGuard->check()
#15 C:/Users/pathu/Desktop/puretec pos/vendor/laravel/framework/src/Illuminate/Auth/Middleware/Authenticate.php(55): Illuminate/Auth/Middleware/Authenticate->authenticate(Object(Illuminate/Http/Request), Array)
#16 C:/Users/pathu/Desktop/puretec pos/vendor/laravel/framework/src/Illuminate/Pipeline/Pipeline.php(183): Illuminate/Auth/Middleware/Authenticate->handle(Object(Illuminate/Http/Request), Object(Closure))
#17 C:/Users/pathu/Desktop/puretec pos/vendor/laravel/framework/src/Illuminate/Foundation/Http/Middleware/VerifyCsrfToken.php(78): Illuminate/Pipeline/Pipeline->Illuminate/Pipeline/{closure}(Object(Illuminate/Http/Request))
#18 C:/Users/pathu/Desktop/puretec pos/vendor/laravel/framework/src/Illuminate/Pipeline/Pipeline.php(183): Illuminate/Foundation/Http/Middleware/VerifyCsrfToken->handle(Object(Illuminate/Http/Request), Object(Closure))
#19 C:/Users/pathu/Desktop/puretec pos/vendor/laravel/framework/src/Illuminate/View/Middleware/ShareErrorsFromSession.php(49): Illuminate/Pipeline/Pipeline->Illuminate/Pipeline/{closure}(Object(Illuminate/Http/Request))
#20 C:/Users/pathu/Desktop/puretec pos/vendor/laravel/framework/src/Illuminate/Pipeline/Pipeline.php(183): Illuminate/View/Middleware/ShareErrorsFromSession->handle(Object(Illuminate/Http/Request), Object(Closure))
#21 C:/Users/pathu/Desktop/puretec pos/vendor/laravel/framework/src/Illuminate/Session/Middleware/StartSession.php(121): Illuminate/Pipeline/Pipeline->Illuminate/Pipeline/{closure}(Object(Illuminate/Http/Request))
#22 C:/Users/pathu/Desktop/puretec pos/vendor/laravel/framework/src/Illuminate/Session/Middleware/StartSession.php(64): Illuminate/Session/Middleware/StartSession->handleStatefulRequest(Object(Illuminate/Http/Request), Object(Illuminate/Session/Store), Object(Closure))
#23 C:/Users/pathu/Desktop/puretec pos/vendor/laravel/framework/src/Illuminate/Pipeline/Pipeline.php(183): Illuminate/Session/Middleware/StartSession->handle(Object(Illuminate/Http/Request), Object(Closure))
#24 C:/Users/pathu/Desktop/puretec pos/vendor/laravel/framework/src/Illuminate/Cookie/Middleware/AddQueuedCookiesToResponse.php(37): Illuminate/Pipeline/Pipeline->Illuminate/Pipeline/{closure}(Object(Illuminate/Http/Request))
#25 C:/Users/pathu/Desktop/puretec pos/vendor/laravel/framework/src/Illuminate/Pipeline/Pipeline.php(183): Illuminate/Cookie/Middleware/AddQueuedCookiesToResponse->handle(Object(Illuminate/Http/Request), Object(Closure))
#26 C:/Users/pathu/Desktop/puretec pos/vendor/laravel/framework/src/Illuminate/Cookie/Middleware/EncryptCookies.php(67): Illuminate/Pipeline/Pipeline->Illuminate/Pipeline/{closure}(Object(Illuminate/Http/Request))
#27 C:/Users/pathu/Desktop/puretec pos/vendor/laravel/framework/src/Illuminate/Pipeline/Pipeline.php(183): Illuminate/Cookie/Middleware/EncryptCookies->handle(Object(Illuminate/Http/Request), Object(Closure))
#28 C:/Users/pathu/Desktop/puretec pos/vendor/laravel/framework/src/Illuminate/Pipeline/Pipeline.php(119): Illuminate/Pipeline/Pipeline->Illuminate/Pipeline/{closure}(Object(Illuminate/Http/Request))
#29 C:/Users/pathu/Desktop/puretec pos/vendor/laravel/framework/src/Illuminate/Routing/Router.php(805): Illuminate/Pipeline/Pipeline->then(Object(Closure))
#30 C:/Users/pathu/Desktop/puretec pos/vendor/laravel/framework/src/Illuminate/Routing/Router.php(784): Illuminate/Routing/Router->runRouteWithinStack(Object(Illuminate/Routing/Route), Object(Illuminate/Http/Request))
#31 C:/Users/pathu/Desktop/puretec pos/vendor/laravel/framework/src/Illuminate/Routing/Router.php(748): Illuminate/Routing/Router->runRoute(Object(Illuminate/Http/Request), Object(Illuminate/Routing/Route))
#32 C:/Users/pathu/Desktop/puretec pos/vendor/laravel/framework/src/Illuminate/Routing/Router.php(737): Illuminate/Routing/Router->dispatchToRoute(Object(Illuminate/Http/Request))
#33 C:/Users/pathu/Desktop/puretec pos/vendor/laravel/framework/src/Illuminate/Foundation/Http/Kernel.php(200): Illuminate/Routing/Router->dispatch(Object(Illuminate/Http/Request))
#34 C:/Users/pathu/Desktop/puretec pos/vendor/laravel/framework/src/Illuminate/Pipeline/Pipeline.php(144): Illuminate/Foundation/Http/Kernel->Illuminate/Foundation/Http/{closure}(Object(Illuminate/Http/Request))
#35 C:/Users/pathu/Desktop/puretec pos/vendor/laravel/framework/src/Illuminate/Foundation/Http/Middleware/TransformsRequest.php(21): Illuminate/Pipeline/Pipeline->Illuminate/Pipeline/{closure}(Object(Illuminate/Http/Request))
#36 C:/Users/pathu/Desktop/puretec pos/vendor/laravel/framework/src/Illuminate/Foundation/Http/Middleware/ConvertEmptyStringsToNull.php(31): Illuminate/Foundation/Http/Middleware/TransformsRequest->handle(Object(Illuminate/Http/Request), Object(Closure))
#37 C:/Users/pathu/Desktop/puretec pos/vendor/laravel/framework/src/Illuminate/Pipeline/Pipeline.php(183): Illuminate/Foundation/Http/Middleware/ConvertEmptyStringsToNull->handle(Object(Illuminate/Http/Request), Object(Closure))
#38 C:/Users/pathu/Desktop/puretec pos/vendor/laravel/framework/src/Illuminate/Foundation/Http/Middleware/ValidatePostSize.php(27): Illuminate/Pipeline/Pipeline->Illuminate/Pipeline/{closure}(Object(Illuminate/Http/Request))
#39 C:/Users/pathu/Desktop/puretec pos/vendor/laravel/framework/src/Illuminate/Pipeline/Pipeline.php(183): Illuminate/Foundation/Http/Middleware/ValidatePostSize->handle(Object(Illuminate/Http/Request), Object(Closure))
#40 C:/Users/pathu/Desktop/puretec pos/vendor/laravel/framework/src/Illuminate/Http/Middleware/HandleCors.php(49): Illuminate/Pipeline/Pipeline->Illuminate/Pipeline/{closure}(Object(Illuminate/Http/Request))
#41 C:/Users/pathu/Desktop/puretec pos/vendor/laravel/framework/src/Illuminate/Pipeline/Pipeline.php(183): Illuminate/Http/Middleware/HandleCors->handle(Object(Illuminate/Http/Request), Object(Closure))
#42 C:/Users/pathu/Desktop/puretec pos/vendor/laravel/framework/src/Illuminate/Pipeline/Pipeline.php(119): Illuminate/Pipeline/Pipeline->Illuminate/Pipeline/{closure}(Object(Illuminate/Http/Request))
#43 C:/Users/pathu/Desktop/puretec pos/vendor/laravel/framework/src/Illuminate/Foundation/Http/Kernel.php(175): Illuminate/Pipeline/Pipeline->then(Object(Closure))
#44 C:/Users/pathu/Desktop/puretec pos/vendor/laravel/framework/src/Illuminate/Foundation/Http/Kernel.php(144): Illuminate/Foundation/Http/Kernel->sendRequestThroughRouter(Object(Illuminate/Http/Request))
#45 C:/Users/pathu/Desktop/puretec pos/public/index.php(36): Illuminate/Foundation/Http/Kernel->handle(Object(Illuminate/Http/Request))
#46 C:/Users/pathu/Desktop/puretec pos/vendor/laravel/framework/src/Illuminate/Foundation/resources/server.php(16): require_once('C://Users//pathu//...')
#47 {main}

[previous exception] [object] (PDOException(code: 2002): SQLSTATE[HY000] [2002] No connection could be made because the target machine actively refused it at C:/Users/pathu/Desktop/puretec pos/vendor/laravel/framework/src/Illuminate/Database/Connectors/Connector.php:65)
[stacktrace]
#0 C:/Users/pathu/Desktop/puretec pos/vendor/laravel/framework/src/Illuminate/Database/Connectors/Connector.php(65): PDO->__construct('mysql:host=127....', 'root', Object(SensitiveParameterValue), Array)
#1 C:/Users/pathu/Desktop/puretec pos/vendor/laravel/framework/src/Illuminate/Database/Connectors/Connector.php(83): Illuminate/Database/Connectors/Connector->createPdoConnection('mysql:host=127....', 'root', '', Array)
#2 C:/Users/pathu/Desktop/puretec pos/vendor/laravel/framework/src/Illuminate/Database/Connectors/Connector.php(48): Illuminate/Database/Connectors/Connector->tryAgainIfCausedByLostConnection(Object(PDOException), 'mysql:host=127....', 'root', '', Array)
#3 C:/Users/pathu/Desktop/puretec pos/vendor/laravel/framework/src/Illuminate/Database/Connectors/MySqlConnector.php(24): Illuminate/Database/Connectors/Connector->createConnection('mysql:host=127....', Array, Array)
#4 C:/Users/pathu/Desktop/puretec pos/vendor/laravel/framework/src/Illuminate/Database/Connectors/ConnectionFactory.php(184): Illuminate/Database/Connectors/MySqlConnector->connect(Array)
#5 [internal function]: Illuminate/Database/Connectors/ConnectionFactory->Illuminate/Database/Connectors/{closure}()
#6 C:/Users/pathu/Desktop/puretec pos/vendor/laravel/framework/src/Illuminate/Database/Connection.php(1339): call_user_func(Object(Closure))
#7 C:/Users/pathu/Desktop/puretec pos/vendor/laravel/framework/src/Illuminate/Database/Connection.php(1375): Illuminate/Database/Connection->getPdo()
#8 C:/Users/pathu/Desktop/puretec pos/vendor/laravel/framework/src/Illuminate/Database/Connection.php(528): Illuminate/Database/Connection->getReadPdo()
#9 C:/Users/pathu/Desktop/puretec pos/vendor/laravel/framework/src/Illuminate/Database/Connection.php(423): Illuminate/Database/Connection->getPdoForSelect(true)
#10 C:/Users/pathu/Desktop/puretec pos/vendor/laravel/framework/src/Illuminate/Database/Connection.php(816): Illuminate/Database/Connection->Illuminate/Database/{closure}('select * from `...', Array)
#11 C:/Users/pathu/Desktop/puretec pos/vendor/laravel/framework/src/Illuminate/Database/Connection.php(983): Illuminate/Database/Connection->runQueryCallback('select * from `...', Array, Object(Closure))
#12 C:/Users/pathu/Desktop/puretec pos/vendor/laravel/framework/src/Illuminate/Database/Connection.php(962): Illuminate/Database/Connection->tryAgainIfCausedByLostConnection(Object(Illuminate/Database/QueryException), 'select * from `...', Array, Object(Closure))
#13 C:/Users/pathu/Desktop/puretec pos/vendor/laravel/framework/src/Illuminate/Database/Connection.php(785): Illuminate/Database/Connection->handleQueryException(Object(Illuminate/Database/QueryException), 'select * from `...', Array, Object(Closure))
#14 C:/Users/pathu/Desktop/puretec pos/vendor/laravel/framework/src/Illuminate/Database/Connection.php(414): Illuminate/Database/Connection->run('select * from `...', Array, Object(Closure))
#15 C:/Users/pathu/Desktop/puretec pos/vendor/laravel/framework/src/Illuminate/Database/Query/Builder.php(2913): Illuminate/Database/Connection->select('select * from `...', Array, true)
#16 C:/Users/pathu/Desktop/puretec pos/vendor/laravel/framework/src/Illuminate/Database/Query/Builder.php(2902): Illuminate/Database/Query/Builder->runSelect()
#17 C:/Users/pathu/Desktop/puretec pos/vendor/laravel/framework/src/Illuminate/Database/Query/Builder.php(3456): Illuminate/Database/Query/Builder->Illuminate/Database/Query/{closure}()
#18 C:/Users/pathu/Desktop/puretec pos/vendor/laravel/framework/src/Illuminate/Database/Query/Builder.php(2901): Illuminate/Database/Query/Builder->onceWithColumns(Array, Object(Closure))
#19 C:/Users/pathu/Desktop/puretec pos/vendor/laravel/framework/src/Illuminate/Database/Eloquent/Builder.php(739): Illuminate/Database/Query/Builder->get(Array)
#20 C:/Users/pathu/Desktop/puretec pos/vendor/laravel/framework/src/Illuminate/Database/Eloquent/Builder.php(723): Illuminate/Database/Eloquent/Builder->getModels(Array)
#21 C:/Users/pathu/Desktop/puretec pos/vendor/laravel/framework/src/Illuminate/Database/Concerns/BuildsQueries.php(333): Illuminate/Database/Eloquent/Builder->get(Array)
#22 C:/Users/pathu/Desktop/puretec pos/vendor/laravel/framework/src/Illuminate/Auth/EloquentUserProvider.php(59): Illuminate/Database/Eloquent/Builder->first()
#23 C:/Users/pathu/Desktop/puretec pos/vendor/laravel/framework/src/Illuminate/Auth/SessionGuard.php(159): Illuminate/Auth/EloquentUserProvider->retrieveById(1)
#24 C:/Users/pathu/Desktop/puretec pos/vendor/laravel/framework/src/Illuminate/Auth/GuardHelpers.php(56): Illuminate/Auth/SessionGuard->user()
#25 C:/Users/pathu/Desktop/puretec pos/vendor/laravel/framework/src/Illuminate/Auth/Middleware/Authenticate.php(76): Illuminate/Auth/SessionGuard->check()
#26 C:/Users/pathu/Desktop/puretec pos/vendor/laravel/framework/src/Illuminate/Auth/Middleware/Authenticate.php(55): Illuminate/Auth/Middleware/Authenticate->authenticate(Object(Illuminate/Http/Request), Array)
#27 C:/Users/pathu/Desktop/puretec pos/vendor/laravel/framework/src/Illuminate/Pipeline/Pipeline.php(183): Illuminate/Auth/Middleware/Authenticate->handle(Object(Illuminate/Http/Request), Object(Closure))
#28 C:/Users/pathu/Desktop/puretec pos/vendor/laravel/framework/src/Illuminate/Foundation/Http/Middleware/VerifyCsrfToken.php(78): Illuminate/Pipeline/Pipeline->Illuminate/Pipeline/{closure}(Object(Illuminate/Http/Request))
#29 C:/Users/pathu/Desktop/puretec pos/vendor/laravel/framework/src/Illuminate/Pipeline/Pipeline.php(183): Illuminate/Foundation/Http/Middleware/VerifyCsrfToken->handle(Object(Illuminate/Http/Request), Object(Closure))
#30 C:/Users/pathu/Desktop/puretec pos/vendor/laravel/framework/src/Illuminate/View/Middleware/ShareErrorsFromSession.php(49): Illuminate/Pipeline/Pipeline->Illuminate/Pipeline/{closure}(Object(Illuminate/Http/Request))
#31 C:/Users/pathu/Desktop/puretec pos/vendor/laravel/framework/src/Illuminate/Pipeline/Pipeline.php(183): Illuminate/View/Middleware/ShareErrorsFromSession->handle(Object(Illuminate/Http/Request), Object(Closure))
#32 C:/Users/pathu/Desktop/puretec pos/vendor/laravel/framework/src/Illuminate/Session/Middleware/StartSession.php(121): Illuminate/Pipeline/Pipeline->Illuminate/Pipeline/{closure}(Object(Illuminate/Http/Request))
#33 C:/Users/pathu/Desktop/puretec pos/vendor/laravel/framework/src/Illuminate/Session/Middleware/StartSession.php(64): Illuminate/Session/Middleware/StartSession->handleStatefulRequest(Object(Illuminate/Http/Request), Object(Illuminate/Session/Store), Object(Closure))
#34 C:/Users/pathu/Desktop/puretec pos/vendor/laravel/framework/src/Illuminate/Pipeline/Pipeline.php(183): Illuminate/Session/Middleware/StartSession->handle(Object(Illuminate/Http/Request), Object(Closure))
#35 C:/Users/pathu/Desktop/puretec pos/vendor/laravel/framework/src/Illuminate/Cookie/Middleware/AddQueuedCookiesToResponse.php(37): Illuminate/Pipeline/Pipeline->Illuminate/Pipeline/{closure}(Object(Illuminate/Http/Request))
#36 C:/Users/pathu/Desktop/puretec pos/vendor/laravel/framework/src/Illuminate/Pipeline/Pipeline.php(183): Illuminate/Cookie/Middleware/AddQueuedCookiesToResponse->handle(Object(Illuminate/Http/Request), Object(Closure))
#37 C:/Users/pathu/Desktop/puretec pos/vendor/laravel/framework/src/Illuminate/Cookie/Middleware/EncryptCookies.php(67): Illuminate/Pipeline/Pipeline->Illuminate/Pipeline/{closure}(Object(Illuminate/Http/Request))
#38 C:/Users/pathu/Desktop/puretec pos/vendor/laravel/framework/src/Illuminate/Pipeline/Pipeline.php(183): Illuminate/Cookie/Middleware/EncryptCookies->handle(Object(Illuminate/Http/Request), Object(Closure))
#39 C:/Users/pathu/Desktop/puretec pos/vendor/laravel/framework/src/Illuminate/Pipeline/Pipeline.php(119): Illuminate/Pipeline/Pipeline->Illuminate/Pipeline/{closure}(Object(Illuminate/Http/Request))
#40 C:/Users/pathu/Desktop/puretec pos/vendor/laravel/framework/src/Illuminate/Routing/Router.php(805): Illuminate/Pipeline/Pipeline->then(Object(Closure))
#41 C:/Users/pathu/Desktop/puretec pos/vendor/laravel/framework/src/Illuminate/Routing/Router.php(784): Illuminate/Routing/Router->runRouteWithinStack(Object(Illuminate/Routing/Route), Object(Illuminate/Http/Request))
#42 C:/Users/pathu/Desktop/puretec pos/vendor/laravel/framework/src/Illuminate/Routing/Router.php(748): Illuminate/Routing/Router->runRoute(Object(Illuminate/Http/Request), Object(Illuminate/Routing/Route))
#43 C:/Users/pathu/Desktop/puretec pos/vendor/laravel/framework/src/Illuminate/Routing/Router.php(737): Illuminate/Routing/Router->dispatchToRoute(Object(Illuminate/Http/Request))
#44 C:/Users/pathu/Desktop/puretec pos/vendor/laravel/framework/src/Illuminate/Foundation/Http/Kernel.php(200): Illuminate/Routing/Router->dispatch(Object(Illuminate/Http/Request))
#45 C:/Users/pathu/Desktop/puretec pos/vendor/laravel/framework/src/Illuminate/Pipeline/Pipeline.php(144): Illuminate/Foundation/Http/Kernel->Illuminate/Foundation/Http/{closure}(Object(Illuminate/Http/Request))
#46 C:/Users/pathu/Desktop/puretec pos/vendor/laravel/framework/src/Illuminate/Foundation/Http/Middleware/TransformsRequest.php(21): Illuminate/Pipeline/Pipeline->Illuminate/Pipeline/{closure}(Object(Illuminate/Http/Request))
#47 C:/Users/pathu/Desktop/puretec pos/vendor/laravel/framework/src/Illuminate/Foundation/Http/Middleware/ConvertEmptyStringsToNull.php(31): Illuminate/Foundation/Http/Middleware/TransformsRequest->handle(Object(Illuminate/Http/Request), Object(Closure))
#48 C:/Users/pathu/Desktop/puretec pos/vendor/laravel/framework/src/Illuminate/Pipeline/Pipeline.php(183): Illuminate/Foundation/Http/Middleware/ConvertEmptyStringsToNull->handle(Object(Illuminate/Http/Request), Object(Closure))
#49 C:/Users/pathu/Desktop/puretec pos/vendor/laravel/framework/src/Illuminate/Foundation/Http/Middleware/ValidatePostSize.php(27): Illuminate/Pipeline/Pipeline->Illuminate/Pipeline/{closure}(Object(Illuminate/Http/Request))
#50 C:/Users/pathu/Desktop/puretec pos/vendor/laravel/framework/src/Illuminate/Pipeline/Pipeline.php(183): Illuminate/Foundation/Http/Middleware/ValidatePostSize->handle(Object(Illuminate/Http/Request), Object(Closure))
#51 C:/Users/pathu/Desktop/puretec pos/vendor/laravel/framework/src/Illuminate/Http/Middleware/HandleCors.php(49): Illuminate/Pipeline/Pipeline->Illuminate/Pipeline/{closure}(Object(Illuminate/Http/Request))
#52 C:/Users/pathu/Desktop/puretec pos/vendor/laravel/framework/src/Illuminate/Pipeline/Pipeline.php(183): Illuminate/Http/Middleware/HandleCors->handle(Object(Illuminate/Http/Request), Object(Closure))
#53 C:/Users/pathu/Desktop/puretec pos/vendor/laravel/framework/src/Illuminate/Pipeline/Pipeline.php(119): Illuminate/Pipeline/Pipeline->Illuminate/Pipeline/{closure}(Object(Illuminate/Http/Request))
#54 C:/Users/pathu/Desktop/puretec pos/vendor/laravel/framework/src/Illuminate/Foundation/Http/Kernel.php(175): Illuminate/Pipeline/Pipeline->then(Object(Closure))
#55 C:/Users/pathu/Desktop/puretec pos/vendor/laravel/framework/src/Illuminate/Foundation/Http/Kernel.php(144): Illuminate/Foundation/Http/Kernel->sendRequestThroughRouter(Object(Illuminate/Http/Request))
#56 C:/Users/pathu/Desktop/puretec pos/public/index.php(36): Illuminate/Foundation/Http/Kernel->handle(Object(Illuminate/Http/Request))
#57 C:/Users/pathu/Desktop/puretec pos/vendor/laravel/framework/src/Illuminate/Foundation/resources/server.php(16): require_once('C://Users//pathu//...')
#58 {main}
"} 
[2026-06-11 18:14:14] local.ERROR: PHP Parse error: Syntax error, unexpected '=' on line 1 {"exception":"[object] (Psy\\Exception\\ParseErrorException(code: 0): PHP Parse error: Syntax error, unexpected '=' on line 1 at C:/Users/pathu/Desktop/puretec pos/vendor/psy/psysh/src/Exception/ParseErrorException.php:44)
[stacktrace]
#0 C:/Users/pathu/Desktop/puretec pos/vendor/psy/psysh/src/CodeCleaner.php(488): Psy/Exception/ParseErrorException::fromParseError(Object(PhpParser/Error))
#1 C:/Users/pathu/Desktop/puretec pos/vendor/psy/psysh/src/CodeCleaner.php(269): Psy/CodeCleaner->parse('<?php  = App//Mo...', false)
#2 C:/Users/pathu/Desktop/puretec pos/vendor/psy/psysh/src/Shell.php(1282): Psy/CodeCleaner->clean(Array, false)
#3 C:/Users/pathu/Desktop/puretec pos/vendor/psy/psysh/src/Shell.php(1315): Psy/Shell->addCode(' = App//Models//S...', true)
#4 C:/Users/pathu/Desktop/puretec pos/vendor/psy/psysh/src/Shell.php(1865): Psy/Shell->setCode(' = App//Models//S...', true)
#5 C:/Users/pathu/Desktop/puretec pos/vendor/laravel/tinker/src/Console/TinkerCommand.php(77): Psy/Shell->execute(' = App//Models//S...')
#6 C:/Users/pathu/Desktop/puretec pos/vendor/laravel/framework/src/Illuminate/Container/BoundMethod.php(36): Laravel/Tinker/Console/TinkerCommand->handle()
#7 C:/Users/pathu/Desktop/puretec pos/vendor/laravel/framework/src/Illuminate/Container/Util.php(41): Illuminate/Container/BoundMethod::Illuminate/Container/{closure}()
#8 C:/Users/pathu/Desktop/puretec pos/vendor/laravel/framework/src/Illuminate/Container/BoundMethod.php(93): Illuminate/Container/Util::unwrapIfClosure(Object(Closure))
#9 C:/Users/pathu/Desktop/puretec pos/vendor/laravel/framework/src/Illuminate/Container/BoundMethod.php(35): Illuminate/Container/BoundMethod::callBoundMethod(Object(Illuminate/Foundation/Application), Array, Object(Closure))
#10 C:/Users/pathu/Desktop/puretec pos/vendor/laravel/framework/src/Illuminate/Container/Container.php(662): Illuminate/Container/BoundMethod::call(Object(Illuminate/Foundation/Application), Array, Array, NULL)
#11 C:/Users/pathu/Desktop/puretec pos/vendor/laravel/framework/src/Illuminate/Console/Command.php(211): Illuminate/Container/Container->call(Array)
#12 C:/Users/pathu/Desktop/puretec pos/vendor/symfony/console/Command/Command.php(326): Illuminate/Console/Command->execute(Object(Symfony/Component/Console/Input/ArgvInput), Object(Illuminate/Console/OutputStyle))
#13 C:/Users/pathu/Desktop/puretec pos/vendor/laravel/framework/src/Illuminate/Console/Command.php(180): Symfony/Component/Console/Command/Command->run(Object(Symfony/Component/Console/Input/ArgvInput), Object(Illuminate/Console/OutputStyle))
#14 C:/Users/pathu/Desktop/puretec pos/vendor/symfony/console/Application.php(1121): Illuminate/Console/Command->run(Object(Symfony/Component/Console/Input/ArgvInput), Object(Symfony/Component/Console/Output/ConsoleOutput))
#15 C:/Users/pathu/Desktop/puretec pos/vendor/symfony/console/Application.php(324): Symfony/Component/Console/Application->doRunCommand(Object(Laravel/Tinker/Console/TinkerCommand), Object(Symfony/Component/Console/Input/ArgvInput), Object(Symfony/Component/Console/Output/ConsoleOutput))
#16 C:/Users/pathu/Desktop/puretec pos/vendor/symfony/console/Application.php(175): Symfony/Component/Console/Application->doRun(Object(Symfony/Component/Console/Input/ArgvInput), Object(Symfony/Component/Console/Output/ConsoleOutput))
#17 C:/Users/pathu/Desktop/puretec pos/vendor/laravel/framework/src/Illuminate/Foundation/Console/Kernel.php(201): Symfony/Component/Console/Application->run(Object(Symfony/Component/Console/Input/ArgvInput), Object(Symfony/Component/Console/Output/ConsoleOutput))
#18 C:/Users/pathu/Desktop/puretec pos/artisan(24): Illuminate/Foundation/Console/Kernel->handle(Object(Symfony/Component/Console/Input/ArgvInput), Object(Symfony/Component/Console/Output/ConsoleOutput))
#19 {main}
"} 
[2026-06-11 18:46:34] local.ERROR: Unclosed '[' on line 373 does not match ')' (View: C:\Users\pathu\Desktop\puretec pos\resources\views\products\price-tags.blade.php) {"userId":1,"exception":"[object] (Illuminate\\View\\ViewException(code: 0): Unclosed '[' on line 373 does not match ')' (View: C:\\Users\\pathu\\Desktop\\puretec pos\\resources\\views\\products\\price-tags.blade.php) at C:/Users/pathu/Desktop/puretec pos/storage/framework/views/51871d832ce66e73a73a8d90d7288618.php:374)
[stacktrace]
#0 C:/Users/pathu/Desktop/puretec pos/vendor/laravel/framework/src/Illuminate/View/Engines/PhpEngine.php(60): Illuminate/View/Engines/CompilerEngine->handleViewException(Object(ParseError), 1)
#1 C:/Users/pathu/Desktop/puretec pos/vendor/laravel/framework/src/Illuminate/View/Engines/CompilerEngine.php(72): Illuminate/View/Engines/PhpEngine->evaluatePath('C://Users//pathu//...', Array)
#2 C:/Users/pathu/Desktop/puretec pos/vendor/laravel/framework/src/Illuminate/View/View.php(207): Illuminate/View/Engines/CompilerEngine->get('C://Users//pathu//...', Array)
#3 C:/Users/pathu/Desktop/puretec pos/vendor/laravel/framework/src/Illuminate/View/View.php(190): Illuminate/View/View->getContents()
#4 C:/Users/pathu/Desktop/puretec pos/vendor/laravel/framework/src/Illuminate/View/View.php(159): Illuminate/View/View->renderContents()
#5 C:/Users/pathu/Desktop/puretec pos/vendor/laravel/framework/src/Illuminate/Http/Response.php(69): Illuminate/View/View->render()
#6 C:/Users/pathu/Desktop/puretec pos/vendor/laravel/framework/src/Illuminate/Http/Response.php(35): Illuminate/Http/Response->setContent(Object(Illuminate/View/View))
#7 C:/Users/pathu/Desktop/puretec pos/vendor/laravel/framework/src/Illuminate/Routing/Router.php(918): Illuminate/Http/Response->__construct(Object(Illuminate/View/View), 200, Array)
#8 C:/Users/pathu/Desktop/puretec pos/vendor/laravel/framework/src/Illuminate/Routing/Router.php(885): Illuminate/Routing/Router::toResponse(Object(Illuminate/Http/Request), Object(Illuminate/View/View))
#9 C:/Users/pathu/Desktop/puretec pos/vendor/laravel/framework/src/Illuminate/Routing/Router.php(805): Illuminate/Routing/Router->prepareResponse(Object(Illuminate/Http/Request), Object(Illuminate/View/View))
#10 C:/Users/pathu/Desktop/puretec pos/vendor/laravel/framework/src/Illuminate/Pipeline/Pipeline.php(144): Illuminate/Routing/Router->Illuminate/Routing/{closure}(Object(Illuminate/Http/Request))
#11 C:/Users/pathu/Desktop/puretec pos/app/Http/Middleware/CheckTenantLock.php(20): Illuminate/Pipeline/Pipeline->Illuminate/Pipeline/{closure}(Object(Illuminate/Http/Request))
#12 C:/Users/pathu/Desktop/puretec pos/vendor/laravel/framework/src/Illuminate/Pipeline/Pipeline.php(183): App/Http/Middleware/CheckTenantLock->handle(Object(Illuminate/Http/Request), Object(Closure))
#13 C:/Users/pathu/Desktop/puretec pos/app/Http/Middleware/TenantScope.php(30): Illuminate/Pipeline/Pipeline->Illuminate/Pipeline/{closure}(Object(Illuminate/Http/Request))
#14 C:/Users/pathu/Desktop/puretec pos/vendor/laravel/framework/src/Illuminate/Pipeline/Pipeline.php(183): App/Http/Middleware/TenantScope->handle(Object(Illuminate/Http/Request), Object(Closure))
#15 C:/Users/pathu/Desktop/puretec pos/vendor/laravel/framework/src/Illuminate/Routing/Middleware/SubstituteBindings.php(50): Illuminate/Pipeline/Pipeline->Illuminate/Pipeline/{closure}(Object(Illuminate/Http/Request))
#16 C:/Users/pathu/Desktop/puretec pos/vendor/laravel/framework/src/Illuminate/Pipeline/Pipeline.php(183): Illuminate/Routing/Middleware/SubstituteBindings->handle(Object(Illuminate/Http/Request), Object(Closure))
#17 C:/Users/pathu/Desktop/puretec pos/vendor/laravel/framework/src/Illuminate/Auth/Middleware/Authenticate.php(57): Illuminate/Pipeline/Pipeline->Illuminate/Pipeline/{closure}(Object(Illuminate/Http/Request))
#18 C:/Users/pathu/Desktop/puretec pos/vendor/laravel/framework/src/Illuminate/Pipeline/Pipeline.php(183): Illuminate/Auth/Middleware/Authenticate->handle(Object(Illuminate/Http/Request), Object(Closure))
#19 C:/Users/pathu/Desktop/puretec pos/vendor/laravel/framework/src/Illuminate/Foundation/Http/Middleware/VerifyCsrfToken.php(78): Illuminate/Pipeline/Pipeline->Illuminate/Pipeline/{closure}(Object(Illuminate/Http/Request))
#20 C:/Users/pathu/Desktop/puretec pos/vendor/laravel/framework/src/Illuminate/Pipeline/Pipeline.php(183): Illuminate/Foundation/Http/Middleware/VerifyCsrfToken->handle(Object(Illuminate/Http/Request), Object(Closure))
#21 C:/Users/pathu/Desktop/puretec pos/vendor/laravel/framework/src/Illuminate/View/Middleware/ShareErrorsFromSession.php(49): Illuminate/Pipeline/Pipeline->Illuminate/Pipeline/{closure}(Object(Illuminate/Http/Request))
#22 C:/Users/pathu/Desktop/puretec pos/vendor/laravel/framework/src/Illuminate/Pipeline/Pipeline.php(183): Illuminate/View/Middleware/ShareErrorsFromSession->handle(Object(Illuminate/Http/Request), Object(Closure))
#23 C:/Users/pathu/Desktop/puretec pos/vendor/laravel/framework/src/Illuminate/Session/Middleware/StartSession.php(121): Illuminate/Pipeline/Pipeline->Illuminate/Pipeline/{closure}(Object(Illuminate/Http/Request))
#24 C:/Users/pathu/Desktop/puretec pos/vendor/laravel/framework/src/Illuminate/Session/Middleware/StartSession.php(64): Illuminate/Session/Middleware/StartSession->handleStatefulRequest(Object(Illuminate/Http/Request), Object(Illuminate/Session/Store), Object(Closure))
#25 C:/Users/pathu/Desktop/puretec pos/vendor/laravel/framework/src/Illuminate/Pipeline/Pipeline.php(183): Illuminate/Session/Middleware/StartSession->handle(Object(Illuminate/Http/Request), Object(Closure))
#26 C:/Users/pathu/Desktop/puretec pos/vendor/laravel/framework/src/Illuminate/Cookie/Middleware/AddQueuedCookiesToResponse.php(37): Illuminate/Pipeline/Pipeline->Illuminate/Pipeline/{closure}(Object(Illuminate/Http/Request))
#27 C:/Users/pathu/Desktop/puretec pos/vendor/laravel/framework/src/Illuminate/Pipeline/Pipeline.php(183): Illuminate/Cookie/Middleware/AddQueuedCookiesToResponse->handle(Object(Illuminate/Http/Request), Object(Closure))
#28 C:/Users/pathu/Desktop/puretec pos/vendor/laravel/framework/src/Illuminate/Cookie/Middleware/EncryptCookies.php(67): Illuminate/Pipeline/Pipeline->Illuminate/Pipeline/{closure}(Object(Illuminate/Http/Request))
#29 C:/Users/pathu/Desktop/puretec pos/vendor/laravel/framework/src/Illuminate/Pipeline/Pipeline.php(183): Illuminate/Cookie/Middleware/EncryptCookies->handle(Object(Illuminate/Http/Request), Object(Closure))
#30 C:/Users/pathu/Desktop/puretec pos/vendor/laravel/framework/src/Illuminate/Pipeline/Pipeline.php(119): Illuminate/Pipeline/Pipeline->Illuminate/Pipeline/{closure}(Object(Illuminate/Http/Request))
#31 C:/Users/pathu/Desktop/puretec pos/vendor/laravel/framework/src/Illuminate/Routing/Router.php(805): Illuminate/Pipeline/Pipeline->then(Object(Closure))
#32 C:/Users/pathu/Desktop/puretec pos/vendor/laravel/framework/src/Illuminate/Routing/Router.php(784): Illuminate/Routing/Router->runRouteWithinStack(Object(Illuminate/Routing/Route), Object(Illuminate/Http/Request))
#33 C:/Users/pathu/Desktop/puretec pos/vendor/laravel/framework/src/Illuminate/Routing/Router.php(748): Illuminate/Routing/Router->runRoute(Object(Illuminate/Http/Request), Object(Illuminate/Routing/Route))
#34 C:/Users/pathu/Desktop/puretec pos/vendor/laravel/framework/src/Illuminate/Routing/Router.php(737): Illuminate/Routing/Router->dispatchToRoute(Object(Illuminate/Http/Request))
#35 C:/Users/pathu/Desktop/puretec pos/vendor/laravel/framework/src/Illuminate/Foundation/Http/Kernel.php(200): Illuminate/Routing/Router->dispatch(Object(Illuminate/Http/Request))
#36 C:/Users/pathu/Desktop/puretec pos/vendor/laravel/framework/src/Illuminate/Pipeline/Pipeline.php(144): Illuminate/Foundation/Http/Kernel->Illuminate/Foundation/Http/{closure}(Object(Illuminate/Http/Request))
#37 C:/Users/pathu/Desktop/puretec pos/vendor/laravel/framework/src/Illuminate/Foundation/Http/Middleware/TransformsRequest.php(21): Illuminate/Pipeline/Pipeline->Illuminate/Pipeline/{closure}(Object(Illuminate/Http/Request))
#38 C:/Users/pathu/Desktop/puretec pos/vendor/laravel/framework/src/Illuminate/Foundation/Http/Middleware/ConvertEmptyStringsToNull.php(31): Illuminate/Foundation/Http/Middleware/TransformsRequest->handle(Object(Illuminate/Http/Request), Object(Closure))
#39 C:/Users/pathu/Desktop/puretec pos/vendor/laravel/framework/src/Illuminate/Pipeline/Pipeline.php(183): Illuminate/Foundation/Http/Middleware/ConvertEmptyStringsToNull->handle(Object(Illuminate/Http/Request), Object(Closure))
#40 C:/Users/pathu/Desktop/puretec pos/vendor/laravel/framework/src/Illuminate/Foundation/Http/Middleware/ValidatePostSize.php(27): Illuminate/Pipeline/Pipeline->Illuminate/Pipeline/{closure}(Object(Illuminate/Http/Request))
#41 C:/Users/pathu/Desktop/puretec pos/vendor/laravel/framework/src/Illuminate/Pipeline/Pipeline.php(183): Illuminate/Foundation/Http/Middleware/ValidatePostSize->handle(Object(Illuminate/Http/Request), Object(Closure))
#42 C:/Users/pathu/Desktop/puretec pos/vendor/laravel/framework/src/Illuminate/Http/Middleware/HandleCors.php(49): Illuminate/Pipeline/Pipeline->Illuminate/Pipeline/{closure}(Object(Illuminate/Http/Request))
#43 C:/Users/pathu/Desktop/puretec pos/vendor/laravel/framework/src/Illuminate/Pipeline/Pipeline.php(183): Illuminate/Http/Middleware/HandleCors->handle(Object(Illuminate/Http/Request), Object(Closure))
#44 C:/Users/pathu/Desktop/puretec pos/vendor/laravel/framework/src/Illuminate/Pipeline/Pipeline.php(119): Illuminate/Pipeline/Pipeline->Illuminate/Pipeline/{closure}(Object(Illuminate/Http/Request))
#45 C:/Users/pathu/Desktop/puretec pos/vendor/laravel/framework/src/Illuminate/Foundation/Http/Kernel.php(175): Illuminate/Pipeline/Pipeline->then(Object(Closure))
#46 C:/Users/pathu/Desktop/puretec pos/vendor/laravel/framework/src/Illuminate/Foundation/Http/Kernel.php(144): Illuminate/Foundation/Http/Kernel->sendRequestThroughRouter(Object(Illuminate/Http/Request))
#47 C:/Users/pathu/Desktop/puretec pos/public/index.php(36): Illuminate/Foundation/Http/Kernel->handle(Object(Illuminate/Http/Request))
#48 C:/Users/pathu/Desktop/puretec pos/vendor/laravel/framework/src/Illuminate/Foundation/resources/server.php(16): require_once('C://Users//pathu//...')
#49 {main}

[previous exception] [object] (ParseError(code: 0): Unclosed '[' on line 373 does not match ')' at C:/Users/pathu/Desktop/puretec pos/storage/framework/views/51871d832ce66e73a73a8d90d7288618.php:374)
[stacktrace]
#0 C:/Users/pathu/Desktop/puretec pos/vendor/laravel/framework/src/Illuminate/Filesystem/Filesystem.php(124): Illuminate/Filesystem/Filesystem::Illuminate/Filesystem/{closure}()
#1 C:/Users/pathu/Desktop/puretec pos/vendor/laravel/framework/src/Illuminate/View/Engines/PhpEngine.php(58): Illuminate/Filesystem/Filesystem->getRequire('C://Users//pathu//...', Array)
#2 C:/Users/pathu/Desktop/puretec pos/vendor/laravel/framework/src/Illuminate/View/Engines/CompilerEngine.php(72): Illuminate/View/Engines/PhpEngine->evaluatePath('C://Users//pathu//...', Array)
#3 C:/Users/pathu/Desktop/puretec pos/vendor/laravel/framework/src/Illuminate/View/View.php(207): Illuminate/View/Engines/CompilerEngine->get('C://Users//pathu//...', Array)
#4 C:/Users/pathu/Desktop/puretec pos/vendor/laravel/framework/src/Illuminate/View/View.php(190): Illuminate/View/View->getContents()
#5 C:/Users/pathu/Desktop/puretec pos/vendor/laravel/framework/src/Illuminate/View/View.php(159): Illuminate/View/View->renderContents()
#6 C:/Users/pathu/Desktop/puretec pos/vendor/laravel/framework/src/Illuminate/Http/Response.php(69): Illuminate/View/View->render()
#7 C:/Users/pathu/Desktop/puretec pos/vendor/laravel/framework/src/Illuminate/Http/Response.php(35): Illuminate/Http/Response->setContent(Object(Illuminate/View/View))
#8 C:/Users/pathu/Desktop/puretec pos/vendor/laravel/framework/src/Illuminate/Routing/Router.php(918): Illuminate/Http/Response->__construct(Object(Illuminate/View/View), 200, Array)
#9 C:/Users/pathu/Desktop/puretec pos/vendor/laravel/framework/src/Illuminate/Routing/Router.php(885): Illuminate/Routing/Router::toResponse(Object(Illuminate/Http/Request), Object(Illuminate/View/View))
#10 C:/Users/pathu/Desktop/puretec pos/vendor/laravel/framework/src/Illuminate/Routing/Router.php(805): Illuminate/Routing/Router->prepareResponse(Object(Illuminate/Http/Request), Object(Illuminate/View/View))
#11 C:/Users/pathu/Desktop/puretec pos/vendor/laravel/framework/src/Illuminate/Pipeline/Pipeline.php(144): Illuminate/Routing/Router->Illuminate/Routing/{closure}(Object(Illuminate/Http/Request))
#12 C:/Users/pathu/Desktop/puretec pos/app/Http/Middleware/CheckTenantLock.php(20): Illuminate/Pipeline/Pipeline->Illuminate/Pipeline/{closure}(Object(Illuminate/Http/Request))
#13 C:/Users/pathu/Desktop/puretec pos/vendor/laravel/framework/src/Illuminate/Pipeline/Pipeline.php(183): App/Http/Middleware/CheckTenantLock->handle(Object(Illuminate/Http/Request), Object(Closure))
#14 C:/Users/pathu/Desktop/puretec pos/app/Http/Middleware/TenantScope.php(30): Illuminate/Pipeline/Pipeline->Illuminate/Pipeline/{closure}(Object(Illuminate/Http/Request))
#15 C:/Users/pathu/Desktop/puretec pos/vendor/laravel/framework/src/Illuminate/Pipeline/Pipeline.php(183): App/Http/Middleware/TenantScope->handle(Object(Illuminate/Http/Request), Object(Closure))
#16 C:/Users/pathu/Desktop/puretec pos/vendor/laravel/framework/src/Illuminate/Routing/Middleware/SubstituteBindings.php(50): Illuminate/Pipeline/Pipeline->Illuminate/Pipeline/{closure}(Object(Illuminate/Http/Request))
#17 C:/Users/pathu/Desktop/puretec pos/vendor/laravel/framework/src/Illuminate/Pipeline/Pipeline.php(183): Illuminate/Routing/Middleware/SubstituteBindings->handle(Object(Illuminate/Http/Request), Object(Closure))
#18 C:/Users/pathu/Desktop/puretec pos/vendor/laravel/framework/src/Illuminate/Auth/Middleware/Authenticate.php(57): Illuminate/Pipeline/Pipeline->Illuminate/Pipeline/{closure}(Object(Illuminate/Http/Request))
#19 C:/Users/pathu/Desktop/puretec pos/vendor/laravel/framework/src/Illuminate/Pipeline/Pipeline.php(183): Illuminate/Auth/Middleware/Authenticate->handle(Object(Illuminate/Http/Request), Object(Closure))
#20 C:/Users/pathu/Desktop/puretec pos/vendor/laravel/framework/src/Illuminate/Foundation/Http/Middleware/VerifyCsrfToken.php(78): Illuminate/Pipeline/Pipeline->Illuminate/Pipeline/{closure}(Object(Illuminate/Http/Request))
#21 C:/Users/pathu/Desktop/puretec pos/vendor/laravel/framework/src/Illuminate/Pipeline/Pipeline.php(183): Illuminate/Foundation/Http/Middleware/VerifyCsrfToken->handle(Object(Illuminate/Http/Request), Object(Closure))
#22 C:/Users/pathu/Desktop/puretec pos/vendor/laravel/framework/src/Illuminate/View/Middleware/ShareErrorsFromSession.php(49): Illuminate/Pipeline/Pipeline->Illuminate/Pipeline/{closure}(Object(Illuminate/Http/Request))
#23 C:/Users/pathu/Desktop/puretec pos/vendor/laravel/framework/src/Illuminate/Pipeline/Pipeline.php(183): Illuminate/View/Middleware/ShareErrorsFromSession->handle(Object(Illuminate/Http/Request), Object(Closure))
#24 C:/Users/pathu/Desktop/puretec pos/vendor/laravel/framework/src/Illuminate/Session/Middleware/StartSession.php(121): Illuminate/Pipeline/Pipeline->Illuminate/Pipeline/{closure}(Object(Illuminate/Http/Request))
#25 C:/Users/pathu/Desktop/puretec pos/vendor/laravel/framework/src/Illuminate/Session/Middleware/StartSession.php(64): Illuminate/Session/Middleware/StartSession->handleStatefulRequest(Object(Illuminate/Http/Request), Object(Illuminate/Session/Store), Object(Closure))
#26 C:/Users/pathu/Desktop/puretec pos/vendor/laravel/framework/src/Illuminate/Pipeline/Pipeline.php(183): Illuminate/Session/Middleware/StartSession->handle(Object(Illuminate/Http/Request), Object(Closure))
#27 C:/Users/pathu/Desktop/puretec pos/vendor/laravel/framework/src/Illuminate/Cookie/Middleware/AddQueuedCookiesToResponse.php(37): Illuminate/Pipeline/Pipeline->Illuminate/Pipeline/{closure}(Object(Illuminate/Http/Request))
#28 C:/Users/pathu/Desktop/puretec pos/vendor/laravel/framework/src/Illuminate/Pipeline/Pipeline.php(183): Illuminate/Cookie/Middleware/AddQueuedCookiesToResponse->handle(Object(Illuminate/Http/Request), Object(Closure))
#29 C:/Users/pathu/Desktop/puretec pos/vendor/laravel/framework/src/Illuminate/Cookie/Middleware/EncryptCookies.php(67): Illuminate/Pipeline/Pipeline->Illuminate/Pipeline/{closure}(Object(Illuminate/Http/Request))
#30 C:/Users/pathu/Desktop/puretec pos/vendor/laravel/framework/src/Illuminate/Pipeline/Pipeline.php(183): Illuminate/Cookie/Middleware/EncryptCookies->handle(Object(Illuminate/Http/Request), Object(Closure))
#31 C:/Users/pathu/Desktop/puretec pos/vendor/laravel/framework/src/Illuminate/Pipeline/Pipeline.php(119): Illuminate/Pipeline/Pipeline->Illuminate/Pipeline/{closure}(Object(Illuminate/Http/Request))
#32 C:/Users/pathu/Desktop/puretec pos/vendor/laravel/framework/src/Illuminate/Routing/Router.php(805): Illuminate/Pipeline/Pipeline->then(Object(Closure))
#33 C:/Users/pathu/Desktop/puretec pos/vendor/laravel/framework/src/Illuminate/Routing/Router.php(784): Illuminate/Routing/Router->runRouteWithinStack(Object(Illuminate/Routing/Route), Object(Illuminate/Http/Request))
#34 C:/Users/pathu/Desktop/puretec pos/vendor/laravel/framework/src/Illuminate/Routing/Router.php(748): Illuminate/Routing/Router->runRoute(Object(Illuminate/Http/Request), Object(Illuminate/Routing/Route))
#35 C:/Users/pathu/Desktop/puretec pos/vendor/laravel/framework/src/Illuminate/Routing/Router.php(737): Illuminate/Routing/Router->dispatchToRoute(Object(Illuminate/Http/Request))
#36 C:/Users/pathu/Desktop/puretec pos/vendor/laravel/framework/src/Illuminate/Foundation/Http/Kernel.php(200): Illuminate/Routing/Router->dispatch(Object(Illuminate/Http/Request))
#37 C:/Users/pathu/Desktop/puretec pos/vendor/laravel/framework/src/Illuminate/Pipeline/Pipeline.php(144): Illuminate/Foundation/Http/Kernel->Illuminate/Foundation/Http/{closure}(Object(Illuminate/Http/Request))
#38 C:/Users/pathu/Desktop/puretec pos/vendor/laravel/framework/src/Illuminate/Foundation/Http/Middleware/TransformsRequest.php(21): Illuminate/Pipeline/Pipeline->Illuminate/Pipeline/{closure}(Object(Illuminate/Http/Request))
#39 C:/Users/pathu/Desktop/puretec pos/vendor/laravel/framework/src/Illuminate/Foundation/Http/Middleware/ConvertEmptyStringsToNull.php(31): Illuminate/Foundation/Http/Middleware/TransformsRequest->handle(Object(Illuminate/Http/Request), Object(Closure))
#40 C:/Users/pathu/Desktop/puretec pos/vendor/laravel/framework/src/Illuminate/Pipeline/Pipeline.php(183): Illuminate/Foundation/Http/Middleware/ConvertEmptyStringsToNull->handle(Object(Illuminate/Http/Request), Object(Closure))
#41 C:/Users/pathu/Desktop/puretec pos/vendor/laravel/framework/src/Illuminate/Foundation/Http/Middleware/ValidatePostSize.php(27): Illuminate/Pipeline/Pipeline->Illuminate/Pipeline/{closure}(Object(Illuminate/Http/Request))
#42 C:/Users/pathu/Desktop/puretec pos/vendor/laravel/framework/src/Illuminate/Pipeline/Pipeline.php(183): Illuminate/Foundation/Http/Middleware/ValidatePostSize->handle(Object(Illuminate/Http/Request), Object(Closure))
#43 C:/Users/pathu/Desktop/puretec pos/vendor/laravel/framework/src/Illuminate/Http/Middleware/HandleCors.php(49): Illuminate/Pipeline/Pipeline->Illuminate/Pipeline/{closure}(Object(Illuminate/Http/Request))
#44 C:/Users/pathu/Desktop/puretec pos/vendor/laravel/framework/src/Illuminate/Pipeline/Pipeline.php(183): Illuminate/Http/Middleware/HandleCors->handle(Object(Illuminate/Http/Request), Object(Closure))
#45 C:/Users/pathu/Desktop/puretec pos/vendor/laravel/framework/src/Illuminate/Pipeline/Pipeline.php(119): Illuminate/Pipeline/Pipeline->Illuminate/Pipeline/{closure}(Object(Illuminate/Http/Request))
#46 C:/Users/pathu/Desktop/puretec pos/vendor/laravel/framework/src/Illuminate/Foundation/Http/Kernel.php(175): Illuminate/Pipeline/Pipeline->then(Object(Closure))
#47 C:/Users/pathu/Desktop/puretec pos/vendor/laravel/framework/src/Illuminate/Foundation/Http/Kernel.php(144): Illuminate/Foundation/Http/Kernel->sendRequestThroughRouter(Object(Illuminate/Http/Request))
#48 C:/Users/pathu/Desktop/puretec pos/public/index.php(36): Illuminate/Foundation/Http/Kernel->handle(Object(Illuminate/Http/Request))
#49 C:/Users/pathu/Desktop/puretec pos/vendor/laravel/framework/src/Illuminate/Foundation/resources/server.php(16): require_once('C://Users//pathu//...')
#50 {main}
"} 
[2026-06-11 18:47:44] local.ERROR: Unclosed '[' on line 373 does not match ')' (View: C:\Users\pathu\Desktop\puretec pos\resources\views\products\price-tags.blade.php) {"userId":1,"exception":"[object] (Illuminate\\View\\ViewException(code: 0): Unclosed '[' on line 373 does not match ')' (View: C:\\Users\\pathu\\Desktop\\puretec pos\\resources\\views\\products\\price-tags.blade.php) at C:/Users/pathu/Desktop/puretec pos/storage/framework/views/51871d832ce66e73a73a8d90d7288618.php:374)
[stacktrace]
#0 C:/Users/pathu/Desktop/puretec pos/vendor/laravel/framework/src/Illuminate/View/Engines/PhpEngine.php(60): Illuminate/View/Engines/CompilerEngine->handleViewException(Object(ParseError), 1)
#1 C:/Users/pathu/Desktop/puretec pos/vendor/laravel/framework/src/Illuminate/View/Engines/CompilerEngine.php(72): Illuminate/View/Engines/PhpEngine->evaluatePath('C://Users//pathu//...', Array)
#2 C:/Users/pathu/Desktop/puretec pos/vendor/laravel/framework/src/Illuminate/View/View.php(207): Illuminate/View/Engines/CompilerEngine->get('C://Users//pathu//...', Array)
#3 C:/Users/pathu/Desktop/puretec pos/vendor/laravel/framework/src/Illuminate/View/View.php(190): Illuminate/View/View->getContents()
#4 C:/Users/pathu/Desktop/puretec pos/vendor/laravel/framework/src/Illuminate/View/View.php(159): Illuminate/View/View->renderContents()
#5 C:/Users/pathu/Desktop/puretec pos/vendor/laravel/framework/src/Illuminate/Http/Response.php(69): Illuminate/View/View->render()
#6 C:/Users/pathu/Desktop/puretec pos/vendor/laravel/framework/src/Illuminate/Http/Response.php(35): Illuminate/Http/Response->setContent(Object(Illuminate/View/View))
#7 C:/Users/pathu/Desktop/puretec pos/vendor/laravel/framework/src/Illuminate/Routing/Router.php(918): Illuminate/Http/Response->__construct(Object(Illuminate/View/View), 200, Array)
#8 C:/Users/pathu/Desktop/puretec pos/vendor/laravel/framework/src/Illuminate/Routing/Router.php(885): Illuminate/Routing/Router::toResponse(Object(Illuminate/Http/Request), Object(Illuminate/View/View))
#9 C:/Users/pathu/Desktop/puretec pos/vendor/laravel/framework/src/Illuminate/Routing/Router.php(805): Illuminate/Routing/Router->prepareResponse(Object(Illuminate/Http/Request), Object(Illuminate/View/View))
#10 C:/Users/pathu/Desktop/puretec pos/vendor/laravel/framework/src/Illuminate/Pipeline/Pipeline.php(144): Illuminate/Routing/Router->Illuminate/Routing/{closure}(Object(Illuminate/Http/Request))
#11 C:/Users/pathu/Desktop/puretec pos/app/Http/Middleware/CheckTenantLock.php(20): Illuminate/Pipeline/Pipeline->Illuminate/Pipeline/{closure}(Object(Illuminate/Http/Request))
#12 C:/Users/pathu/Desktop/puretec pos/vendor/laravel/framework/src/Illuminate/Pipeline/Pipeline.php(183): App/Http/Middleware/CheckTenantLock->handle(Object(Illuminate/Http/Request), Object(Closure))
#13 C:/Users/pathu/Desktop/puretec pos/app/Http/Middleware/TenantScope.php(30): Illuminate/Pipeline/Pipeline->Illuminate/Pipeline/{closure}(Object(Illuminate/Http/Request))
#14 C:/Users/pathu/Desktop/puretec pos/vendor/laravel/framework/src/Illuminate/Pipeline/Pipeline.php(183): App/Http/Middleware/TenantScope->handle(Object(Illuminate/Http/Request), Object(Closure))
#15 C:/Users/pathu/Desktop/puretec pos/vendor/laravel/framework/src/Illuminate/Routing/Middleware/SubstituteBindings.php(50): Illuminate/Pipeline/Pipeline->Illuminate/Pipeline/{closure}(Object(Illuminate/Http/Request))
#16 C:/Users/pathu/Desktop/puretec pos/vendor/laravel/framework/src/Illuminate/Pipeline/Pipeline.php(183): Illuminate/Routing/Middleware/SubstituteBindings->handle(Object(Illuminate/Http/Request), Object(Closure))
#17 C:/Users/pathu/Desktop/puretec pos/vendor/laravel/framework/src/Illuminate/Auth/Middleware/Authenticate.php(57): Illuminate/Pipeline/Pipeline->Illuminate/Pipeline/{closure}(Object(Illuminate/Http/Request))
#18 C:/Users/pathu/Desktop/puretec pos/vendor/laravel/framework/src/Illuminate/Pipeline/Pipeline.php(183): Illuminate/Auth/Middleware/Authenticate->handle(Object(Illuminate/Http/Request), Object(Closure))
#19 C:/Users/pathu/Desktop/puretec pos/vendor/laravel/framework/src/Illuminate/Foundation/Http/Middleware/VerifyCsrfToken.php(78): Illuminate/Pipeline/Pipeline->Illuminate/Pipeline/{closure}(Object(Illuminate/Http/Request))
#20 C:/Users/pathu/Desktop/puretec pos/vendor/laravel/framework/src/Illuminate/Pipeline/Pipeline.php(183): Illuminate/Foundation/Http/Middleware/VerifyCsrfToken->handle(Object(Illuminate/Http/Request), Object(Closure))
#21 C:/Users/pathu/Desktop/puretec pos/vendor/laravel/framework/src/Illuminate/View/Middleware/ShareErrorsFromSession.php(49): Illuminate/Pipeline/Pipeline->Illuminate/Pipeline/{closure}(Object(Illuminate/Http/Request))
#22 C:/Users/pathu/Desktop/puretec pos/vendor/laravel/framework/src/Illuminate/Pipeline/Pipeline.php(183): Illuminate/View/Middleware/ShareErrorsFromSession->handle(Object(Illuminate/Http/Request), Object(Closure))
#23 C:/Users/pathu/Desktop/puretec pos/vendor/laravel/framework/src/Illuminate/Session/Middleware/StartSession.php(121): Illuminate/Pipeline/Pipeline->Illuminate/Pipeline/{closure}(Object(Illuminate/Http/Request))
#24 C:/Users/pathu/Desktop/puretec pos/vendor/laravel/framework/src/Illuminate/Session/Middleware/StartSession.php(64): Illuminate/Session/Middleware/StartSession->handleStatefulRequest(Object(Illuminate/Http/Request), Object(Illuminate/Session/Store), Object(Closure))
#25 C:/Users/pathu/Desktop/puretec pos/vendor/laravel/framework/src/Illuminate/Pipeline/Pipeline.php(183): Illuminate/Session/Middleware/StartSession->handle(Object(Illuminate/Http/Request), Object(Closure))
#26 C:/Users/pathu/Desktop/puretec pos/vendor/laravel/framework/src/Illuminate/Cookie/Middleware/AddQueuedCookiesToResponse.php(37): Illuminate/Pipeline/Pipeline->Illuminate/Pipeline/{closure}(Object(Illuminate/Http/Request))
#27 C:/Users/pathu/Desktop/puretec pos/vendor/laravel/framework/src/Illuminate/Pipeline/Pipeline.php(183): Illuminate/Cookie/Middleware/AddQueuedCookiesToResponse->handle(Object(Illuminate/Http/Request), Object(Closure))
#28 C:/Users/pathu/Desktop/puretec pos/vendor/laravel/framework/src/Illuminate/Cookie/Middleware/EncryptCookies.php(67): Illuminate/Pipeline/Pipeline->Illuminate/Pipeline/{closure}(Object(Illuminate/Http/Request))
#29 C:/Users/pathu/Desktop/puretec pos/vendor/laravel/framework/src/Illuminate/Pipeline/Pipeline.php(183): Illuminate/Cookie/Middleware/EncryptCookies->handle(Object(Illuminate/Http/Request), Object(Closure))
#30 C:/Users/pathu/Desktop/puretec pos/vendor/laravel/framework/src/Illuminate/Pipeline/Pipeline.php(119): Illuminate/Pipeline/Pipeline->Illuminate/Pipeline/{closure}(Object(Illuminate/Http/Request))
#31 C:/Users/pathu/Desktop/puretec pos/vendor/laravel/framework/src/Illuminate/Routing/Router.php(805): Illuminate/Pipeline/Pipeline->then(Object(Closure))
#32 C:/Users/pathu/Desktop/puretec pos/vendor/laravel/framework/src/Illuminate/Routing/Router.php(784): Illuminate/Routing/Router->runRouteWithinStack(Object(Illuminate/Routing/Route), Object(Illuminate/Http/Request))
#33 C:/Users/pathu/Desktop/puretec pos/vendor/laravel/framework/src/Illuminate/Routing/Router.php(748): Illuminate/Routing/Router->runRoute(Object(Illuminate/Http/Request), Object(Illuminate/Routing/Route))
#34 C:/Users/pathu/Desktop/puretec pos/vendor/laravel/framework/src/Illuminate/Routing/Router.php(737): Illuminate/Routing/Router->dispatchToRoute(Object(Illuminate/Http/Request))
#35 C:/Users/pathu/Desktop/puretec pos/vendor/laravel/framework/src/Illuminate/Foundation/Http/Kernel.php(200): Illuminate/Routing/Router->dispatch(Object(Illuminate/Http/Request))
#36 C:/Users/pathu/Desktop/puretec pos/vendor/laravel/framework/src/Illuminate/Pipeline/Pipeline.php(144): Illuminate/Foundation/Http/Kernel->Illuminate/Foundation/Http/{closure}(Object(Illuminate/Http/Request))
#37 C:/Users/pathu/Desktop/puretec pos/vendor/laravel/framework/src/Illuminate/Foundation/Http/Middleware/TransformsRequest.php(21): Illuminate/Pipeline/Pipeline->Illuminate/Pipeline/{closure}(Object(Illuminate/Http/Request))
#38 C:/Users/pathu/Desktop/puretec pos/vendor/laravel/framework/src/Illuminate/Foundation/Http/Middleware/ConvertEmptyStringsToNull.php(31): Illuminate/Foundation/Http/Middleware/TransformsRequest->handle(Object(Illuminate/Http/Request), Object(Closure))
#39 C:/Users/pathu/Desktop/puretec pos/vendor/laravel/framework/src/Illuminate/Pipeline/Pipeline.php(183): Illuminate/Foundation/Http/Middleware/ConvertEmptyStringsToNull->handle(Object(Illuminate/Http/Request), Object(Closure))
#40 C:/Users/pathu/Desktop/puretec pos/vendor/laravel/framework/src/Illuminate/Foundation/Http/Middleware/ValidatePostSize.php(27): Illuminate/Pipeline/Pipeline->Illuminate/Pipeline/{closure}(Object(Illuminate/Http/Request))
#41 C:/Users/pathu/Desktop/puretec pos/vendor/laravel/framework/src/Illuminate/Pipeline/Pipeline.php(183): Illuminate/Foundation/Http/Middleware/ValidatePostSize->handle(Object(Illuminate/Http/Request), Object(Closure))
#42 C:/Users/pathu/Desktop/puretec pos/vendor/laravel/framework/src/Illuminate/Http/Middleware/HandleCors.php(49): Illuminate/Pipeline/Pipeline->Illuminate/Pipeline/{closure}(Object(Illuminate/Http/Request))
#43 C:/Users/pathu/Desktop/puretec pos/vendor/laravel/framework/src/Illuminate/Pipeline/Pipeline.php(183): Illuminate/Http/Middleware/HandleCors->handle(Object(Illuminate/Http/Request), Object(Closure))
#44 C:/Users/pathu/Desktop/puretec pos/vendor/laravel/framework/src/Illuminate/Pipeline/Pipeline.php(119): Illuminate/Pipeline/Pipeline->Illuminate/Pipeline/{closure}(Object(Illuminate/Http/Request))
#45 C:/Users/pathu/Desktop/puretec pos/vendor/laravel/framework/src/Illuminate/Foundation/Http/Kernel.php(175): Illuminate/Pipeline/Pipeline->then(Object(Closure))
#46 C:/Users/pathu/Desktop/puretec pos/vendor/laravel/framework/src/Illuminate/Foundation/Http/Kernel.php(144): Illuminate/Foundation/Http/Kernel->sendRequestThroughRouter(Object(Illuminate/Http/Request))
#47 C:/Users/pathu/Desktop/puretec pos/public/index.php(36): Illuminate/Foundation/Http/Kernel->handle(Object(Illuminate/Http/Request))
#48 C:/Users/pathu/Desktop/puretec pos/vendor/laravel/framework/src/Illuminate/Foundation/resources/server.php(16): require_once('C://Users//pathu//...')
#49 {main}

[previous exception] [object] (ParseError(code: 0): Unclosed '[' on line 373 does not match ')' at C:/Users/pathu/Desktop/puretec pos/storage/framework/views/51871d832ce66e73a73a8d90d7288618.php:374)
[stacktrace]
#0 C:/Users/pathu/Desktop/puretec pos/vendor/laravel/framework/src/Illuminate/Filesystem/Filesystem.php(124): Illuminate/Filesystem/Filesystem::Illuminate/Filesystem/{closure}()
#1 C:/Users/pathu/Desktop/puretec pos/vendor/laravel/framework/src/Illuminate/View/Engines/PhpEngine.php(58): Illuminate/Filesystem/Filesystem->getRequire('C://Users//pathu//...', Array)
#2 C:/Users/pathu/Desktop/puretec pos/vendor/laravel/framework/src/Illuminate/View/Engines/CompilerEngine.php(72): Illuminate/View/Engines/PhpEngine->evaluatePath('C://Users//pathu//...', Array)
#3 C:/Users/pathu/Desktop/puretec pos/vendor/laravel/framework/src/Illuminate/View/View.php(207): Illuminate/View/Engines/CompilerEngine->get('C://Users//pathu//...', Array)
#4 C:/Users/pathu/Desktop/puretec pos/vendor/laravel/framework/src/Illuminate/View/View.php(190): Illuminate/View/View->getContents()
#5 C:/Users/pathu/Desktop/puretec pos/vendor/laravel/framework/src/Illuminate/View/View.php(159): Illuminate/View/View->renderContents()
#6 C:/Users/pathu/Desktop/puretec pos/vendor/laravel/framework/src/Illuminate/Http/Response.php(69): Illuminate/View/View->render()
#7 C:/Users/pathu/Desktop/puretec pos/vendor/laravel/framework/src/Illuminate/Http/Response.php(35): Illuminate/Http/Response->setContent(Object(Illuminate/View/View))
#8 C:/Users/pathu/Desktop/puretec pos/vendor/laravel/framework/src/Illuminate/Routing/Router.php(918): Illuminate/Http/Response->__construct(Object(Illuminate/View/View), 200, Array)
#9 C:/Users/pathu/Desktop/puretec pos/vendor/laravel/framework/src/Illuminate/Routing/Router.php(885): Illuminate/Routing/Router::toResponse(Object(Illuminate/Http/Request), Object(Illuminate/View/View))
#10 C:/Users/pathu/Desktop/puretec pos/vendor/laravel/framework/src/Illuminate/Routing/Router.php(805): Illuminate/Routing/Router->prepareResponse(Object(Illuminate/Http/Request), Object(Illuminate/View/View))
#11 C:/Users/pathu/Desktop/puretec pos/vendor/laravel/framework/src/Illuminate/Pipeline/Pipeline.php(144): Illuminate/Routing/Router->Illuminate/Routing/{closure}(Object(Illuminate/Http/Request))
#12 C:/Users/pathu/Desktop/puretec pos/app/Http/Middleware/CheckTenantLock.php(20): Illuminate/Pipeline/Pipeline->Illuminate/Pipeline/{closure}(Object(Illuminate/Http/Request))
#13 C:/Users/pathu/Desktop/puretec pos/vendor/laravel/framework/src/Illuminate/Pipeline/Pipeline.php(183): App/Http/Middleware/CheckTenantLock->handle(Object(Illuminate/Http/Request), Object(Closure))
#14 C:/Users/pathu/Desktop/puretec pos/app/Http/Middleware/TenantScope.php(30): Illuminate/Pipeline/Pipeline->Illuminate/Pipeline/{closure}(Object(Illuminate/Http/Request))
#15 C:/Users/pathu/Desktop/puretec pos/vendor/laravel/framework/src/Illuminate/Pipeline/Pipeline.php(183): App/Http/Middleware/TenantScope->handle(Object(Illuminate/Http/Request), Object(Closure))
#16 C:/Users/pathu/Desktop/puretec pos/vendor/laravel/framework/src/Illuminate/Routing/Middleware/SubstituteBindings.php(50): Illuminate/Pipeline/Pipeline->Illuminate/Pipeline/{closure}(Object(Illuminate/Http/Request))
#17 C:/Users/pathu/Desktop/puretec pos/vendor/laravel/framework/src/Illuminate/Pipeline/Pipeline.php(183): Illuminate/Routing/Middleware/SubstituteBindings->handle(Object(Illuminate/Http/Request), Object(Closure))
#18 C:/Users/pathu/Desktop/puretec pos/vendor/laravel/framework/src/Illuminate/Auth/Middleware/Authenticate.php(57): Illuminate/Pipeline/Pipeline->Illuminate/Pipeline/{closure}(Object(Illuminate/Http/Request))
#19 C:/Users/pathu/Desktop/puretec pos/vendor/laravel/framework/src/Illuminate/Pipeline/Pipeline.php(183): Illuminate/Auth/Middleware/Authenticate->handle(Object(Illuminate/Http/Request), Object(Closure))
#20 C:/Users/pathu/Desktop/puretec pos/vendor/laravel/framework/src/Illuminate/Foundation/Http/Middleware/VerifyCsrfToken.php(78): Illuminate/Pipeline/Pipeline->Illuminate/Pipeline/{closure}(Object(Illuminate/Http/Request))
#21 C:/Users/pathu/Desktop/puretec pos/vendor/laravel/framework/src/Illuminate/Pipeline/Pipeline.php(183): Illuminate/Foundation/Http/Middleware/VerifyCsrfToken->handle(Object(Illuminate/Http/Request), Object(Closure))
#22 C:/Users/pathu/Desktop/puretec pos/vendor/laravel/framework/src/Illuminate/View/Middleware/ShareErrorsFromSession.php(49): Illuminate/Pipeline/Pipeline->Illuminate/Pipeline/{closure}(Object(Illuminate/Http/Request))
#23 C:/Users/pathu/Desktop/puretec pos/vendor/laravel/framework/src/Illuminate/Pipeline/Pipeline.php(183): Illuminate/View/Middleware/ShareErrorsFromSession->handle(Object(Illuminate/Http/Request), Object(Closure))
#24 C:/Users/pathu/Desktop/puretec pos/vendor/laravel/framework/src/Illuminate/Session/Middleware/StartSession.php(121): Illuminate/Pipeline/Pipeline->Illuminate/Pipeline/{closure}(Object(Illuminate/Http/Request))
#25 C:/Users/pathu/Desktop/puretec pos/vendor/laravel/framework/src/Illuminate/Session/Middleware/StartSession.php(64): Illuminate/Session/Middleware/StartSession->handleStatefulRequest(Object(Illuminate/Http/Request), Object(Illuminate/Session/Store), Object(Closure))
#26 C:/Users/pathu/Desktop/puretec pos/vendor/laravel/framework/src/Illuminate/Pipeline/Pipeline.php(183): Illuminate/Session/Middleware/StartSession->handle(Object(Illuminate/Http/Request), Object(Closure))
#27 C:/Users/pathu/Desktop/puretec pos/vendor/laravel/framework/src/Illuminate/Cookie/Middleware/AddQueuedCookiesToResponse.php(37): Illuminate/Pipeline/Pipeline->Illuminate/Pipeline/{closure}(Object(Illuminate/Http/Request))
#28 C:/Users/pathu/Desktop/puretec pos/vendor/laravel/framework/src/Illuminate/Pipeline/Pipeline.php(183): Illuminate/Cookie/Middleware/AddQueuedCookiesToResponse->handle(Object(Illuminate/Http/Request), Object(Closure))
#29 C:/Users/pathu/Desktop/puretec pos/vendor/laravel/framework/src/Illuminate/Cookie/Middleware/EncryptCookies.php(67): Illuminate/Pipeline/Pipeline->Illuminate/Pipeline/{closure}(Object(Illuminate/Http/Request))
#30 C:/Users/pathu/Desktop/puretec pos/vendor/laravel/framework/src/Illuminate/Pipeline/Pipeline.php(183): Illuminate/Cookie/Middleware/EncryptCookies->handle(Object(Illuminate/Http/Request), Object(Closure))
#31 C:/Users/pathu/Desktop/puretec pos/vendor/laravel/framework/src/Illuminate/Pipeline/Pipeline.php(119): Illuminate/Pipeline/Pipeline->Illuminate/Pipeline/{closure}(Object(Illuminate/Http/Request))
#32 C:/Users/pathu/Desktop/puretec pos/vendor/laravel/framework/src/Illuminate/Routing/Router.php(805): Illuminate/Pipeline/Pipeline->then(Object(Closure))
#33 C:/Users/pathu/Desktop/puretec pos/vendor/laravel/framework/src/Illuminate/Routing/Router.php(784): Illuminate/Routing/Router->runRouteWithinStack(Object(Illuminate/Routing/Route), Object(Illuminate/Http/Request))
#34 C:/Users/pathu/Desktop/puretec pos/vendor/laravel/framework/src/Illuminate/Routing/Router.php(748): Illuminate/Routing/Router->runRoute(Object(Illuminate/Http/Request), Object(Illuminate/Routing/Route))
#35 C:/Users/pathu/Desktop/puretec pos/vendor/laravel/framework/src/Illuminate/Routing/Router.php(737): Illuminate/Routing/Router->dispatchToRoute(Object(Illuminate/Http/Request))
#36 C:/Users/pathu/Desktop/puretec pos/vendor/laravel/framework/src/Illuminate/Foundation/Http/Kernel.php(200): Illuminate/Routing/Router->dispatch(Object(Illuminate/Http/Request))
#37 C:/Users/pathu/Desktop/puretec pos/vendor/laravel/framework/src/Illuminate/Pipeline/Pipeline.php(144): Illuminate/Foundation/Http/Kernel->Illuminate/Foundation/Http/{closure}(Object(Illuminate/Http/Request))
#38 C:/Users/pathu/Desktop/puretec pos/vendor/laravel/framework/src/Illuminate/Foundation/Http/Middleware/TransformsRequest.php(21): Illuminate/Pipeline/Pipeline->Illuminate/Pipeline/{closure}(Object(Illuminate/Http/Request))
#39 C:/Users/pathu/Desktop/puretec pos/vendor/laravel/framework/src/Illuminate/Foundation/Http/Middleware/ConvertEmptyStringsToNull.php(31): Illuminate/Foundation/Http/Middleware/TransformsRequest->handle(Object(Illuminate/Http/Request), Object(Closure))
#40 C:/Users/pathu/Desktop/puretec pos/vendor/laravel/framework/src/Illuminate/Pipeline/Pipeline.php(183): Illuminate/Foundation/Http/Middleware/ConvertEmptyStringsToNull->handle(Object(Illuminate/Http/Request), Object(Closure))
#41 C:/Users/pathu/Desktop/puretec pos/vendor/laravel/framework/src/Illuminate/Foundation/Http/Middleware/ValidatePostSize.php(27): Illuminate/Pipeline/Pipeline->Illuminate/Pipeline/{closure}(Object(Illuminate/Http/Request))
#42 C:/Users/pathu/Desktop/puretec pos/vendor/laravel/framework/src/Illuminate/Pipeline/Pipeline.php(183): Illuminate/Foundation/Http/Middleware/ValidatePostSize->handle(Object(Illuminate/Http/Request), Object(Closure))
#43 C:/Users/pathu/Desktop/puretec pos/vendor/laravel/framework/src/Illuminate/Http/Middleware/HandleCors.php(49): Illuminate/Pipeline/Pipeline->Illuminate/Pipeline/{closure}(Object(Illuminate/Http/Request))
#44 C:/Users/pathu/Desktop/puretec pos/vendor/laravel/framework/src/Illuminate/Pipeline/Pipeline.php(183): Illuminate/Http/Middleware/HandleCors->handle(Object(Illuminate/Http/Request), Object(Closure))
#45 C:/Users/pathu/Desktop/puretec pos/vendor/laravel/framework/src/Illuminate/Pipeline/Pipeline.php(119): Illuminate/Pipeline/Pipeline->Illuminate/Pipeline/{closure}(Object(Illuminate/Http/Request))
#46 C:/Users/pathu/Desktop/puretec pos/vendor/laravel/framework/src/Illuminate/Foundation/Http/Kernel.php(175): Illuminate/Pipeline/Pipeline->then(Object(Closure))
#47 C:/Users/pathu/Desktop/puretec pos/vendor/laravel/framework/src/Illuminate/Foundation/Http/Kernel.php(144): Illuminate/Foundation/Http/Kernel->sendRequestThroughRouter(Object(Illuminate/Http/Request))
#48 C:/Users/pathu/Desktop/puretec pos/public/index.php(36): Illuminate/Foundation/Http/Kernel->handle(Object(Illuminate/Http/Request))
#49 C:/Users/pathu/Desktop/puretec pos/vendor/laravel/framework/src/Illuminate/Foundation/resources/server.php(16): require_once('C://Users//pathu//...')
#50 {main}
"} 
[2026-06-11 18:47:47] local.ERROR: Unclosed '[' on line 373 does not match ')' (View: C:\Users\pathu\Desktop\puretec pos\resources\views\products\price-tags.blade.php) {"userId":1,"exception":"[object] (Illuminate\\View\\ViewException(code: 0): Unclosed '[' on line 373 does not match ')' (View: C:\\Users\\pathu\\Desktop\\puretec pos\\resources\\views\\products\\price-tags.blade.php) at C:/Users/pathu/Desktop/puretec pos/storage/framework/views/51871d832ce66e73a73a8d90d7288618.php:374)
[stacktrace]
#0 C:/Users/pathu/Desktop/puretec pos/vendor/laravel/framework/src/Illuminate/View/Engines/PhpEngine.php(60): Illuminate/View/Engines/CompilerEngine->handleViewException(Object(ParseError), 1)
#1 C:/Users/pathu/Desktop/puretec pos/vendor/laravel/framework/src/Illuminate/View/Engines/CompilerEngine.php(72): Illuminate/View/Engines/PhpEngine->evaluatePath('C://Users//pathu//...', Array)
#2 C:/Users/pathu/Desktop/puretec pos/vendor/laravel/framework/src/Illuminate/View/View.php(207): Illuminate/View/Engines/CompilerEngine->get('C://Users//pathu//...', Array)
#3 C:/Users/pathu/Desktop/puretec pos/vendor/laravel/framework/src/Illuminate/View/View.php(190): Illuminate/View/View->getContents()
#4 C:/Users/pathu/Desktop/puretec pos/vendor/laravel/framework/src/Illuminate/View/View.php(159): Illuminate/View/View->renderContents()
#5 C:/Users/pathu/Desktop/puretec pos/vendor/laravel/framework/src/Illuminate/Http/Response.php(69): Illuminate/View/View->render()
#6 C:/Users/pathu/Desktop/puretec pos/vendor/laravel/framework/src/Illuminate/Http/Response.php(35): Illuminate/Http/Response->setContent(Object(Illuminate/View/View))
#7 C:/Users/pathu/Desktop/puretec pos/vendor/laravel/framework/src/Illuminate/Routing/Router.php(918): Illuminate/Http/Response->__construct(Object(Illuminate/View/View), 200, Array)
#8 C:/Users/pathu/Desktop/puretec pos/vendor/laravel/framework/src/Illuminate/Routing/Router.php(885): Illuminate/Routing/Router::toResponse(Object(Illuminate/Http/Request), Object(Illuminate/View/View))
#9 C:/Users/pathu/Desktop/puretec pos/vendor/laravel/framework/src/Illuminate/Routing/Router.php(805): Illuminate/Routing/Router->prepareResponse(Object(Illuminate/Http/Request), Object(Illuminate/View/View))
#10 C:/Users/pathu/Desktop/puretec pos/vendor/laravel/framework/src/Illuminate/Pipeline/Pipeline.php(144): Illuminate/Routing/Router->Illuminate/Routing/{closure}(Object(Illuminate/Http/Request))
#11 C:/Users/pathu/Desktop/puretec pos/app/Http/Middleware/CheckTenantLock.php(20): Illuminate/Pipeline/Pipeline->Illuminate/Pipeline/{closure}(Object(Illuminate/Http/Request))
#12 C:/Users/pathu/Desktop/puretec pos/vendor/laravel/framework/src/Illuminate/Pipeline/Pipeline.php(183): App/Http/Middleware/CheckTenantLock->handle(Object(Illuminate/Http/Request), Object(Closure))
#13 C:/Users/pathu/Desktop/puretec pos/app/Http/Middleware/TenantScope.php(30): Illuminate/Pipeline/Pipeline->Illuminate/Pipeline/{closure}(Object(Illuminate/Http/Request))
#14 C:/Users/pathu/Desktop/puretec pos/vendor/laravel/framework/src/Illuminate/Pipeline/Pipeline.php(183): App/Http/Middleware/TenantScope->handle(Object(Illuminate/Http/Request), Object(Closure))
#15 C:/Users/pathu/Desktop/puretec pos/vendor/laravel/framework/src/Illuminate/Routing/Middleware/SubstituteBindings.php(50): Illuminate/Pipeline/Pipeline->Illuminate/Pipeline/{closure}(Object(Illuminate/Http/Request))
#16 C:/Users/pathu/Desktop/puretec pos/vendor/laravel/framework/src/Illuminate/Pipeline/Pipeline.php(183): Illuminate/Routing/Middleware/SubstituteBindings->handle(Object(Illuminate/Http/Request), Object(Closure))
#17 C:/Users/pathu/Desktop/puretec pos/vendor/laravel/framework/src/Illuminate/Auth/Middleware/Authenticate.php(57): Illuminate/Pipeline/Pipeline->Illuminate/Pipeline/{closure}(Object(Illuminate/Http/Request))
#18 C:/Users/pathu/Desktop/puretec pos/vendor/laravel/framework/src/Illuminate/Pipeline/Pipeline.php(183): Illuminate/Auth/Middleware/Authenticate->handle(Object(Illuminate/Http/Request), Object(Closure))
#19 C:/Users/pathu/Desktop/puretec pos/vendor/laravel/framework/src/Illuminate/Foundation/Http/Middleware/VerifyCsrfToken.php(78): Illuminate/Pipeline/Pipeline->Illuminate/Pipeline/{closure}(Object(Illuminate/Http/Request))
#20 C:/Users/pathu/Desktop/puretec pos/vendor/laravel/framework/src/Illuminate/Pipeline/Pipeline.php(183): Illuminate/Foundation/Http/Middleware/VerifyCsrfToken->handle(Object(Illuminate/Http/Request), Object(Closure))
#21 C:/Users/pathu/Desktop/puretec pos/vendor/laravel/framework/src/Illuminate/View/Middleware/ShareErrorsFromSession.php(49): Illuminate/Pipeline/Pipeline->Illuminate/Pipeline/{closure}(Object(Illuminate/Http/Request))
#22 C:/Users/pathu/Desktop/puretec pos/vendor/laravel/framework/src/Illuminate/Pipeline/Pipeline.php(183): Illuminate/View/Middleware/ShareErrorsFromSession->handle(Object(Illuminate/Http/Request), Object(Closure))
#23 C:/Users/pathu/Desktop/puretec pos/vendor/laravel/framework/src/Illuminate/Session/Middleware/StartSession.php(121): Illuminate/Pipeline/Pipeline->Illuminate/Pipeline/{closure}(Object(Illuminate/Http/Request))
#24 C:/Users/pathu/Desktop/puretec pos/vendor/laravel/framework/src/Illuminate/Session/Middleware/StartSession.php(64): Illuminate/Session/Middleware/StartSession->handleStatefulRequest(Object(Illuminate/Http/Request), Object(Illuminate/Session/Store), Object(Closure))
#25 C:/Users/pathu/Desktop/puretec pos/vendor/laravel/framework/src/Illuminate/Pipeline/Pipeline.php(183): Illuminate/Session/Middleware/StartSession->handle(Object(Illuminate/Http/Request), Object(Closure))
#26 C:/Users/pathu/Desktop/puretec pos/vendor/laravel/framework/src/Illuminate/Cookie/Middleware/AddQueuedCookiesToResponse.php(37): Illuminate/Pipeline/Pipeline->Illuminate/Pipeline/{closure}(Object(Illuminate/Http/Request))
#27 C:/Users/pathu/Desktop/puretec pos/vendor/laravel/framework/src/Illuminate/Pipeline/Pipeline.php(183): Illuminate/Cookie/Middleware/AddQueuedCookiesToResponse->handle(Object(Illuminate/Http/Request), Object(Closure))
#28 C:/Users/pathu/Desktop/puretec pos/vendor/laravel/framework/src/Illuminate/Cookie/Middleware/EncryptCookies.php(67): Illuminate/Pipeline/Pipeline->Illuminate/Pipeline/{closure}(Object(Illuminate/Http/Request))
#29 C:/Users/pathu/Desktop/puretec pos/vendor/laravel/framework/src/Illuminate/Pipeline/Pipeline.php(183): Illuminate/Cookie/Middleware/EncryptCookies->handle(Object(Illuminate/Http/Request), Object(Closure))
#30 C:/Users/pathu/Desktop/puretec pos/vendor/laravel/framework/src/Illuminate/Pipeline/Pipeline.php(119): Illuminate/Pipeline/Pipeline->Illuminate/Pipeline/{closure}(Object(Illuminate/Http/Request))
#31 C:/Users/pathu/Desktop/puretec pos/vendor/laravel/framework/src/Illuminate/Routing/Router.php(805): Illuminate/Pipeline/Pipeline->then(Object(Closure))
#32 C:/Users/pathu/Desktop/puretec pos/vendor/laravel/framework/src/Illuminate/Routing/Router.php(784): Illuminate/Routing/Router->runRouteWithinStack(Object(Illuminate/Routing/Route), Object(Illuminate/Http/Request))
#33 C:/Users/pathu/Desktop/puretec pos/vendor/laravel/framework/src/Illuminate/Routing/Router.php(748): Illuminate/Routing/Router->runRoute(Object(Illuminate/Http/Request), Object(Illuminate/Routing/Route))
#34 C:/Users/pathu/Desktop/puretec pos/vendor/laravel/framework/src/Illuminate/Routing/Router.php(737): Illuminate/Routing/Router->dispatchToRoute(Object(Illuminate/Http/Request))
#35 C:/Users/pathu/Desktop/puretec pos/vendor/laravel/framework/src/Illuminate/Foundation/Http/Kernel.php(200): Illuminate/Routing/Router->dispatch(Object(Illuminate/Http/Request))
#36 C:/Users/pathu/Desktop/puretec pos/vendor/laravel/framework/src/Illuminate/Pipeline/Pipeline.php(144): Illuminate/Foundation/Http/Kernel->Illuminate/Foundation/Http/{closure}(Object(Illuminate/Http/Request))
#37 C:/Users/pathu/Desktop/puretec pos/vendor/laravel/framework/src/Illuminate/Foundation/Http/Middleware/TransformsRequest.php(21): Illuminate/Pipeline/Pipeline->Illuminate/Pipeline/{closure}(Object(Illuminate/Http/Request))
#38 C:/Users/pathu/Desktop/puretec pos/vendor/laravel/framework/src/Illuminate/Foundation/Http/Middleware/ConvertEmptyStringsToNull.php(31): Illuminate/Foundation/Http/Middleware/TransformsRequest->handle(Object(Illuminate/Http/Request), Object(Closure))
#39 C:/Users/pathu/Desktop/puretec pos/vendor/laravel/framework/src/Illuminate/Pipeline/Pipeline.php(183): Illuminate/Foundation/Http/Middleware/ConvertEmptyStringsToNull->handle(Object(Illuminate/Http/Request), Object(Closure))
#40 C:/Users/pathu/Desktop/puretec pos/vendor/laravel/framework/src/Illuminate/Foundation/Http/Middleware/ValidatePostSize.php(27): Illuminate/Pipeline/Pipeline->Illuminate/Pipeline/{closure}(Object(Illuminate/Http/Request))
#41 C:/Users/pathu/Desktop/puretec pos/vendor/laravel/framework/src/Illuminate/Pipeline/Pipeline.php(183): Illuminate/Foundation/Http/Middleware/ValidatePostSize->handle(Object(Illuminate/Http/Request), Object(Closure))
#42 C:/Users/pathu/Desktop/puretec pos/vendor/laravel/framework/src/Illuminate/Http/Middleware/HandleCors.php(49): Illuminate/Pipeline/Pipeline->Illuminate/Pipeline/{closure}(Object(Illuminate/Http/Request))
#43 C:/Users/pathu/Desktop/puretec pos/vendor/laravel/framework/src/Illuminate/Pipeline/Pipeline.php(183): Illuminate/Http/Middleware/HandleCors->handle(Object(Illuminate/Http/Request), Object(Closure))
#44 C:/Users/pathu/Desktop/puretec pos/vendor/laravel/framework/src/Illuminate/Pipeline/Pipeline.php(119): Illuminate/Pipeline/Pipeline->Illuminate/Pipeline/{closure}(Object(Illuminate/Http/Request))
#45 C:/Users/pathu/Desktop/puretec pos/vendor/laravel/framework/src/Illuminate/Foundation/Http/Kernel.php(175): Illuminate/Pipeline/Pipeline->then(Object(Closure))
#46 C:/Users/pathu/Desktop/puretec pos/vendor/laravel/framework/src/Illuminate/Foundation/Http/Kernel.php(144): Illuminate/Foundation/Http/Kernel->sendRequestThroughRouter(Object(Illuminate/Http/Request))
#47 C:/Users/pathu/Desktop/puretec pos/public/index.php(36): Illuminate/Foundation/Http/Kernel->handle(Object(Illuminate/Http/Request))
#48 C:/Users/pathu/Desktop/puretec pos/vendor/laravel/framework/src/Illuminate/Foundation/resources/server.php(16): require_once('C://Users//pathu//...')
#49 {main}

[previous exception] [object] (ParseError(code: 0): Unclosed '[' on line 373 does not match ')' at C:/Users/pathu/Desktop/puretec pos/storage/framework/views/51871d832ce66e73a73a8d90d7288618.php:374)
[stacktrace]
#0 C:/Users/pathu/Desktop/puretec pos/vendor/laravel/framework/src/Illuminate/Filesystem/Filesystem.php(124): Illuminate/Filesystem/Filesystem::Illuminate/Filesystem/{closure}()
#1 C:/Users/pathu/Desktop/puretec pos/vendor/laravel/framework/src/Illuminate/View/Engines/PhpEngine.php(58): Illuminate/Filesystem/Filesystem->getRequire('C://Users//pathu//...', Array)
#2 C:/Users/pathu/Desktop/puretec pos/vendor/laravel/framework/src/Illuminate/View/Engines/CompilerEngine.php(72): Illuminate/View/Engines/PhpEngine->evaluatePath('C://Users//pathu//...', Array)
#3 C:/Users/pathu/Desktop/puretec pos/vendor/laravel/framework/src/Illuminate/View/View.php(207): Illuminate/View/Engines/CompilerEngine->get('C://Users//pathu//...', Array)
#4 C:/Users/pathu/Desktop/puretec pos/vendor/laravel/framework/src/Illuminate/View/View.php(190): Illuminate/View/View->getContents()
#5 C:/Users/pathu/Desktop/puretec pos/vendor/laravel/framework/src/Illuminate/View/View.php(159): Illuminate/View/View->renderContents()
#6 C:/Users/pathu/Desktop/puretec pos/vendor/laravel/framework/src/Illuminate/Http/Response.php(69): Illuminate/View/View->render()
#7 C:/Users/pathu/Desktop/puretec pos/vendor/laravel/framework/src/Illuminate/Http/Response.php(35): Illuminate/Http/Response->setContent(Object(Illuminate/View/View))
#8 C:/Users/pathu/Desktop/puretec pos/vendor/laravel/framework/src/Illuminate/Routing/Router.php(918): Illuminate/Http/Response->__construct(Object(Illuminate/View/View), 200, Array)
#9 C:/Users/pathu/Desktop/puretec pos/vendor/laravel/framework/src/Illuminate/Routing/Router.php(885): Illuminate/Routing/Router::toResponse(Object(Illuminate/Http/Request), Object(Illuminate/View/View))
#10 C:/Users/pathu/Desktop/puretec pos/vendor/laravel/framework/src/Illuminate/Routing/Router.php(805): Illuminate/Routing/Router->prepareResponse(Object(Illuminate/Http/Request), Object(Illuminate/View/View))
#11 C:/Users/pathu/Desktop/puretec pos/vendor/laravel/framework/src/Illuminate/Pipeline/Pipeline.php(144): Illuminate/Routing/Router->Illuminate/Routing/{closure}(Object(Illuminate/Http/Request))
#12 C:/Users/pathu/Desktop/puretec pos/app/Http/Middleware/CheckTenantLock.php(20): Illuminate/Pipeline/Pipeline->Illuminate/Pipeline/{closure}(Object(Illuminate/Http/Request))
#13 C:/Users/pathu/Desktop/puretec pos/vendor/laravel/framework/src/Illuminate/Pipeline/Pipeline.php(183): App/Http/Middleware/CheckTenantLock->handle(Object(Illuminate/Http/Request), Object(Closure))
#14 C:/Users/pathu/Desktop/puretec pos/app/Http/Middleware/TenantScope.php(30): Illuminate/Pipeline/Pipeline->Illuminate/Pipeline/{closure}(Object(Illuminate/Http/Request))
#15 C:/Users/pathu/Desktop/puretec pos/vendor/laravel/framework/src/Illuminate/Pipeline/Pipeline.php(183): App/Http/Middleware/TenantScope->handle(Object(Illuminate/Http/Request), Object(Closure))
#16 C:/Users/pathu/Desktop/puretec pos/vendor/laravel/framework/src/Illuminate/Routing/Middleware/SubstituteBindings.php(50): Illuminate/Pipeline/Pipeline->Illuminate/Pipeline/{closure}(Object(Illuminate/Http/Request))
#17 C:/Users/pathu/Desktop/puretec pos/vendor/laravel/framework/src/Illuminate/Pipeline/Pipeline.php(183): Illuminate/Routing/Middleware/SubstituteBindings->handle(Object(Illuminate/Http/Request), Object(Closure))
#18 C:/Users/pathu/Desktop/puretec pos/vendor/laravel/framework/src/Illuminate/Auth/Middleware/Authenticate.php(57): Illuminate/Pipeline/Pipeline->Illuminate/Pipeline/{closure}(Object(Illuminate/Http/Request))
#19 C:/Users/pathu/Desktop/puretec pos/vendor/laravel/framework/src/Illuminate/Pipeline/Pipeline.php(183): Illuminate/Auth/Middleware/Authenticate->handle(Object(Illuminate/Http/Request), Object(Closure))
#20 C:/Users/pathu/Desktop/puretec pos/vendor/laravel/framework/src/Illuminate/Foundation/Http/Middleware/VerifyCsrfToken.php(78): Illuminate/Pipeline/Pipeline->Illuminate/Pipeline/{closure}(Object(Illuminate/Http/Request))
#21 C:/Users/pathu/Desktop/puretec pos/vendor/laravel/framework/src/Illuminate/Pipeline/Pipeline.php(183): Illuminate/Foundation/Http/Middleware/VerifyCsrfToken->handle(Object(Illuminate/Http/Request), Object(Closure))
#22 C:/Users/pathu/Desktop/puretec pos/vendor/laravel/framework/src/Illuminate/View/Middleware/ShareErrorsFromSession.php(49): Illuminate/Pipeline/Pipeline->Illuminate/Pipeline/{closure}(Object(Illuminate/Http/Request))
#23 C:/Users/pathu/Desktop/puretec pos/vendor/laravel/framework/src/Illuminate/Pipeline/Pipeline.php(183): Illuminate/View/Middleware/ShareErrorsFromSession->handle(Object(Illuminate/Http/Request), Object(Closure))
#24 C:/Users/pathu/Desktop/puretec pos/vendor/laravel/framework/src/Illuminate/Session/Middleware/StartSession.php(121): Illuminate/Pipeline/Pipeline->Illuminate/Pipeline/{closure}(Object(Illuminate/Http/Request))
#25 C:/Users/pathu/Desktop/puretec pos/vendor/laravel/framework/src/Illuminate/Session/Middleware/StartSession.php(64): Illuminate/Session/Middleware/StartSession->handleStatefulRequest(Object(Illuminate/Http/Request), Object(Illuminate/Session/Store), Object(Closure))
#26 C:/Users/pathu/Desktop/puretec pos/vendor/laravel/framework/src/Illuminate/Pipeline/Pipeline.php(183): Illuminate/Session/Middleware/StartSession->handle(Object(Illuminate/Http/Request), Object(Closure))
#27 C:/Users/pathu/Desktop/puretec pos/vendor/laravel/framework/src/Illuminate/Cookie/Middleware/AddQueuedCookiesToResponse.php(37): Illuminate/Pipeline/Pipeline->Illuminate/Pipeline/{closure}(Object(Illuminate/Http/Request))
#28 C:/Users/pathu/Desktop/puretec pos/vendor/laravel/framework/src/Illuminate/Pipeline/Pipeline.php(183): Illuminate/Cookie/Middleware/AddQueuedCookiesToResponse->handle(Object(Illuminate/Http/Request), Object(Closure))
#29 C:/Users/pathu/Desktop/puretec pos/vendor/laravel/framework/src/Illuminate/Cookie/Middleware/EncryptCookies.php(67): Illuminate/Pipeline/Pipeline->Illuminate/Pipeline/{closure}(Object(Illuminate/Http/Request))
#30 C:/Users/pathu/Desktop/puretec pos/vendor/laravel/framework/src/Illuminate/Pipeline/Pipeline.php(183): Illuminate/Cookie/Middleware/EncryptCookies->handle(Object(Illuminate/Http/Request), Object(Closure))
#31 C:/Users/pathu/Desktop/puretec pos/vendor/laravel/framework/src/Illuminate/Pipeline/Pipeline.php(119): Illuminate/Pipeline/Pipeline->Illuminate/Pipeline/{closure}(Object(Illuminate/Http/Request))
#32 C:/Users/pathu/Desktop/puretec pos/vendor/laravel/framework/src/Illuminate/Routing/Router.php(805): Illuminate/Pipeline/Pipeline->then(Object(Closure))
#33 C:/Users/pathu/Desktop/puretec pos/vendor/laravel/framework/src/Illuminate/Routing/Router.php(784): Illuminate/Routing/Router->runRouteWithinStack(Object(Illuminate/Routing/Route), Object(Illuminate/Http/Request))
#34 C:/Users/pathu/Desktop/puretec pos/vendor/laravel/framework/src/Illuminate/Routing/Router.php(748): Illuminate/Routing/Router->runRoute(Object(Illuminate/Http/Request), Object(Illuminate/Routing/Route))
#35 C:/Users/pathu/Desktop/puretec pos/vendor/laravel/framework/src/Illuminate/Routing/Router.php(737): Illuminate/Routing/Router->dispatchToRoute(Object(Illuminate/Http/Request))
#36 C:/Users/pathu/Desktop/puretec pos/vendor/laravel/framework/src/Illuminate/Foundation/Http/Kernel.php(200): Illuminate/Routing/Router->dispatch(Object(Illuminate/Http/Request))
#37 C:/Users/pathu/Desktop/puretec pos/vendor/laravel/framework/src/Illuminate/Pipeline/Pipeline.php(144): Illuminate/Foundation/Http/Kernel->Illuminate/Foundation/Http/{closure}(Object(Illuminate/Http/Request))
#38 C:/Users/pathu/Desktop/puretec pos/vendor/laravel/framework/src/Illuminate/Foundation/Http/Middleware/TransformsRequest.php(21): Illuminate/Pipeline/Pipeline->Illuminate/Pipeline/{closure}(Object(Illuminate/Http/Request))
#39 C:/Users/pathu/Desktop/puretec pos/vendor/laravel/framework/src/Illuminate/Foundation/Http/Middleware/ConvertEmptyStringsToNull.php(31): Illuminate/Foundation/Http/Middleware/TransformsRequest->handle(Object(Illuminate/Http/Request), Object(Closure))
#40 C:/Users/pathu/Desktop/puretec pos/vendor/laravel/framework/src/Illuminate/Pipeline/Pipeline.php(183): Illuminate/Foundation/Http/Middleware/ConvertEmptyStringsToNull->handle(Object(Illuminate/Http/Request), Object(Closure))
#41 C:/Users/pathu/Desktop/puretec pos/vendor/laravel/framework/src/Illuminate/Foundation/Http/Middleware/ValidatePostSize.php(27): Illuminate/Pipeline/Pipeline->Illuminate/Pipeline/{closure}(Object(Illuminate/Http/Request))
#42 C:/Users/pathu/Desktop/puretec pos/vendor/laravel/framework/src/Illuminate/Pipeline/Pipeline.php(183): Illuminate/Foundation/Http/Middleware/ValidatePostSize->handle(Object(Illuminate/Http/Request), Object(Closure))
#43 C:/Users/pathu/Desktop/puretec pos/vendor/laravel/framework/src/Illuminate/Http/Middleware/HandleCors.php(49): Illuminate/Pipeline/Pipeline->Illuminate/Pipeline/{closure}(Object(Illuminate/Http/Request))
#44 C:/Users/pathu/Desktop/puretec pos/vendor/laravel/framework/src/Illuminate/Pipeline/Pipeline.php(183): Illuminate/Http/Middleware/HandleCors->handle(Object(Illuminate/Http/Request), Object(Closure))
#45 C:/Users/pathu/Desktop/puretec pos/vendor/laravel/framework/src/Illuminate/Pipeline/Pipeline.php(119): Illuminate/Pipeline/Pipeline->Illuminate/Pipeline/{closure}(Object(Illuminate/Http/Request))
#46 C:/Users/pathu/Desktop/puretec pos/vendor/laravel/framework/src/Illuminate/Foundation/Http/Kernel.php(175): Illuminate/Pipeline/Pipeline->then(Object(Closure))
#47 C:/Users/pathu/Desktop/puretec pos/vendor/laravel/framework/src/Illuminate/Foundation/Http/Kernel.php(144): Illuminate/Foundation/Http/Kernel->sendRequestThroughRouter(Object(Illuminate/Http/Request))
#48 C:/Users/pathu/Desktop/puretec pos/public/index.php(36): Illuminate/Foundation/Http/Kernel->handle(Object(Illuminate/Http/Request))
#49 C:/Users/pathu/Desktop/puretec pos/vendor/laravel/framework/src/Illuminate/Foundation/resources/server.php(16): require_once('C://Users//pathu//...')
#50 {main}
"} 
[2026-06-18 10:02:31] local.ERROR: SQLSTATE[HY000] [2002] No connection could be made because the target machine actively refused it (Connection: mysql, SQL: select * from `users` where `email` = admin@purepos.lk and `is_active` = 1 and `users`.`deleted_at` is null limit 1) {"exception":"[object] (Illuminate\\Database\\QueryException(code: 2002): SQLSTATE[HY000] [2002] No connection could be made because the target machine actively refused it (Connection: mysql, SQL: select * from `users` where `email` = admin@purepos.lk and `is_active` = 1 and `users`.`deleted_at` is null limit 1) at C:/Users/pathu/Desktop/puretec pos/vendor/laravel/framework/src/Illuminate/Database/Connection.php:829)
[stacktrace]
#0 C:/Users/pathu/Desktop/puretec pos/vendor/laravel/framework/src/Illuminate/Database/Connection.php(983): Illuminate/Database/Connection->runQueryCallback('select * from `...', Array, Object(Closure))
#1 C:/Users/pathu/Desktop/puretec pos/vendor/laravel/framework/src/Illuminate/Database/Connection.php(962): Illuminate/Database/Connection->tryAgainIfCausedByLostConnection(Object(Illuminate/Database/QueryException), 'select * from `...', Array, Object(Closure))
#2 C:/Users/pathu/Desktop/puretec pos/vendor/laravel/framework/src/Illuminate/Database/Connection.php(785): Illuminate/Database/Connection->handleQueryException(Object(Illuminate/Database/QueryException), 'select * from `...', Array, Object(Closure))
#3 C:/Users/pathu/Desktop/puretec pos/vendor/laravel/framework/src/Illuminate/Database/Connection.php(414): Illuminate/Database/Connection->run('select * from `...', Array, Object(Closure))
#4 C:/Users/pathu/Desktop/puretec pos/vendor/laravel/framework/src/Illuminate/Database/Query/Builder.php(2913): Illuminate/Database/Connection->select('select * from `...', Array, true)
#5 C:/Users/pathu/Desktop/puretec pos/vendor/laravel/framework/src/Illuminate/Database/Query/Builder.php(2902): Illuminate/Database/Query/Builder->runSelect()
#6 C:/Users/pathu/Desktop/puretec pos/vendor/laravel/framework/src/Illuminate/Database/Query/Builder.php(3456): Illuminate/Database/Query/Builder->Illuminate/Database/Query/{closure}()
#7 C:/Users/pathu/Desktop/puretec pos/vendor/laravel/framework/src/Illuminate/Database/Query/Builder.php(2901): Illuminate/Database/Query/Builder->onceWithColumns(Array, Object(Closure))
#8 C:/Users/pathu/Desktop/puretec pos/vendor/laravel/framework/src/Illuminate/Database/Eloquent/Builder.php(739): Illuminate/Database/Query/Builder->get(Array)
#9 C:/Users/pathu/Desktop/puretec pos/vendor/laravel/framework/src/Illuminate/Database/Eloquent/Builder.php(723): Illuminate/Database/Eloquent/Builder->getModels(Array)
#10 C:/Users/pathu/Desktop/puretec pos/vendor/laravel/framework/src/Illuminate/Database/Concerns/BuildsQueries.php(333): Illuminate/Database/Eloquent/Builder->get(Array)
#11 C:/Users/pathu/Desktop/puretec pos/vendor/laravel/framework/src/Illuminate/Auth/EloquentUserProvider.php(139): Illuminate/Database/Eloquent/Builder->first()
#12 C:/Users/pathu/Desktop/puretec pos/vendor/laravel/framework/src/Illuminate/Auth/SessionGuard.php(381): Illuminate/Auth/EloquentUserProvider->retrieveByCredentials(Array)
#13 C:/Users/pathu/Desktop/puretec pos/vendor/laravel/framework/src/Illuminate/Auth/AuthManager.php(340): Illuminate/Auth/SessionGuard->attempt(Array, false)
#14 C:/Users/pathu/Desktop/puretec pos/vendor/laravel/framework/src/Illuminate/Support/Facades/Facade.php(355): Illuminate/Auth/AuthManager->__call('attempt', Array)
#15 C:/Users/pathu/Desktop/puretec pos/app/Http/Controllers/Auth/AuthController.php(27): Illuminate/Support/Facades/Facade::__callStatic('attempt', Array)
#16 C:/Users/pathu/Desktop/puretec pos/vendor/laravel/framework/src/Illuminate/Routing/Controller.php(54): App/Http/Controllers/Auth/AuthController->login(Object(Illuminate/Http/Request))
#17 C:/Users/pathu/Desktop/puretec pos/vendor/laravel/framework/src/Illuminate/Routing/ControllerDispatcher.php(43): Illuminate/Routing/Controller->callAction('login', Array)
#18 C:/Users/pathu/Desktop/puretec pos/vendor/laravel/framework/src/Illuminate/Routing/Route.php(259): Illuminate/Routing/ControllerDispatcher->dispatch(Object(Illuminate/Routing/Route), Object(App/Http/Controllers/Auth/AuthController), 'login')
#19 C:/Users/pathu/Desktop/puretec pos/vendor/laravel/framework/src/Illuminate/Routing/Route.php(205): Illuminate/Routing/Route->runController()
#20 C:/Users/pathu/Desktop/puretec pos/vendor/laravel/framework/src/Illuminate/Routing/Router.php(806): Illuminate/Routing/Route->run()
#21 C:/Users/pathu/Desktop/puretec pos/vendor/laravel/framework/src/Illuminate/Pipeline/Pipeline.php(144): Illuminate/Routing/Router->Illuminate/Routing/{closure}(Object(Illuminate/Http/Request))
#22 C:/Users/pathu/Desktop/puretec pos/app/Http/Middleware/RedirectIfAuthenticated.php(27): Illuminate/Pipeline/Pipeline->Illuminate/Pipeline/{closure}(Object(Illuminate/Http/Request))
#23 C:/Users/pathu/Desktop/puretec pos/vendor/laravel/framework/src/Illuminate/Pipeline/Pipeline.php(183): App/Http/Middleware/RedirectIfAuthenticated->handle(Object(Illuminate/Http/Request), Object(Closure))
#24 C:/Users/pathu/Desktop/puretec pos/vendor/laravel/framework/src/Illuminate/Routing/Middleware/SubstituteBindings.php(50): Illuminate/Pipeline/Pipeline->Illuminate/Pipeline/{closure}(Object(Illuminate/Http/Request))
#25 C:/Users/pathu/Desktop/puretec pos/vendor/laravel/framework/src/Illuminate/Pipeline/Pipeline.php(183): Illuminate/Routing/Middleware/SubstituteBindings->handle(Object(Illuminate/Http/Request), Object(Closure))
#26 C:/Users/pathu/Desktop/puretec pos/vendor/laravel/framework/src/Illuminate/Foundation/Http/Middleware/VerifyCsrfToken.php(78): Illuminate/Pipeline/Pipeline->Illuminate/Pipeline/{closure}(Object(Illuminate/Http/Request))
#27 C:/Users/pathu/Desktop/puretec pos/vendor/laravel/framework/src/Illuminate/Pipeline/Pipeline.php(183): Illuminate/Foundation/Http/Middleware/VerifyCsrfToken->handle(Object(Illuminate/Http/Request), Object(Closure))
#28 C:/Users/pathu/Desktop/puretec pos/vendor/laravel/framework/src/Illuminate/View/Middleware/ShareErrorsFromSession.php(49): Illuminate/Pipeline/Pipeline->Illuminate/Pipeline/{closure}(Object(Illuminate/Http/Request))
#29 C:/Users/pathu/Desktop/puretec pos/vendor/laravel/framework/src/Illuminate/Pipeline/Pipeline.php(183): Illuminate/View/Middleware/ShareErrorsFromSession->handle(Object(Illuminate/Http/Request), Object(Closure))
#30 C:/Users/pathu/Desktop/puretec pos/vendor/laravel/framework/src/Illuminate/Session/Middleware/StartSession.php(121): Illuminate/Pipeline/Pipeline->Illuminate/Pipeline/{closure}(Object(Illuminate/Http/Request))
#31 C:/Users/pathu/Desktop/puretec pos/vendor/laravel/framework/src/Illuminate/Session/Middleware/StartSession.php(64): Illuminate/Session/Middleware/StartSession->handleStatefulRequest(Object(Illuminate/Http/Request), Object(Illuminate/Session/Store), Object(Closure))
#32 C:/Users/pathu/Desktop/puretec pos/vendor/laravel/framework/src/Illuminate/Pipeline/Pipeline.php(183): Illuminate/Session/Middleware/StartSession->handle(Object(Illuminate/Http/Request), Object(Closure))
#33 C:/Users/pathu/Desktop/puretec pos/vendor/laravel/framework/src/Illuminate/Cookie/Middleware/AddQueuedCookiesToResponse.php(37): Illuminate/Pipeline/Pipeline->Illuminate/Pipeline/{closure}(Object(Illuminate/Http/Request))
#34 C:/Users/pathu/Desktop/puretec pos/vendor/laravel/framework/src/Illuminate/Pipeline/Pipeline.php(183): Illuminate/Cookie/Middleware/AddQueuedCookiesToResponse->handle(Object(Illuminate/Http/Request), Object(Closure))
#35 C:/Users/pathu/Desktop/puretec pos/vendor/laravel/framework/src/Illuminate/Cookie/Middleware/EncryptCookies.php(67): Illuminate/Pipeline/Pipeline->Illuminate/Pipeline/{closure}(Object(Illuminate/Http/Request))
#36 C:/Users/pathu/Desktop/puretec pos/vendor/laravel/framework/src/Illuminate/Pipeline/Pipeline.php(183): Illuminate/Cookie/Middleware/EncryptCookies->handle(Object(Illuminate/Http/Request), Object(Closure))
#37 C:/Users/pathu/Desktop/puretec pos/vendor/laravel/framework/src/Illuminate/Pipeline/Pipeline.php(119): Illuminate/Pipeline/Pipeline->Illuminate/Pipeline/{closure}(Object(Illuminate/Http/Request))
#38 C:/Users/pathu/Desktop/puretec pos/vendor/laravel/framework/src/Illuminate/Routing/Router.php(805): Illuminate/Pipeline/Pipeline->then(Object(Closure))
#39 C:/Users/pathu/Desktop/puretec pos/vendor/laravel/framework/src/Illuminate/Routing/Router.php(784): Illuminate/Routing/Router->runRouteWithinStack(Object(Illuminate/Routing/Route), Object(Illuminate/Http/Request))
#40 C:/Users/pathu/Desktop/puretec pos/vendor/laravel/framework/src/Illuminate/Routing/Router.php(748): Illuminate/Routing/Router->runRoute(Object(Illuminate/Http/Request), Object(Illuminate/Routing/Route))
#41 C:/Users/pathu/Desktop/puretec pos/vendor/laravel/framework/src/Illuminate/Routing/Router.php(737): Illuminate/Routing/Router->dispatchToRoute(Object(Illuminate/Http/Request))
#42 C:/Users/pathu/Desktop/puretec pos/vendor/laravel/framework/src/Illuminate/Foundation/Http/Kernel.php(200): Illuminate/Routing/Router->dispatch(Object(Illuminate/Http/Request))
#43 C:/Users/pathu/Desktop/puretec pos/vendor/laravel/framework/src/Illuminate/Pipeline/Pipeline.php(144): Illuminate/Foundation/Http/Kernel->Illuminate/Foundation/Http/{closure}(Object(Illuminate/Http/Request))
#44 C:/Users/pathu/Desktop/puretec pos/vendor/laravel/framework/src/Illuminate/Foundation/Http/Middleware/TransformsRequest.php(21): Illuminate/Pipeline/Pipeline->Illuminate/Pipeline/{closure}(Object(Illuminate/Http/Request))
#45 C:/Users/pathu/Desktop/puretec pos/vendor/laravel/framework/src/Illuminate/Foundation/Http/Middleware/ConvertEmptyStringsToNull.php(31): Illuminate/Foundation/Http/Middleware/TransformsRequest->handle(Object(Illuminate/Http/Request), Object(Closure))
#46 C:/Users/pathu/Desktop/puretec pos/vendor/laravel/framework/src/Illuminate/Pipeline/Pipeline.php(183): Illuminate/Foundation/Http/Middleware/ConvertEmptyStringsToNull->handle(Object(Illuminate/Http/Request), Object(Closure))
#47 C:/Users/pathu/Desktop/puretec pos/vendor/laravel/framework/src/Illuminate/Foundation/Http/Middleware/ValidatePostSize.php(27): Illuminate/Pipeline/Pipeline->Illuminate/Pipeline/{closure}(Object(Illuminate/Http/Request))
#48 C:/Users/pathu/Desktop/puretec pos/vendor/laravel/framework/src/Illuminate/Pipeline/Pipeline.php(183): Illuminate/Foundation/Http/Middleware/ValidatePostSize->handle(Object(Illuminate/Http/Request), Object(Closure))
#49 C:/Users/pathu/Desktop/puretec pos/vendor/laravel/framework/src/Illuminate/Http/Middleware/HandleCors.php(49): Illuminate/Pipeline/Pipeline->Illuminate/Pipeline/{closure}(Object(Illuminate/Http/Request))
#50 C:/Users/pathu/Desktop/puretec pos/vendor/laravel/framework/src/Illuminate/Pipeline/Pipeline.php(183): Illuminate/Http/Middleware/HandleCors->handle(Object(Illuminate/Http/Request), Object(Closure))
#51 C:/Users/pathu/Desktop/puretec pos/vendor/laravel/framework/src/Illuminate/Pipeline/Pipeline.php(119): Illuminate/Pipeline/Pipeline->Illuminate/Pipeline/{closure}(Object(Illuminate/Http/Request))
#52 C:/Users/pathu/Desktop/puretec pos/vendor/laravel/framework/src/Illuminate/Foundation/Http/Kernel.php(175): Illuminate/Pipeline/Pipeline->then(Object(Closure))
#53 C:/Users/pathu/Desktop/puretec pos/vendor/laravel/framework/src/Illuminate/Foundation/Http/Kernel.php(144): Illuminate/Foundation/Http/Kernel->sendRequestThroughRouter(Object(Illuminate/Http/Request))
#54 C:/Users/pathu/Desktop/puretec pos/public/index.php(36): Illuminate/Foundation/Http/Kernel->handle(Object(Illuminate/Http/Request))
#55 C:/Users/pathu/Desktop/puretec pos/vendor/laravel/framework/src/Illuminate/Foundation/resources/server.php(16): require_once('C://Users//pathu//...')
#56 {main}

[previous exception] [object] (PDOException(code: 2002): SQLSTATE[HY000] [2002] No connection could be made because the target machine actively refused it at C:/Users/pathu/Desktop/puretec pos/vendor/laravel/framework/src/Illuminate/Database/Connectors/Connector.php:65)
[stacktrace]
#0 C:/Users/pathu/Desktop/puretec pos/vendor/laravel/framework/src/Illuminate/Database/Connectors/Connector.php(65): PDO->__construct('mysql:host=127....', 'root', Object(SensitiveParameterValue), Array)
#1 C:/Users/pathu/Desktop/puretec pos/vendor/laravel/framework/src/Illuminate/Database/Connectors/Connector.php(83): Illuminate/Database/Connectors/Connector->createPdoConnection('mysql:host=127....', 'root', '', Array)
#2 C:/Users/pathu/Desktop/puretec pos/vendor/laravel/framework/src/Illuminate/Database/Connectors/Connector.php(48): Illuminate/Database/Connectors/Connector->tryAgainIfCausedByLostConnection(Object(PDOException), 'mysql:host=127....', 'root', '', Array)
#3 C:/Users/pathu/Desktop/puretec pos/vendor/laravel/framework/src/Illuminate/Database/Connectors/MySqlConnector.php(24): Illuminate/Database/Connectors/Connector->createConnection('mysql:host=127....', Array, Array)
#4 C:/Users/pathu/Desktop/puretec pos/vendor/laravel/framework/src/Illuminate/Database/Connectors/ConnectionFactory.php(184): Illuminate/Database/Connectors/MySqlConnector->connect(Array)
#5 [internal function]: Illuminate/Database/Connectors/ConnectionFactory->Illuminate/Database/Connectors/{closure}()
#6 C:/Users/pathu/Desktop/puretec pos/vendor/laravel/framework/src/Illuminate/Database/Connection.php(1339): call_user_func(Object(Closure))
#7 C:/Users/pathu/Desktop/puretec pos/vendor/laravel/framework/src/Illuminate/Database/Connection.php(1375): Illuminate/Database/Connection->getPdo()
#8 C:/Users/pathu/Desktop/puretec pos/vendor/laravel/framework/src/Illuminate/Database/Connection.php(528): Illuminate/Database/Connection->getReadPdo()
#9 C:/Users/pathu/Desktop/puretec pos/vendor/laravel/framework/src/Illuminate/Database/Connection.php(423): Illuminate/Database/Connection->getPdoForSelect(true)
#10 C:/Users/pathu/Desktop/puretec pos/vendor/laravel/framework/src/Illuminate/Database/Connection.php(816): Illuminate/Database/Connection->Illuminate/Database/{closure}('select * from `...', Array)
#11 C:/Users/pathu/Desktop/puretec pos/vendor/laravel/framework/src/Illuminate/Database/Connection.php(983): Illuminate/Database/Connection->runQueryCallback('select * from `...', Array, Object(Closure))
#12 C:/Users/pathu/Desktop/puretec pos/vendor/laravel/framework/src/Illuminate/Database/Connection.php(962): Illuminate/Database/Connection->tryAgainIfCausedByLostConnection(Object(Illuminate/Database/QueryException), 'select * from `...', Array, Object(Closure))
#13 C:/Users/pathu/Desktop/puretec pos/vendor/laravel/framework/src/Illuminate/Database/Connection.php(785): Illuminate/Database/Connection->handleQueryException(Object(Illuminate/Database/QueryException), 'select * from `...', Array, Object(Closure))
#14 C:/Users/pathu/Desktop/puretec pos/vendor/laravel/framework/src/Illuminate/Database/Connection.php(414): Illuminate/Database/Connection->run('select * from `...', Array, Object(Closure))
#15 C:/Users/pathu/Desktop/puretec pos/vendor/laravel/framework/src/Illuminate/Database/Query/Builder.php(2913): Illuminate/Database/Connection->select('select * from `...', Array, true)
#16 C:/Users/pathu/Desktop/puretec pos/vendor/laravel/framework/src/Illuminate/Database/Query/Builder.php(2902): Illuminate/Database/Query/Builder->runSelect()
#17 C:/Users/pathu/Desktop/puretec pos/vendor/laravel/framework/src/Illuminate/Database/Query/Builder.php(3456): Illuminate/Database/Query/Builder->Illuminate/Database/Query/{closure}()
#18 C:/Users/pathu/Desktop/puretec pos/vendor/laravel/framework/src/Illuminate/Database/Query/Builder.php(2901): Illuminate/Database/Query/Builder->onceWithColumns(Array, Object(Closure))
#19 C:/Users/pathu/Desktop/puretec pos/vendor/laravel/framework/src/Illuminate/Database/Eloquent/Builder.php(739): Illuminate/Database/Query/Builder->get(Array)
#20 C:/Users/pathu/Desktop/puretec pos/vendor/laravel/framework/src/Illuminate/Database/Eloquent/Builder.php(723): Illuminate/Database/Eloquent/Builder->getModels(Array)
#21 C:/Users/pathu/Desktop/puretec pos/vendor/laravel/framework/src/Illuminate/Database/Concerns/BuildsQueries.php(333): Illuminate/Database/Eloquent/Builder->get(Array)
#22 C:/Users/pathu/Desktop/puretec pos/vendor/laravel/framework/src/Illuminate/Auth/EloquentUserProvider.php(139): Illuminate/Database/Eloquent/Builder->first()
#23 C:/Users/pathu/Desktop/puretec pos/vendor/laravel/framework/src/Illuminate/Auth/SessionGuard.php(381): Illuminate/Auth/EloquentUserProvider->retrieveByCredentials(Array)
#24 C:/Users/pathu/Desktop/puretec pos/vendor/laravel/framework/src/Illuminate/Auth/AuthManager.php(340): Illuminate/Auth/SessionGuard->attempt(Array, false)
#25 C:/Users/pathu/Desktop/puretec pos/vendor/laravel/framework/src/Illuminate/Support/Facades/Facade.php(355): Illuminate/Auth/AuthManager->__call('attempt', Array)
#26 C:/Users/pathu/Desktop/puretec pos/app/Http/Controllers/Auth/AuthController.php(27): Illuminate/Support/Facades/Facade::__callStatic('attempt', Array)
#27 C:/Users/pathu/Desktop/puretec pos/vendor/laravel/framework/src/Illuminate/Routing/Controller.php(54): App/Http/Controllers/Auth/AuthController->login(Object(Illuminate/Http/Request))
#28 C:/Users/pathu/Desktop/puretec pos/vendor/laravel/framework/src/Illuminate/Routing/ControllerDispatcher.php(43): Illuminate/Routing/Controller->callAction('login', Array)
#29 C:/Users/pathu/Desktop/puretec pos/vendor/laravel/framework/src/Illuminate/Routing/Route.php(259): Illuminate/Routing/ControllerDispatcher->dispatch(Object(Illuminate/Routing/Route), Object(App/Http/Controllers/Auth/AuthController), 'login')
#30 C:/Users/pathu/Desktop/puretec pos/vendor/laravel/framework/src/Illuminate/Routing/Route.php(205): Illuminate/Routing/Route->runController()
#31 C:/Users/pathu/Desktop/puretec pos/vendor/laravel/framework/src/Illuminate/Routing/Router.php(806): Illuminate/Routing/Route->run()
#32 C:/Users/pathu/Desktop/puretec pos/vendor/laravel/framework/src/Illuminate/Pipeline/Pipeline.php(144): Illuminate/Routing/Router->Illuminate/Routing/{closure}(Object(Illuminate/Http/Request))
#33 C:/Users/pathu/Desktop/puretec pos/app/Http/Middleware/RedirectIfAuthenticated.php(27): Illuminate/Pipeline/Pipeline->Illuminate/Pipeline/{closure}(Object(Illuminate/Http/Request))
#34 C:/Users/pathu/Desktop/puretec pos/vendor/laravel/framework/src/Illuminate/Pipeline/Pipeline.php(183): App/Http/Middleware/RedirectIfAuthenticated->handle(Object(Illuminate/Http/Request), Object(Closure))
#35 C:/Users/pathu/Desktop/puretec pos/vendor/laravel/framework/src/Illuminate/Routing/Middleware/SubstituteBindings.php(50): Illuminate/Pipeline/Pipeline->Illuminate/Pipeline/{closure}(Object(Illuminate/Http/Request))
#36 C:/Users/pathu/Desktop/puretec pos/vendor/laravel/framework/src/Illuminate/Pipeline/Pipeline.php(183): Illuminate/Routing/Middleware/SubstituteBindings->handle(Object(Illuminate/Http/Request), Object(Closure))
#37 C:/Users/pathu/Desktop/puretec pos/vendor/laravel/framework/src/Illuminate/Foundation/Http/Middleware/VerifyCsrfToken.php(78): Illuminate/Pipeline/Pipeline->Illuminate/Pipeline/{closure}(Object(Illuminate/Http/Request))
#38 C:/Users/pathu/Desktop/puretec pos/vendor/laravel/framework/src/Illuminate/Pipeline/Pipeline.php(183): Illuminate/Foundation/Http/Middleware/VerifyCsrfToken->handle(Object(Illuminate/Http/Request), Object(Closure))
#39 C:/Users/pathu/Desktop/puretec pos/vendor/laravel/framework/src/Illuminate/View/Middleware/ShareErrorsFromSession.php(49): Illuminate/Pipeline/Pipeline->Illuminate/Pipeline/{closure}(Object(Illuminate/Http/Request))
#40 C:/Users/pathu/Desktop/puretec pos/vendor/laravel/framework/src/Illuminate/Pipeline/Pipeline.php(183): Illuminate/View/Middleware/ShareErrorsFromSession->handle(Object(Illuminate/Http/Request), Object(Closure))
#41 C:/Users/pathu/Desktop/puretec pos/vendor/laravel/framework/src/Illuminate/Session/Middleware/StartSession.php(121): Illuminate/Pipeline/Pipeline->Illuminate/Pipeline/{closure}(Object(Illuminate/Http/Request))
#42 C:/Users/pathu/Desktop/puretec pos/vendor/laravel/framework/src/Illuminate/Session/Middleware/StartSession.php(64): Illuminate/Session/Middleware/StartSession->handleStatefulRequest(Object(Illuminate/Http/Request), Object(Illuminate/Session/Store), Object(Closure))
#43 C:/Users/pathu/Desktop/puretec pos/vendor/laravel/framework/src/Illuminate/Pipeline/Pipeline.php(183): Illuminate/Session/Middleware/StartSession->handle(Object(Illuminate/Http/Request), Object(Closure))
#44 C:/Users/pathu/Desktop/puretec pos/vendor/laravel/framework/src/Illuminate/Cookie/Middleware/AddQueuedCookiesToResponse.php(37): Illuminate/Pipeline/Pipeline->Illuminate/Pipeline/{closure}(Object(Illuminate/Http/Request))
#45 C:/Users/pathu/Desktop/puretec pos/vendor/laravel/framework/src/Illuminate/Pipeline/Pipeline.php(183): Illuminate/Cookie/Middleware/AddQueuedCookiesToResponse->handle(Object(Illuminate/Http/Request), Object(Closure))
#46 C:/Users/pathu/Desktop/puretec pos/vendor/laravel/framework/src/Illuminate/Cookie/Middleware/EncryptCookies.php(67): Illuminate/Pipeline/Pipeline->Illuminate/Pipeline/{closure}(Object(Illuminate/Http/Request))
#47 C:/Users/pathu/Desktop/puretec pos/vendor/laravel/framework/src/Illuminate/Pipeline/Pipeline.php(183): Illuminate/Cookie/Middleware/EncryptCookies->handle(Object(Illuminate/Http/Request), Object(Closure))
#48 C:/Users/pathu/Desktop/puretec pos/vendor/laravel/framework/src/Illuminate/Pipeline/Pipeline.php(119): Illuminate/Pipeline/Pipeline->Illuminate/Pipeline/{closure}(Object(Illuminate/Http/Request))
#49 C:/Users/pathu/Desktop/puretec pos/vendor/laravel/framework/src/Illuminate/Routing/Router.php(805): Illuminate/Pipeline/Pipeline->then(Object(Closure))
#50 C:/Users/pathu/Desktop/puretec pos/vendor/laravel/framework/src/Illuminate/Routing/Router.php(784): Illuminate/Routing/Router->runRouteWithinStack(Object(Illuminate/Routing/Route), Object(Illuminate/Http/Request))
#51 C:/Users/pathu/Desktop/puretec pos/vendor/laravel/framework/src/Illuminate/Routing/Router.php(748): Illuminate/Routing/Router->runRoute(Object(Illuminate/Http/Request), Object(Illuminate/Routing/Route))
#52 C:/Users/pathu/Desktop/puretec pos/vendor/laravel/framework/src/Illuminate/Routing/Router.php(737): Illuminate/Routing/Router->dispatchToRoute(Object(Illuminate/Http/Request))
#53 C:/Users/pathu/Desktop/puretec pos/vendor/laravel/framework/src/Illuminate/Foundation/Http/Kernel.php(200): Illuminate/Routing/Router->dispatch(Object(Illuminate/Http/Request))
#54 C:/Users/pathu/Desktop/puretec pos/vendor/laravel/framework/src/Illuminate/Pipeline/Pipeline.php(144): Illuminate/Foundation/Http/Kernel->Illuminate/Foundation/Http/{closure}(Object(Illuminate/Http/Request))
#55 C:/Users/pathu/Desktop/puretec pos/vendor/laravel/framework/src/Illuminate/Foundation/Http/Middleware/TransformsRequest.php(21): Illuminate/Pipeline/Pipeline->Illuminate/Pipeline/{closure}(Object(Illuminate/Http/Request))
#56 C:/Users/pathu/Desktop/puretec pos/vendor/laravel/framework/src/Illuminate/Foundation/Http/Middleware/ConvertEmptyStringsToNull.php(31): Illuminate/Foundation/Http/Middleware/TransformsRequest->handle(Object(Illuminate/Http/Request), Object(Closure))
#57 C:/Users/pathu/Desktop/puretec pos/vendor/laravel/framework/src/Illuminate/Pipeline/Pipeline.php(183): Illuminate/Foundation/Http/Middleware/ConvertEmptyStringsToNull->handle(Object(Illuminate/Http/Request), Object(Closure))
#58 C:/Users/pathu/Desktop/puretec pos/vendor/laravel/framework/src/Illuminate/Foundation/Http/Middleware/ValidatePostSize.php(27): Illuminate/Pipeline/Pipeline->Illuminate/Pipeline/{closure}(Object(Illuminate/Http/Request))
#59 C:/Users/pathu/Desktop/puretec pos/vendor/laravel/framework/src/Illuminate/Pipeline/Pipeline.php(183): Illuminate/Foundation/Http/Middleware/ValidatePostSize->handle(Object(Illuminate/Http/Request), Object(Closure))
#60 C:/Users/pathu/Desktop/puretec pos/vendor/laravel/framework/src/Illuminate/Http/Middleware/HandleCors.php(49): Illuminate/Pipeline/Pipeline->Illuminate/Pipeline/{closure}(Object(Illuminate/Http/Request))
#61 C:/Users/pathu/Desktop/puretec pos/vendor/laravel/framework/src/Illuminate/Pipeline/Pipeline.php(183): Illuminate/Http/Middleware/HandleCors->handle(Object(Illuminate/Http/Request), Object(Closure))
#62 C:/Users/pathu/Desktop/puretec pos/vendor/laravel/framework/src/Illuminate/Pipeline/Pipeline.php(119): Illuminate/Pipeline/Pipeline->Illuminate/Pipeline/{closure}(Object(Illuminate/Http/Request))
#63 C:/Users/pathu/Desktop/puretec pos/vendor/laravel/framework/src/Illuminate/Foundation/Http/Kernel.php(175): Illuminate/Pipeline/Pipeline->then(Object(Closure))
#64 C:/Users/pathu/Desktop/puretec pos/vendor/laravel/framework/src/Illuminate/Foundation/Http/Kernel.php(144): Illuminate/Foundation/Http/Kernel->sendRequestThroughRouter(Object(Illuminate/Http/Request))
#65 C:/Users/pathu/Desktop/puretec pos/public/index.php(36): Illuminate/Foundation/Http/Kernel->handle(Object(Illuminate/Http/Request))
#66 C:/Users/pathu/Desktop/puretec pos/vendor/laravel/framework/src/Illuminate/Foundation/resources/server.php(16): require_once('C://Users//pathu//...')
#67 {main}
"} 
[2026-06-18 10:02:58] local.ERROR: SQLSTATE[HY000] [2002] No connection could be made because the target machine actively refused it (Connection: mysql, SQL: select * from `users` where `email` = admin@purepos.lk and `is_active` = 1 and `users`.`deleted_at` is null limit 1) {"exception":"[object] (Illuminate\\Database\\QueryException(code: 2002): SQLSTATE[HY000] [2002] No connection could be made because the target machine actively refused it (Connection: mysql, SQL: select * from `users` where `email` = admin@purepos.lk and `is_active` = 1 and `users`.`deleted_at` is null limit 1) at C:/Users/pathu/Desktop/puretec pos/vendor/laravel/framework/src/Illuminate/Database/Connection.php:829)
[stacktrace]
#0 C:/Users/pathu/Desktop/puretec pos/vendor/laravel/framework/src/Illuminate/Database/Connection.php(983): Illuminate/Database/Connection->runQueryCallback('select * from `...', Array, Object(Closure))
#1 C:/Users/pathu/Desktop/puretec pos/vendor/laravel/framework/src/Illuminate/Database/Connection.php(962): Illuminate/Database/Connection->tryAgainIfCausedByLostConnection(Object(Illuminate/Database/QueryException), 'select * from `...', Array, Object(Closure))
#2 C:/Users/pathu/Desktop/puretec pos/vendor/laravel/framework/src/Illuminate/Database/Connection.php(785): Illuminate/Database/Connection->handleQueryException(Object(Illuminate/Database/QueryException), 'select * from `...', Array, Object(Closure))
#3 C:/Users/pathu/Desktop/puretec pos/vendor/laravel/framework/src/Illuminate/Database/Connection.php(414): Illuminate/Database/Connection->run('select * from `...', Array, Object(Closure))
#4 C:/Users/pathu/Desktop/puretec pos/vendor/laravel/framework/src/Illuminate/Database/Query/Builder.php(2913): Illuminate/Database/Connection->select('select * from `...', Array, true)
#5 C:/Users/pathu/Desktop/puretec pos/vendor/laravel/framework/src/Illuminate/Database/Query/Builder.php(2902): Illuminate/Database/Query/Builder->runSelect()
#6 C:/Users/pathu/Desktop/puretec pos/vendor/laravel/framework/src/Illuminate/Database/Query/Builder.php(3456): Illuminate/Database/Query/Builder->Illuminate/Database/Query/{closure}()
#7 C:/Users/pathu/Desktop/puretec pos/vendor/laravel/framework/src/Illuminate/Database/Query/Builder.php(2901): Illuminate/Database/Query/Builder->onceWithColumns(Array, Object(Closure))
#8 C:/Users/pathu/Desktop/puretec pos/vendor/laravel/framework/src/Illuminate/Database/Eloquent/Builder.php(739): Illuminate/Database/Query/Builder->get(Array)
#9 C:/Users/pathu/Desktop/puretec pos/vendor/laravel/framework/src/Illuminate/Database/Eloquent/Builder.php(723): Illuminate/Database/Eloquent/Builder->getModels(Array)
#10 C:/Users/pathu/Desktop/puretec pos/vendor/laravel/framework/src/Illuminate/Database/Concerns/BuildsQueries.php(333): Illuminate/Database/Eloquent/Builder->get(Array)
#11 C:/Users/pathu/Desktop/puretec pos/vendor/laravel/framework/src/Illuminate/Auth/EloquentUserProvider.php(139): Illuminate/Database/Eloquent/Builder->first()
#12 C:/Users/pathu/Desktop/puretec pos/vendor/laravel/framework/src/Illuminate/Auth/SessionGuard.php(381): Illuminate/Auth/EloquentUserProvider->retrieveByCredentials(Array)
#13 C:/Users/pathu/Desktop/puretec pos/vendor/laravel/framework/src/Illuminate/Auth/AuthManager.php(340): Illuminate/Auth/SessionGuard->attempt(Array, false)
#14 C:/Users/pathu/Desktop/puretec pos/vendor/laravel/framework/src/Illuminate/Support/Facades/Facade.php(355): Illuminate/Auth/AuthManager->__call('attempt', Array)
#15 C:/Users/pathu/Desktop/puretec pos/app/Http/Controllers/Auth/AuthController.php(27): Illuminate/Support/Facades/Facade::__callStatic('attempt', Array)
#16 C:/Users/pathu/Desktop/puretec pos/vendor/laravel/framework/src/Illuminate/Routing/Controller.php(54): App/Http/Controllers/Auth/AuthController->login(Object(Illuminate/Http/Request))
#17 C:/Users/pathu/Desktop/puretec pos/vendor/laravel/framework/src/Illuminate/Routing/ControllerDispatcher.php(43): Illuminate/Routing/Controller->callAction('login', Array)
#18 C:/Users/pathu/Desktop/puretec pos/vendor/laravel/framework/src/Illuminate/Routing/Route.php(259): Illuminate/Routing/ControllerDispatcher->dispatch(Object(Illuminate/Routing/Route), Object(App/Http/Controllers/Auth/AuthController), 'login')
#19 C:/Users/pathu/Desktop/puretec pos/vendor/laravel/framework/src/Illuminate/Routing/Route.php(205): Illuminate/Routing/Route->runController()
#20 C:/Users/pathu/Desktop/puretec pos/vendor/laravel/framework/src/Illuminate/Routing/Router.php(806): Illuminate/Routing/Route->run()
#21 C:/Users/pathu/Desktop/puretec pos/vendor/laravel/framework/src/Illuminate/Pipeline/Pipeline.php(144): Illuminate/Routing/Router->Illuminate/Routing/{closure}(Object(Illuminate/Http/Request))
#22 C:/Users/pathu/Desktop/puretec pos/app/Http/Middleware/RedirectIfAuthenticated.php(27): Illuminate/Pipeline/Pipeline->Illuminate/Pipeline/{closure}(Object(Illuminate/Http/Request))
#23 C:/Users/pathu/Desktop/puretec pos/vendor/laravel/framework/src/Illuminate/Pipeline/Pipeline.php(183): App/Http/Middleware/RedirectIfAuthenticated->handle(Object(Illuminate/Http/Request), Object(Closure))
#24 C:/Users/pathu/Desktop/puretec pos/vendor/laravel/framework/src/Illuminate/Routing/Middleware/SubstituteBindings.php(50): Illuminate/Pipeline/Pipeline->Illuminate/Pipeline/{closure}(Object(Illuminate/Http/Request))
#25 C:/Users/pathu/Desktop/puretec pos/vendor/laravel/framework/src/Illuminate/Pipeline/Pipeline.php(183): Illuminate/Routing/Middleware/SubstituteBindings->handle(Object(Illuminate/Http/Request), Object(Closure))
#26 C:/Users/pathu/Desktop/puretec pos/vendor/laravel/framework/src/Illuminate/Foundation/Http/Middleware/VerifyCsrfToken.php(78): Illuminate/Pipeline/Pipeline->Illuminate/Pipeline/{closure}(Object(Illuminate/Http/Request))
#27 C:/Users/pathu/Desktop/puretec pos/vendor/laravel/framework/src/Illuminate/Pipeline/Pipeline.php(183): Illuminate/Foundation/Http/Middleware/VerifyCsrfToken->handle(Object(Illuminate/Http/Request), Object(Closure))
#28 C:/Users/pathu/Desktop/puretec pos/vendor/laravel/framework/src/Illuminate/View/Middleware/ShareErrorsFromSession.php(49): Illuminate/Pipeline/Pipeline->Illuminate/Pipeline/{closure}(Object(Illuminate/Http/Request))
#29 C:/Users/pathu/Desktop/puretec pos/vendor/laravel/framework/src/Illuminate/Pipeline/Pipeline.php(183): Illuminate/View/Middleware/ShareErrorsFromSession->handle(Object(Illuminate/Http/Request), Object(Closure))
#30 C:/Users/pathu/Desktop/puretec pos/vendor/laravel/framework/src/Illuminate/Session/Middleware/StartSession.php(121): Illuminate/Pipeline/Pipeline->Illuminate/Pipeline/{closure}(Object(Illuminate/Http/Request))
#31 C:/Users/pathu/Desktop/puretec pos/vendor/laravel/framework/src/Illuminate/Session/Middleware/StartSession.php(64): Illuminate/Session/Middleware/StartSession->handleStatefulRequest(Object(Illuminate/Http/Request), Object(Illuminate/Session/Store), Object(Closure))
#32 C:/Users/pathu/Desktop/puretec pos/vendor/laravel/framework/src/Illuminate/Pipeline/Pipeline.php(183): Illuminate/Session/Middleware/StartSession->handle(Object(Illuminate/Http/Request), Object(Closure))
#33 C:/Users/pathu/Desktop/puretec pos/vendor/laravel/framework/src/Illuminate/Cookie/Middleware/AddQueuedCookiesToResponse.php(37): Illuminate/Pipeline/Pipeline->Illuminate/Pipeline/{closure}(Object(Illuminate/Http/Request))
#34 C:/Users/pathu/Desktop/puretec pos/vendor/laravel/framework/src/Illuminate/Pipeline/Pipeline.php(183): Illuminate/Cookie/Middleware/AddQueuedCookiesToResponse->handle(Object(Illuminate/Http/Request), Object(Closure))
#35 C:/Users/pathu/Desktop/puretec pos/vendor/laravel/framework/src/Illuminate/Cookie/Middleware/EncryptCookies.php(67): Illuminate/Pipeline/Pipeline->Illuminate/Pipeline/{closure}(Object(Illuminate/Http/Request))
#36 C:/Users/pathu/Desktop/puretec pos/vendor/laravel/framework/src/Illuminate/Pipeline/Pipeline.php(183): Illuminate/Cookie/Middleware/EncryptCookies->handle(Object(Illuminate/Http/Request), Object(Closure))
#37 C:/Users/pathu/Desktop/puretec pos/vendor/laravel/framework/src/Illuminate/Pipeline/Pipeline.php(119): Illuminate/Pipeline/Pipeline->Illuminate/Pipeline/{closure}(Object(Illuminate/Http/Request))
#38 C:/Users/pathu/Desktop/puretec pos/vendor/laravel/framework/src/Illuminate/Routing/Router.php(805): Illuminate/Pipeline/Pipeline->then(Object(Closure))
#39 C:/Users/pathu/Desktop/puretec pos/vendor/laravel/framework/src/Illuminate/Routing/Router.php(784): Illuminate/Routing/Router->runRouteWithinStack(Object(Illuminate/Routing/Route), Object(Illuminate/Http/Request))
#40 C:/Users/pathu/Desktop/puretec pos/vendor/laravel/framework/src/Illuminate/Routing/Router.php(748): Illuminate/Routing/Router->runRoute(Object(Illuminate/Http/Request), Object(Illuminate/Routing/Route))
#41 C:/Users/pathu/Desktop/puretec pos/vendor/laravel/framework/src/Illuminate/Routing/Router.php(737): Illuminate/Routing/Router->dispatchToRoute(Object(Illuminate/Http/Request))
#42 C:/Users/pathu/Desktop/puretec pos/vendor/laravel/framework/src/Illuminate/Foundation/Http/Kernel.php(200): Illuminate/Routing/Router->dispatch(Object(Illuminate/Http/Request))
#43 C:/Users/pathu/Desktop/puretec pos/vendor/laravel/framework/src/Illuminate/Pipeline/Pipeline.php(144): Illuminate/Foundation/Http/Kernel->Illuminate/Foundation/Http/{closure}(Object(Illuminate/Http/Request))
#44 C:/Users/pathu/Desktop/puretec pos/vendor/laravel/framework/src/Illuminate/Foundation/Http/Middleware/TransformsRequest.php(21): Illuminate/Pipeline/Pipeline->Illuminate/Pipeline/{closure}(Object(Illuminate/Http/Request))
#45 C:/Users/pathu/Desktop/puretec pos/vendor/laravel/framework/src/Illuminate/Foundation/Http/Middleware/ConvertEmptyStringsToNull.php(31): Illuminate/Foundation/Http/Middleware/TransformsRequest->handle(Object(Illuminate/Http/Request), Object(Closure))
#46 C:/Users/pathu/Desktop/puretec pos/vendor/laravel/framework/src/Illuminate/Pipeline/Pipeline.php(183): Illuminate/Foundation/Http/Middleware/ConvertEmptyStringsToNull->handle(Object(Illuminate/Http/Request), Object(Closure))
#47 C:/Users/pathu/Desktop/puretec pos/vendor/laravel/framework/src/Illuminate/Foundation/Http/Middleware/ValidatePostSize.php(27): Illuminate/Pipeline/Pipeline->Illuminate/Pipeline/{closure}(Object(Illuminate/Http/Request))
#48 C:/Users/pathu/Desktop/puretec pos/vendor/laravel/framework/src/Illuminate/Pipeline/Pipeline.php(183): Illuminate/Foundation/Http/Middleware/ValidatePostSize->handle(Object(Illuminate/Http/Request), Object(Closure))
#49 C:/Users/pathu/Desktop/puretec pos/vendor/laravel/framework/src/Illuminate/Http/Middleware/HandleCors.php(49): Illuminate/Pipeline/Pipeline->Illuminate/Pipeline/{closure}(Object(Illuminate/Http/Request))
#50 C:/Users/pathu/Desktop/puretec pos/vendor/laravel/framework/src/Illuminate/Pipeline/Pipeline.php(183): Illuminate/Http/Middleware/HandleCors->handle(Object(Illuminate/Http/Request), Object(Closure))
#51 C:/Users/pathu/Desktop/puretec pos/vendor/laravel/framework/src/Illuminate/Pipeline/Pipeline.php(119): Illuminate/Pipeline/Pipeline->Illuminate/Pipeline/{closure}(Object(Illuminate/Http/Request))
#52 C:/Users/pathu/Desktop/puretec pos/vendor/laravel/framework/src/Illuminate/Foundation/Http/Kernel.php(175): Illuminate/Pipeline/Pipeline->then(Object(Closure))
#53 C:/Users/pathu/Desktop/puretec pos/vendor/laravel/framework/src/Illuminate/Foundation/Http/Kernel.php(144): Illuminate/Foundation/Http/Kernel->sendRequestThroughRouter(Object(Illuminate/Http/Request))
#54 C:/Users/pathu/Desktop/puretec pos/public/index.php(36): Illuminate/Foundation/Http/Kernel->handle(Object(Illuminate/Http/Request))
#55 C:/Users/pathu/Desktop/puretec pos/vendor/laravel/framework/src/Illuminate/Foundation/resources/server.php(16): require_once('C://Users//pathu//...')
#56 {main}

[previous exception] [object] (PDOException(code: 2002): SQLSTATE[HY000] [2002] No connection could be made because the target machine actively refused it at C:/Users/pathu/Desktop/puretec pos/vendor/laravel/framework/src/Illuminate/Database/Connectors/Connector.php:65)
[stacktrace]
#0 C:/Users/pathu/Desktop/puretec pos/vendor/laravel/framework/src/Illuminate/Database/Connectors/Connector.php(65): PDO->__construct('mysql:host=127....', 'root', Object(SensitiveParameterValue), Array)
#1 C:/Users/pathu/Desktop/puretec pos/vendor/laravel/framework/src/Illuminate/Database/Connectors/Connector.php(83): Illuminate/Database/Connectors/Connector->createPdoConnection('mysql:host=127....', 'root', '', Array)
#2 C:/Users/pathu/Desktop/puretec pos/vendor/laravel/framework/src/Illuminate/Database/Connectors/Connector.php(48): Illuminate/Database/Connectors/Connector->tryAgainIfCausedByLostConnection(Object(PDOException), 'mysql:host=127....', 'root', '', Array)
#3 C:/Users/pathu/Desktop/puretec pos/vendor/laravel/framework/src/Illuminate/Database/Connectors/MySqlConnector.php(24): Illuminate/Database/Connectors/Connector->createConnection('mysql:host=127....', Array, Array)
#4 C:/Users/pathu/Desktop/puretec pos/vendor/laravel/framework/src/Illuminate/Database/Connectors/ConnectionFactory.php(184): Illuminate/Database/Connectors/MySqlConnector->connect(Array)
#5 [internal function]: Illuminate/Database/Connectors/ConnectionFactory->Illuminate/Database/Connectors/{closure}()
#6 C:/Users/pathu/Desktop/puretec pos/vendor/laravel/framework/src/Illuminate/Database/Connection.php(1339): call_user_func(Object(Closure))
#7 C:/Users/pathu/Desktop/puretec pos/vendor/laravel/framework/src/Illuminate/Database/Connection.php(1375): Illuminate/Database/Connection->getPdo()
#8 C:/Users/pathu/Desktop/puretec pos/vendor/laravel/framework/src/Illuminate/Database/Connection.php(528): Illuminate/Database/Connection->getReadPdo()
#9 C:/Users/pathu/Desktop/puretec pos/vendor/laravel/framework/src/Illuminate/Database/Connection.php(423): Illuminate/Database/Connection->getPdoForSelect(true)
#10 C:/Users/pathu/Desktop/puretec pos/vendor/laravel/framework/src/Illuminate/Database/Connection.php(816): Illuminate/Database/Connection->Illuminate/Database/{closure}('select * from `...', Array)
#11 C:/Users/pathu/Desktop/puretec pos/vendor/laravel/framework/src/Illuminate/Database/Connection.php(983): Illuminate/Database/Connection->runQueryCallback('select * from `...', Array, Object(Closure))
#12 C:/Users/pathu/Desktop/puretec pos/vendor/laravel/framework/src/Illuminate/Database/Connection.php(962): Illuminate/Database/Connection->tryAgainIfCausedByLostConnection(Object(Illuminate/Database/QueryException), 'select * from `...', Array, Object(Closure))
#13 C:/Users/pathu/Desktop/puretec pos/vendor/laravel/framework/src/Illuminate/Database/Connection.php(785): Illuminate/Database/Connection->handleQueryException(Object(Illuminate/Database/QueryException), 'select * from `...', Array, Object(Closure))
#14 C:/Users/pathu/Desktop/puretec pos/vendor/laravel/framework/src/Illuminate/Database/Connection.php(414): Illuminate/Database/Connection->run('select * from `...', Array, Object(Closure))
#15 C:/Users/pathu/Desktop/puretec pos/vendor/laravel/framework/src/Illuminate/Database/Query/Builder.php(2913): Illuminate/Database/Connection->select('select * from `...', Array, true)
#16 C:/Users/pathu/Desktop/puretec pos/vendor/laravel/framework/src/Illuminate/Database/Query/Builder.php(2902): Illuminate/Database/Query/Builder->runSelect()
#17 C:/Users/pathu/Desktop/puretec pos/vendor/laravel/framework/src/Illuminate/Database/Query/Builder.php(3456): Illuminate/Database/Query/Builder->Illuminate/Database/Query/{closure}()
#18 C:/Users/pathu/Desktop/puretec pos/vendor/laravel/framework/src/Illuminate/Database/Query/Builder.php(2901): Illuminate/Database/Query/Builder->onceWithColumns(Array, Object(Closure))
#19 C:/Users/pathu/Desktop/puretec pos/vendor/laravel/framework/src/Illuminate/Database/Eloquent/Builder.php(739): Illuminate/Database/Query/Builder->get(Array)
#20 C:/Users/pathu/Desktop/puretec pos/vendor/laravel/framework/src/Illuminate/Database/Eloquent/Builder.php(723): Illuminate/Database/Eloquent/Builder->getModels(Array)
#21 C:/Users/pathu/Desktop/puretec pos/vendor/laravel/framework/src/Illuminate/Database/Concerns/BuildsQueries.php(333): Illuminate/Database/Eloquent/Builder->get(Array)
#22 C:/Users/pathu/Desktop/puretec pos/vendor/laravel/framework/src/Illuminate/Auth/EloquentUserProvider.php(139): Illuminate/Database/Eloquent/Builder->first()
#23 C:/Users/pathu/Desktop/puretec pos/vendor/laravel/framework/src/Illuminate/Auth/SessionGuard.php(381): Illuminate/Auth/EloquentUserProvider->retrieveByCredentials(Array)
#24 C:/Users/pathu/Desktop/puretec pos/vendor/laravel/framework/src/Illuminate/Auth/AuthManager.php(340): Illuminate/Auth/SessionGuard->attempt(Array, false)
#25 C:/Users/pathu/Desktop/puretec pos/vendor/laravel/framework/src/Illuminate/Support/Facades/Facade.php(355): Illuminate/Auth/AuthManager->__call('attempt', Array)
#26 C:/Users/pathu/Desktop/puretec pos/app/Http/Controllers/Auth/AuthController.php(27): Illuminate/Support/Facades/Facade::__callStatic('attempt', Array)
#27 C:/Users/pathu/Desktop/puretec pos/vendor/laravel/framework/src/Illuminate/Routing/Controller.php(54): App/Http/Controllers/Auth/AuthController->login(Object(Illuminate/Http/Request))
#28 C:/Users/pathu/Desktop/puretec pos/vendor/laravel/framework/src/Illuminate/Routing/ControllerDispatcher.php(43): Illuminate/Routing/Controller->callAction('login', Array)
#29 C:/Users/pathu/Desktop/puretec pos/vendor/laravel/framework/src/Illuminate/Routing/Route.php(259): Illuminate/Routing/ControllerDispatcher->dispatch(Object(Illuminate/Routing/Route), Object(App/Http/Controllers/Auth/AuthController), 'login')
#30 C:/Users/pathu/Desktop/puretec pos/vendor/laravel/framework/src/Illuminate/Routing/Route.php(205): Illuminate/Routing/Route->runController()
#31 C:/Users/pathu/Desktop/puretec pos/vendor/laravel/framework/src/Illuminate/Routing/Router.php(806): Illuminate/Routing/Route->run()
#32 C:/Users/pathu/Desktop/puretec pos/vendor/laravel/framework/src/Illuminate/Pipeline/Pipeline.php(144): Illuminate/Routing/Router->Illuminate/Routing/{closure}(Object(Illuminate/Http/Request))
#33 C:/Users/pathu/Desktop/puretec pos/app/Http/Middleware/RedirectIfAuthenticated.php(27): Illuminate/Pipeline/Pipeline->Illuminate/Pipeline/{closure}(Object(Illuminate/Http/Request))
#34 C:/Users/pathu/Desktop/puretec pos/vendor/laravel/framework/src/Illuminate/Pipeline/Pipeline.php(183): App/Http/Middleware/RedirectIfAuthenticated->handle(Object(Illuminate/Http/Request), Object(Closure))
#35 C:/Users/pathu/Desktop/puretec pos/vendor/laravel/framework/src/Illuminate/Routing/Middleware/SubstituteBindings.php(50): Illuminate/Pipeline/Pipeline->Illuminate/Pipeline/{closure}(Object(Illuminate/Http/Request))
#36 C:/Users/pathu/Desktop/puretec pos/vendor/laravel/framework/src/Illuminate/Pipeline/Pipeline.php(183): Illuminate/Routing/Middleware/SubstituteBindings->handle(Object(Illuminate/Http/Request), Object(Closure))
#37 C:/Users/pathu/Desktop/puretec pos/vendor/laravel/framework/src/Illuminate/Foundation/Http/Middleware/VerifyCsrfToken.php(78): Illuminate/Pipeline/Pipeline->Illuminate/Pipeline/{closure}(Object(Illuminate/Http/Request))
#38 C:/Users/pathu/Desktop/puretec pos/vendor/laravel/framework/src/Illuminate/Pipeline/Pipeline.php(183): Illuminate/Foundation/Http/Middleware/VerifyCsrfToken->handle(Object(Illuminate/Http/Request), Object(Closure))
#39 C:/Users/pathu/Desktop/puretec pos/vendor/laravel/framework/src/Illuminate/View/Middleware/ShareErrorsFromSession.php(49): Illuminate/Pipeline/Pipeline->Illuminate/Pipeline/{closure}(Object(Illuminate/Http/Request))
#40 C:/Users/pathu/Desktop/puretec pos/vendor/laravel/framework/src/Illuminate/Pipeline/Pipeline.php(183): Illuminate/View/Middleware/ShareErrorsFromSession->handle(Object(Illuminate/Http/Request), Object(Closure))
#41 C:/Users/pathu/Desktop/puretec pos/vendor/laravel/framework/src/Illuminate/Session/Middleware/StartSession.php(121): Illuminate/Pipeline/Pipeline->Illuminate/Pipeline/{closure}(Object(Illuminate/Http/Request))
#42 C:/Users/pathu/Desktop/puretec pos/vendor/laravel/framework/src/Illuminate/Session/Middleware/StartSession.php(64): Illuminate/Session/Middleware/StartSession->handleStatefulRequest(Object(Illuminate/Http/Request), Object(Illuminate/Session/Store), Object(Closure))
#43 C:/Users/pathu/Desktop/puretec pos/vendor/laravel/framework/src/Illuminate/Pipeline/Pipeline.php(183): Illuminate/Session/Middleware/StartSession->handle(Object(Illuminate/Http/Request), Object(Closure))
#44 C:/Users/pathu/Desktop/puretec pos/vendor/laravel/framework/src/Illuminate/Cookie/Middleware/AddQueuedCookiesToResponse.php(37): Illuminate/Pipeline/Pipeline->Illuminate/Pipeline/{closure}(Object(Illuminate/Http/Request))
#45 C:/Users/pathu/Desktop/puretec pos/vendor/laravel/framework/src/Illuminate/Pipeline/Pipeline.php(183): Illuminate/Cookie/Middleware/AddQueuedCookiesToResponse->handle(Object(Illuminate/Http/Request), Object(Closure))
#46 C:/Users/pathu/Desktop/puretec pos/vendor/laravel/framework/src/Illuminate/Cookie/Middleware/EncryptCookies.php(67): Illuminate/Pipeline/Pipeline->Illuminate/Pipeline/{closure}(Object(Illuminate/Http/Request))
#47 C:/Users/pathu/Desktop/puretec pos/vendor/laravel/framework/src/Illuminate/Pipeline/Pipeline.php(183): Illuminate/Cookie/Middleware/EncryptCookies->handle(Object(Illuminate/Http/Request), Object(Closure))
#48 C:/Users/pathu/Desktop/puretec pos/vendor/laravel/framework/src/Illuminate/Pipeline/Pipeline.php(119): Illuminate/Pipeline/Pipeline->Illuminate/Pipeline/{closure}(Object(Illuminate/Http/Request))
#49 C:/Users/pathu/Desktop/puretec pos/vendor/laravel/framework/src/Illuminate/Routing/Router.php(805): Illuminate/Pipeline/Pipeline->then(Object(Closure))
#50 C:/Users/pathu/Desktop/puretec pos/vendor/laravel/framework/src/Illuminate/Routing/Router.php(784): Illuminate/Routing/Router->runRouteWithinStack(Object(Illuminate/Routing/Route), Object(Illuminate/Http/Request))
#51 C:/Users/pathu/Desktop/puretec pos/vendor/laravel/framework/src/Illuminate/Routing/Router.php(748): Illuminate/Routing/Router->runRoute(Object(Illuminate/Http/Request), Object(Illuminate/Routing/Route))
#52 C:/Users/pathu/Desktop/puretec pos/vendor/laravel/framework/src/Illuminate/Routing/Router.php(737): Illuminate/Routing/Router->dispatchToRoute(Object(Illuminate/Http/Request))
#53 C:/Users/pathu/Desktop/puretec pos/vendor/laravel/framework/src/Illuminate/Foundation/Http/Kernel.php(200): Illuminate/Routing/Router->dispatch(Object(Illuminate/Http/Request))
#54 C:/Users/pathu/Desktop/puretec pos/vendor/laravel/framework/src/Illuminate/Pipeline/Pipeline.php(144): Illuminate/Foundation/Http/Kernel->Illuminate/Foundation/Http/{closure}(Object(Illuminate/Http/Request))
#55 C:/Users/pathu/Desktop/puretec pos/vendor/laravel/framework/src/Illuminate/Foundation/Http/Middleware/TransformsRequest.php(21): Illuminate/Pipeline/Pipeline->Illuminate/Pipeline/{closure}(Object(Illuminate/Http/Request))
#56 C:/Users/pathu/Desktop/puretec pos/vendor/laravel/framework/src/Illuminate/Foundation/Http/Middleware/ConvertEmptyStringsToNull.php(31): Illuminate/Foundation/Http/Middleware/TransformsRequest->handle(Object(Illuminate/Http/Request), Object(Closure))
#57 C:/Users/pathu/Desktop/puretec pos/vendor/laravel/framework/src/Illuminate/Pipeline/Pipeline.php(183): Illuminate/Foundation/Http/Middleware/ConvertEmptyStringsToNull->handle(Object(Illuminate/Http/Request), Object(Closure))
#58 C:/Users/pathu/Desktop/puretec pos/vendor/laravel/framework/src/Illuminate/Foundation/Http/Middleware/ValidatePostSize.php(27): Illuminate/Pipeline/Pipeline->Illuminate/Pipeline/{closure}(Object(Illuminate/Http/Request))
#59 C:/Users/pathu/Desktop/puretec pos/vendor/laravel/framework/src/Illuminate/Pipeline/Pipeline.php(183): Illuminate/Foundation/Http/Middleware/ValidatePostSize->handle(Object(Illuminate/Http/Request), Object(Closure))
#60 C:/Users/pathu/Desktop/puretec pos/vendor/laravel/framework/src/Illuminate/Http/Middleware/HandleCors.php(49): Illuminate/Pipeline/Pipeline->Illuminate/Pipeline/{closure}(Object(Illuminate/Http/Request))
#61 C:/Users/pathu/Desktop/puretec pos/vendor/laravel/framework/src/Illuminate/Pipeline/Pipeline.php(183): Illuminate/Http/Middleware/HandleCors->handle(Object(Illuminate/Http/Request), Object(Closure))
#62 C:/Users/pathu/Desktop/puretec pos/vendor/laravel/framework/src/Illuminate/Pipeline/Pipeline.php(119): Illuminate/Pipeline/Pipeline->Illuminate/Pipeline/{closure}(Object(Illuminate/Http/Request))
#63 C:/Users/pathu/Desktop/puretec pos/vendor/laravel/framework/src/Illuminate/Foundation/Http/Kernel.php(175): Illuminate/Pipeline/Pipeline->then(Object(Closure))
#64 C:/Users/pathu/Desktop/puretec pos/vendor/laravel/framework/src/Illuminate/Foundation/Http/Kernel.php(144): Illuminate/Foundation/Http/Kernel->sendRequestThroughRouter(Object(Illuminate/Http/Request))
#65 C:/Users/pathu/Desktop/puretec pos/public/index.php(36): Illuminate/Foundation/Http/Kernel->handle(Object(Illuminate/Http/Request))
#66 C:/Users/pathu/Desktop/puretec pos/vendor/laravel/framework/src/Illuminate/Foundation/resources/server.php(16): require_once('C://Users//pathu//...')
#67 {main}
"} 
[2026-06-18 10:03:13] local.ERROR: SQLSTATE[HY000] [2002] No connection could be made because the target machine actively refused it (Connection: mysql, SQL: select * from `users` where `email` = admin@purepos.lk and `is_active` = 1 and `users`.`deleted_at` is null limit 1) {"exception":"[object] (Illuminate\\Database\\QueryException(code: 2002): SQLSTATE[HY000] [2002] No connection could be made because the target machine actively refused it (Connection: mysql, SQL: select * from `users` where `email` = admin@purepos.lk and `is_active` = 1 and `users`.`deleted_at` is null limit 1) at C:/Users/pathu/Desktop/puretec pos/vendor/laravel/framework/src/Illuminate/Database/Connection.php:829)
[stacktrace]
#0 C:/Users/pathu/Desktop/puretec pos/vendor/laravel/framework/src/Illuminate/Database/Connection.php(983): Illuminate/Database/Connection->runQueryCallback('select * from `...', Array, Object(Closure))
#1 C:/Users/pathu/Desktop/puretec pos/vendor/laravel/framework/src/Illuminate/Database/Connection.php(962): Illuminate/Database/Connection->tryAgainIfCausedByLostConnection(Object(Illuminate/Database/QueryException), 'select * from `...', Array, Object(Closure))
#2 C:/Users/pathu/Desktop/puretec pos/vendor/laravel/framework/src/Illuminate/Database/Connection.php(785): Illuminate/Database/Connection->handleQueryException(Object(Illuminate/Database/QueryException), 'select * from `...', Array, Object(Closure))
#3 C:/Users/pathu/Desktop/puretec pos/vendor/laravel/framework/src/Illuminate/Database/Connection.php(414): Illuminate/Database/Connection->run('select * from `...', Array, Object(Closure))
#4 C:/Users/pathu/Desktop/puretec pos/vendor/laravel/framework/src/Illuminate/Database/Query/Builder.php(2913): Illuminate/Database/Connection->select('select * from `...', Array, true)
#5 C:/Users/pathu/Desktop/puretec pos/vendor/laravel/framework/src/Illuminate/Database/Query/Builder.php(2902): Illuminate/Database/Query/Builder->runSelect()
#6 C:/Users/pathu/Desktop/puretec pos/vendor/laravel/framework/src/Illuminate/Database/Query/Builder.php(3456): Illuminate/Database/Query/Builder->Illuminate/Database/Query/{closure}()
#7 C:/Users/pathu/Desktop/puretec pos/vendor/laravel/framework/src/Illuminate/Database/Query/Builder.php(2901): Illuminate/Database/Query/Builder->onceWithColumns(Array, Object(Closure))
#8 C:/Users/pathu/Desktop/puretec pos/vendor/laravel/framework/src/Illuminate/Database/Eloquent/Builder.php(739): Illuminate/Database/Query/Builder->get(Array)
#9 C:/Users/pathu/Desktop/puretec pos/vendor/laravel/framework/src/Illuminate/Database/Eloquent/Builder.php(723): Illuminate/Database/Eloquent/Builder->getModels(Array)
#10 C:/Users/pathu/Desktop/puretec pos/vendor/laravel/framework/src/Illuminate/Database/Concerns/BuildsQueries.php(333): Illuminate/Database/Eloquent/Builder->get(Array)
#11 C:/Users/pathu/Desktop/puretec pos/vendor/laravel/framework/src/Illuminate/Auth/EloquentUserProvider.php(139): Illuminate/Database/Eloquent/Builder->first()
#12 C:/Users/pathu/Desktop/puretec pos/vendor/laravel/framework/src/Illuminate/Auth/SessionGuard.php(381): Illuminate/Auth/EloquentUserProvider->retrieveByCredentials(Array)
#13 C:/Users/pathu/Desktop/puretec pos/vendor/laravel/framework/src/Illuminate/Auth/AuthManager.php(340): Illuminate/Auth/SessionGuard->attempt(Array, false)
#14 C:/Users/pathu/Desktop/puretec pos/vendor/laravel/framework/src/Illuminate/Support/Facades/Facade.php(355): Illuminate/Auth/AuthManager->__call('attempt', Array)
#15 C:/Users/pathu/Desktop/puretec pos/app/Http/Controllers/Auth/AuthController.php(27): Illuminate/Support/Facades/Facade::__callStatic('attempt', Array)
#16 C:/Users/pathu/Desktop/puretec pos/vendor/laravel/framework/src/Illuminate/Routing/Controller.php(54): App/Http/Controllers/Auth/AuthController->login(Object(Illuminate/Http/Request))
#17 C:/Users/pathu/Desktop/puretec pos/vendor/laravel/framework/src/Illuminate/Routing/ControllerDispatcher.php(43): Illuminate/Routing/Controller->callAction('login', Array)
#18 C:/Users/pathu/Desktop/puretec pos/vendor/laravel/framework/src/Illuminate/Routing/Route.php(259): Illuminate/Routing/ControllerDispatcher->dispatch(Object(Illuminate/Routing/Route), Object(App/Http/Controllers/Auth/AuthController), 'login')
#19 C:/Users/pathu/Desktop/puretec pos/vendor/laravel/framework/src/Illuminate/Routing/Route.php(205): Illuminate/Routing/Route->runController()
#20 C:/Users/pathu/Desktop/puretec pos/vendor/laravel/framework/src/Illuminate/Routing/Router.php(806): Illuminate/Routing/Route->run()
#21 C:/Users/pathu/Desktop/puretec pos/vendor/laravel/framework/src/Illuminate/Pipeline/Pipeline.php(144): Illuminate/Routing/Router->Illuminate/Routing/{closure}(Object(Illuminate/Http/Request))
#22 C:/Users/pathu/Desktop/puretec pos/app/Http/Middleware/RedirectIfAuthenticated.php(27): Illuminate/Pipeline/Pipeline->Illuminate/Pipeline/{closure}(Object(Illuminate/Http/Request))
#23 C:/Users/pathu/Desktop/puretec pos/vendor/laravel/framework/src/Illuminate/Pipeline/Pipeline.php(183): App/Http/Middleware/RedirectIfAuthenticated->handle(Object(Illuminate/Http/Request), Object(Closure))
#24 C:/Users/pathu/Desktop/puretec pos/vendor/laravel/framework/src/Illuminate/Routing/Middleware/SubstituteBindings.php(50): Illuminate/Pipeline/Pipeline->Illuminate/Pipeline/{closure}(Object(Illuminate/Http/Request))
#25 C:/Users/pathu/Desktop/puretec pos/vendor/laravel/framework/src/Illuminate/Pipeline/Pipeline.php(183): Illuminate/Routing/Middleware/SubstituteBindings->handle(Object(Illuminate/Http/Request), Object(Closure))
#26 C:/Users/pathu/Desktop/puretec pos/vendor/laravel/framework/src/Illuminate/Foundation/Http/Middleware/VerifyCsrfToken.php(78): Illuminate/Pipeline/Pipeline->Illuminate/Pipeline/{closure}(Object(Illuminate/Http/Request))
#27 C:/Users/pathu/Desktop/puretec pos/vendor/laravel/framework/src/Illuminate/Pipeline/Pipeline.php(183): Illuminate/Foundation/Http/Middleware/VerifyCsrfToken->handle(Object(Illuminate/Http/Request), Object(Closure))
#28 C:/Users/pathu/Desktop/puretec pos/vendor/laravel/framework/src/Illuminate/View/Middleware/ShareErrorsFromSession.php(49): Illuminate/Pipeline/Pipeline->Illuminate/Pipeline/{closure}(Object(Illuminate/Http/Request))
#29 C:/Users/pathu/Desktop/puretec pos/vendor/laravel/framework/src/Illuminate/Pipeline/Pipeline.php(183): Illuminate/View/Middleware/ShareErrorsFromSession->handle(Object(Illuminate/Http/Request), Object(Closure))
#30 C:/Users/pathu/Desktop/puretec pos/vendor/laravel/framework/src/Illuminate/Session/Middleware/StartSession.php(121): Illuminate/Pipeline/Pipeline->Illuminate/Pipeline/{closure}(Object(Illuminate/Http/Request))
#31 C:/Users/pathu/Desktop/puretec pos/vendor/laravel/framework/src/Illuminate/Session/Middleware/StartSession.php(64): Illuminate/Session/Middleware/StartSession->handleStatefulRequest(Object(Illuminate/Http/Request), Object(Illuminate/Session/Store), Object(Closure))
#32 C:/Users/pathu/Desktop/puretec pos/vendor/laravel/framework/src/Illuminate/Pipeline/Pipeline.php(183): Illuminate/Session/Middleware/StartSession->handle(Object(Illuminate/Http/Request), Object(Closure))
#33 C:/Users/pathu/Desktop/puretec pos/vendor/laravel/framework/src/Illuminate/Cookie/Middleware/AddQueuedCookiesToResponse.php(37): Illuminate/Pipeline/Pipeline->Illuminate/Pipeline/{closure}(Object(Illuminate/Http/Request))
#34 C:/Users/pathu/Desktop/puretec pos/vendor/laravel/framework/src/Illuminate/Pipeline/Pipeline.php(183): Illuminate/Cookie/Middleware/AddQueuedCookiesToResponse->handle(Object(Illuminate/Http/Request), Object(Closure))
#35 C:/Users/pathu/Desktop/puretec pos/vendor/laravel/framework/src/Illuminate/Cookie/Middleware/EncryptCookies.php(67): Illuminate/Pipeline/Pipeline->Illuminate/Pipeline/{closure}(Object(Illuminate/Http/Request))
#36 C:/Users/pathu/Desktop/puretec pos/vendor/laravel/framework/src/Illuminate/Pipeline/Pipeline.php(183): Illuminate/Cookie/Middleware/EncryptCookies->handle(Object(Illuminate/Http/Request), Object(Closure))
#37 C:/Users/pathu/Desktop/puretec pos/vendor/laravel/framework/src/Illuminate/Pipeline/Pipeline.php(119): Illuminate/Pipeline/Pipeline->Illuminate/Pipeline/{closure}(Object(Illuminate/Http/Request))
#38 C:/Users/pathu/Desktop/puretec pos/vendor/laravel/framework/src/Illuminate/Routing/Router.php(805): Illuminate/Pipeline/Pipeline->then(Object(Closure))
#39 C:/Users/pathu/Desktop/puretec pos/vendor/laravel/framework/src/Illuminate/Routing/Router.php(784): Illuminate/Routing/Router->runRouteWithinStack(Object(Illuminate/Routing/Route), Object(Illuminate/Http/Request))
#40 C:/Users/pathu/Desktop/puretec pos/vendor/laravel/framework/src/Illuminate/Routing/Router.php(748): Illuminate/Routing/Router->runRoute(Object(Illuminate/Http/Request), Object(Illuminate/Routing/Route))
#41 C:/Users/pathu/Desktop/puretec pos/vendor/laravel/framework/src/Illuminate/Routing/Router.php(737): Illuminate/Routing/Router->dispatchToRoute(Object(Illuminate/Http/Request))
#42 C:/Users/pathu/Desktop/puretec pos/vendor/laravel/framework/src/Illuminate/Foundation/Http/Kernel.php(200): Illuminate/Routing/Router->dispatch(Object(Illuminate/Http/Request))
#43 C:/Users/pathu/Desktop/puretec pos/vendor/laravel/framework/src/Illuminate/Pipeline/Pipeline.php(144): Illuminate/Foundation/Http/Kernel->Illuminate/Foundation/Http/{closure}(Object(Illuminate/Http/Request))
#44 C:/Users/pathu/Desktop/puretec pos/vendor/laravel/framework/src/Illuminate/Foundation/Http/Middleware/TransformsRequest.php(21): Illuminate/Pipeline/Pipeline->Illuminate/Pipeline/{closure}(Object(Illuminate/Http/Request))
#45 C:/Users/pathu/Desktop/puretec pos/vendor/laravel/framework/src/Illuminate/Foundation/Http/Middleware/ConvertEmptyStringsToNull.php(31): Illuminate/Foundation/Http/Middleware/TransformsRequest->handle(Object(Illuminate/Http/Request), Object(Closure))
#46 C:/Users/pathu/Desktop/puretec pos/vendor/laravel/framework/src/Illuminate/Pipeline/Pipeline.php(183): Illuminate/Foundation/Http/Middleware/ConvertEmptyStringsToNull->handle(Object(Illuminate/Http/Request), Object(Closure))
#47 C:/Users/pathu/Desktop/puretec pos/vendor/laravel/framework/src/Illuminate/Foundation/Http/Middleware/ValidatePostSize.php(27): Illuminate/Pipeline/Pipeline->Illuminate/Pipeline/{closure}(Object(Illuminate/Http/Request))
#48 C:/Users/pathu/Desktop/puretec pos/vendor/laravel/framework/src/Illuminate/Pipeline/Pipeline.php(183): Illuminate/Foundation/Http/Middleware/ValidatePostSize->handle(Object(Illuminate/Http/Request), Object(Closure))
#49 C:/Users/pathu/Desktop/puretec pos/vendor/laravel/framework/src/Illuminate/Http/Middleware/HandleCors.php(49): Illuminate/Pipeline/Pipeline->Illuminate/Pipeline/{closure}(Object(Illuminate/Http/Request))
#50 C:/Users/pathu/Desktop/puretec pos/vendor/laravel/framework/src/Illuminate/Pipeline/Pipeline.php(183): Illuminate/Http/Middleware/HandleCors->handle(Object(Illuminate/Http/Request), Object(Closure))
#51 C:/Users/pathu/Desktop/puretec pos/vendor/laravel/framework/src/Illuminate/Pipeline/Pipeline.php(119): Illuminate/Pipeline/Pipeline->Illuminate/Pipeline/{closure}(Object(Illuminate/Http/Request))
#52 C:/Users/pathu/Desktop/puretec pos/vendor/laravel/framework/src/Illuminate/Foundation/Http/Kernel.php(175): Illuminate/Pipeline/Pipeline->then(Object(Closure))
#53 C:/Users/pathu/Desktop/puretec pos/vendor/laravel/framework/src/Illuminate/Foundation/Http/Kernel.php(144): Illuminate/Foundation/Http/Kernel->sendRequestThroughRouter(Object(Illuminate/Http/Request))
#54 C:/Users/pathu/Desktop/puretec pos/public/index.php(36): Illuminate/Foundation/Http/Kernel->handle(Object(Illuminate/Http/Request))
#55 C:/Users/pathu/Desktop/puretec pos/vendor/laravel/framework/src/Illuminate/Foundation/resources/server.php(16): require_once('C://Users//pathu//...')
#56 {main}

[previous exception] [object] (PDOException(code: 2002): SQLSTATE[HY000] [2002] No connection could be made because the target machine actively refused it at C:/Users/pathu/Desktop/puretec pos/vendor/laravel/framework/src/Illuminate/Database/Connectors/Connector.php:65)
[stacktrace]
#0 C:/Users/pathu/Desktop/puretec pos/vendor/laravel/framework/src/Illuminate/Database/Connectors/Connector.php(65): PDO->__construct('mysql:host=127....', 'root', Object(SensitiveParameterValue), Array)
#1 C:/Users/pathu/Desktop/puretec pos/vendor/laravel/framework/src/Illuminate/Database/Connectors/Connector.php(83): Illuminate/Database/Connectors/Connector->createPdoConnection('mysql:host=127....', 'root', '', Array)
#2 C:/Users/pathu/Desktop/puretec pos/vendor/laravel/framework/src/Illuminate/Database/Connectors/Connector.php(48): Illuminate/Database/Connectors/Connector->tryAgainIfCausedByLostConnection(Object(PDOException), 'mysql:host=127....', 'root', '', Array)
#3 C:/Users/pathu/Desktop/puretec pos/vendor/laravel/framework/src/Illuminate/Database/Connectors/MySqlConnector.php(24): Illuminate/Database/Connectors/Connector->createConnection('mysql:host=127....', Array, Array)
#4 C:/Users/pathu/Desktop/puretec pos/vendor/laravel/framework/src/Illuminate/Database/Connectors/ConnectionFactory.php(184): Illuminate/Database/Connectors/MySqlConnector->connect(Array)
#5 [internal function]: Illuminate/Database/Connectors/ConnectionFactory->Illuminate/Database/Connectors/{closure}()
#6 C:/Users/pathu/Desktop/puretec pos/vendor/laravel/framework/src/Illuminate/Database/Connection.php(1339): call_user_func(Object(Closure))
#7 C:/Users/pathu/Desktop/puretec pos/vendor/laravel/framework/src/Illuminate/Database/Connection.php(1375): Illuminate/Database/Connection->getPdo()
#8 C:/Users/pathu/Desktop/puretec pos/vendor/laravel/framework/src/Illuminate/Database/Connection.php(528): Illuminate/Database/Connection->getReadPdo()
#9 C:/Users/pathu/Desktop/puretec pos/vendor/laravel/framework/src/Illuminate/Database/Connection.php(423): Illuminate/Database/Connection->getPdoForSelect(true)
#10 C:/Users/pathu/Desktop/puretec pos/vendor/laravel/framework/src/Illuminate/Database/Connection.php(816): Illuminate/Database/Connection->Illuminate/Database/{closure}('select * from `...', Array)
#11 C:/Users/pathu/Desktop/puretec pos/vendor/laravel/framework/src/Illuminate/Database/Connection.php(983): Illuminate/Database/Connection->runQueryCallback('select * from `...', Array, Object(Closure))
#12 C:/Users/pathu/Desktop/puretec pos/vendor/laravel/framework/src/Illuminate/Database/Connection.php(962): Illuminate/Database/Connection->tryAgainIfCausedByLostConnection(Object(Illuminate/Database/QueryException), 'select * from `...', Array, Object(Closure))
#13 C:/Users/pathu/Desktop/puretec pos/vendor/laravel/framework/src/Illuminate/Database/Connection.php(785): Illuminate/Database/Connection->handleQueryException(Object(Illuminate/Database/QueryException), 'select * from `...', Array, Object(Closure))
#14 C:/Users/pathu/Desktop/puretec pos/vendor/laravel/framework/src/Illuminate/Database/Connection.php(414): Illuminate/Database/Connection->run('select * from `...', Array, Object(Closure))
#15 C:/Users/pathu/Desktop/puretec pos/vendor/laravel/framework/src/Illuminate/Database/Query/Builder.php(2913): Illuminate/Database/Connection->select('select * from `...', Array, true)
#16 C:/Users/pathu/Desktop/puretec pos/vendor/laravel/framework/src/Illuminate/Database/Query/Builder.php(2902): Illuminate/Database/Query/Builder->runSelect()
#17 C:/Users/pathu/Desktop/puretec pos/vendor/laravel/framework/src/Illuminate/Database/Query/Builder.php(3456): Illuminate/Database/Query/Builder->Illuminate/Database/Query/{closure}()
#18 C:/Users/pathu/Desktop/puretec pos/vendor/laravel/framework/src/Illuminate/Database/Query/Builder.php(2901): Illuminate/Database/Query/Builder->onceWithColumns(Array, Object(Closure))
#19 C:/Users/pathu/Desktop/puretec pos/vendor/laravel/framework/src/Illuminate/Database/Eloquent/Builder.php(739): Illuminate/Database/Query/Builder->get(Array)
#20 C:/Users/pathu/Desktop/puretec pos/vendor/laravel/framework/src/Illuminate/Database/Eloquent/Builder.php(723): Illuminate/Database/Eloquent/Builder->getModels(Array)
#21 C:/Users/pathu/Desktop/puretec pos/vendor/laravel/framework/src/Illuminate/Database/Concerns/BuildsQueries.php(333): Illuminate/Database/Eloquent/Builder->get(Array)
#22 C:/Users/pathu/Desktop/puretec pos/vendor/laravel/framework/src/Illuminate/Auth/EloquentUserProvider.php(139): Illuminate/Database/Eloquent/Builder->first()
#23 C:/Users/pathu/Desktop/puretec pos/vendor/laravel/framework/src/Illuminate/Auth/SessionGuard.php(381): Illuminate/Auth/EloquentUserProvider->retrieveByCredentials(Array)
#24 C:/Users/pathu/Desktop/puretec pos/vendor/laravel/framework/src/Illuminate/Auth/AuthManager.php(340): Illuminate/Auth/SessionGuard->attempt(Array, false)
#25 C:/Users/pathu/Desktop/puretec pos/vendor/laravel/framework/src/Illuminate/Support/Facades/Facade.php(355): Illuminate/Auth/AuthManager->__call('attempt', Array)
#26 C:/Users/pathu/Desktop/puretec pos/app/Http/Controllers/Auth/AuthController.php(27): Illuminate/Support/Facades/Facade::__callStatic('attempt', Array)
#27 C:/Users/pathu/Desktop/puretec pos/vendor/laravel/framework/src/Illuminate/Routing/Controller.php(54): App/Http/Controllers/Auth/AuthController->login(Object(Illuminate/Http/Request))
#28 C:/Users/pathu/Desktop/puretec pos/vendor/laravel/framework/src/Illuminate/Routing/ControllerDispatcher.php(43): Illuminate/Routing/Controller->callAction('login', Array)
#29 C:/Users/pathu/Desktop/puretec pos/vendor/laravel/framework/src/Illuminate/Routing/Route.php(259): Illuminate/Routing/ControllerDispatcher->dispatch(Object(Illuminate/Routing/Route), Object(App/Http/Controllers/Auth/AuthController), 'login')
#30 C:/Users/pathu/Desktop/puretec pos/vendor/laravel/framework/src/Illuminate/Routing/Route.php(205): Illuminate/Routing/Route->runController()
#31 C:/Users/pathu/Desktop/puretec pos/vendor/laravel/framework/src/Illuminate/Routing/Router.php(806): Illuminate/Routing/Route->run()
#32 C:/Users/pathu/Desktop/puretec pos/vendor/laravel/framework/src/Illuminate/Pipeline/Pipeline.php(144): Illuminate/Routing/Router->Illuminate/Routing/{closure}(Object(Illuminate/Http/Request))
#33 C:/Users/pathu/Desktop/puretec pos/app/Http/Middleware/RedirectIfAuthenticated.php(27): Illuminate/Pipeline/Pipeline->Illuminate/Pipeline/{closure}(Object(Illuminate/Http/Request))
#34 C:/Users/pathu/Desktop/puretec pos/vendor/laravel/framework/src/Illuminate/Pipeline/Pipeline.php(183): App/Http/Middleware/RedirectIfAuthenticated->handle(Object(Illuminate/Http/Request), Object(Closure))
#35 C:/Users/pathu/Desktop/puretec pos/vendor/laravel/framework/src/Illuminate/Routing/Middleware/SubstituteBindings.php(50): Illuminate/Pipeline/Pipeline->Illuminate/Pipeline/{closure}(Object(Illuminate/Http/Request))
#36 C:/Users/pathu/Desktop/puretec pos/vendor/laravel/framework/src/Illuminate/Pipeline/Pipeline.php(183): Illuminate/Routing/Middleware/SubstituteBindings->handle(Object(Illuminate/Http/Request), Object(Closure))
#37 C:/Users/pathu/Desktop/puretec pos/vendor/laravel/framework/src/Illuminate/Foundation/Http/Middleware/VerifyCsrfToken.php(78): Illuminate/Pipeline/Pipeline->Illuminate/Pipeline/{closure}(Object(Illuminate/Http/Request))
#38 C:/Users/pathu/Desktop/puretec pos/vendor/laravel/framework/src/Illuminate/Pipeline/Pipeline.php(183): Illuminate/Foundation/Http/Middleware/VerifyCsrfToken->handle(Object(Illuminate/Http/Request), Object(Closure))
#39 C:/Users/pathu/Desktop/puretec pos/vendor/laravel/framework/src/Illuminate/View/Middleware/ShareErrorsFromSession.php(49): Illuminate/Pipeline/Pipeline->Illuminate/Pipeline/{closure}(Object(Illuminate/Http/Request))
#40 C:/Users/pathu/Desktop/puretec pos/vendor/laravel/framework/src/Illuminate/Pipeline/Pipeline.php(183): Illuminate/View/Middleware/ShareErrorsFromSession->handle(Object(Illuminate/Http/Request), Object(Closure))
#41 C:/Users/pathu/Desktop/puretec pos/vendor/laravel/framework/src/Illuminate/Session/Middleware/StartSession.php(121): Illuminate/Pipeline/Pipeline->Illuminate/Pipeline/{closure}(Object(Illuminate/Http/Request))
#42 C:/Users/pathu/Desktop/puretec pos/vendor/laravel/framework/src/Illuminate/Session/Middleware/StartSession.php(64): Illuminate/Session/Middleware/StartSession->handleStatefulRequest(Object(Illuminate/Http/Request), Object(Illuminate/Session/Store), Object(Closure))
#43 C:/Users/pathu/Desktop/puretec pos/vendor/laravel/framework/src/Illuminate/Pipeline/Pipeline.php(183): Illuminate/Session/Middleware/StartSession->handle(Object(Illuminate/Http/Request), Object(Closure))
#44 C:/Users/pathu/Desktop/puretec pos/vendor/laravel/framework/src/Illuminate/Cookie/Middleware/AddQueuedCookiesToResponse.php(37): Illuminate/Pipeline/Pipeline->Illuminate/Pipeline/{closure}(Object(Illuminate/Http/Request))
#45 C:/Users/pathu/Desktop/puretec pos/vendor/laravel/framework/src/Illuminate/Pipeline/Pipeline.php(183): Illuminate/Cookie/Middleware/AddQueuedCookiesToResponse->handle(Object(Illuminate/Http/Request), Object(Closure))
#46 C:/Users/pathu/Desktop/puretec pos/vendor/laravel/framework/src/Illuminate/Cookie/Middleware/EncryptCookies.php(67): Illuminate/Pipeline/Pipeline->Illuminate/Pipeline/{closure}(Object(Illuminate/Http/Request))
#47 C:/Users/pathu/Desktop/puretec pos/vendor/laravel/framework/src/Illuminate/Pipeline/Pipeline.php(183): Illuminate/Cookie/Middleware/EncryptCookies->handle(Object(Illuminate/Http/Request), Object(Closure))
#48 C:/Users/pathu/Desktop/puretec pos/vendor/laravel/framework/src/Illuminate/Pipeline/Pipeline.php(119): Illuminate/Pipeline/Pipeline->Illuminate/Pipeline/{closure}(Object(Illuminate/Http/Request))
#49 C:/Users/pathu/Desktop/puretec pos/vendor/laravel/framework/src/Illuminate/Routing/Router.php(805): Illuminate/Pipeline/Pipeline->then(Object(Closure))
#50 C:/Users/pathu/Desktop/puretec pos/vendor/laravel/framework/src/Illuminate/Routing/Router.php(784): Illuminate/Routing/Router->runRouteWithinStack(Object(Illuminate/Routing/Route), Object(Illuminate/Http/Request))
#51 C:/Users/pathu/Desktop/puretec pos/vendor/laravel/framework/src/Illuminate/Routing/Router.php(748): Illuminate/Routing/Router->runRoute(Object(Illuminate/Http/Request), Object(Illuminate/Routing/Route))
#52 C:/Users/pathu/Desktop/puretec pos/vendor/laravel/framework/src/Illuminate/Routing/Router.php(737): Illuminate/Routing/Router->dispatchToRoute(Object(Illuminate/Http/Request))
#53 C:/Users/pathu/Desktop/puretec pos/vendor/laravel/framework/src/Illuminate/Foundation/Http/Kernel.php(200): Illuminate/Routing/Router->dispatch(Object(Illuminate/Http/Request))
#54 C:/Users/pathu/Desktop/puretec pos/vendor/laravel/framework/src/Illuminate/Pipeline/Pipeline.php(144): Illuminate/Foundation/Http/Kernel->Illuminate/Foundation/Http/{closure}(Object(Illuminate/Http/Request))
#55 C:/Users/pathu/Desktop/puretec pos/vendor/laravel/framework/src/Illuminate/Foundation/Http/Middleware/TransformsRequest.php(21): Illuminate/Pipeline/Pipeline->Illuminate/Pipeline/{closure}(Object(Illuminate/Http/Request))
#56 C:/Users/pathu/Desktop/puretec pos/vendor/laravel/framework/src/Illuminate/Foundation/Http/Middleware/ConvertEmptyStringsToNull.php(31): Illuminate/Foundation/Http/Middleware/TransformsRequest->handle(Object(Illuminate/Http/Request), Object(Closure))
#57 C:/Users/pathu/Desktop/puretec pos/vendor/laravel/framework/src/Illuminate/Pipeline/Pipeline.php(183): Illuminate/Foundation/Http/Middleware/ConvertEmptyStringsToNull->handle(Object(Illuminate/Http/Request), Object(Closure))
#58 C:/Users/pathu/Desktop/puretec pos/vendor/laravel/framework/src/Illuminate/Foundation/Http/Middleware/ValidatePostSize.php(27): Illuminate/Pipeline/Pipeline->Illuminate/Pipeline/{closure}(Object(Illuminate/Http/Request))
#59 C:/Users/pathu/Desktop/puretec pos/vendor/laravel/framework/src/Illuminate/Pipeline/Pipeline.php(183): Illuminate/Foundation/Http/Middleware/ValidatePostSize->handle(Object(Illuminate/Http/Request), Object(Closure))
#60 C:/Users/pathu/Desktop/puretec pos/vendor/laravel/framework/src/Illuminate/Http/Middleware/HandleCors.php(49): Illuminate/Pipeline/Pipeline->Illuminate/Pipeline/{closure}(Object(Illuminate/Http/Request))
#61 C:/Users/pathu/Desktop/puretec pos/vendor/laravel/framework/src/Illuminate/Pipeline/Pipeline.php(183): Illuminate/Http/Middleware/HandleCors->handle(Object(Illuminate/Http/Request), Object(Closure))
#62 C:/Users/pathu/Desktop/puretec pos/vendor/laravel/framework/src/Illuminate/Pipeline/Pipeline.php(119): Illuminate/Pipeline/Pipeline->Illuminate/Pipeline/{closure}(Object(Illuminate/Http/Request))
#63 C:/Users/pathu/Desktop/puretec pos/vendor/laravel/framework/src/Illuminate/Foundation/Http/Kernel.php(175): Illuminate/Pipeline/Pipeline->then(Object(Closure))
#64 C:/Users/pathu/Desktop/puretec pos/vendor/laravel/framework/src/Illuminate/Foundation/Http/Kernel.php(144): Illuminate/Foundation/Http/Kernel->sendRequestThroughRouter(Object(Illuminate/Http/Request))
#65 C:/Users/pathu/Desktop/puretec pos/public/index.php(36): Illuminate/Foundation/Http/Kernel->handle(Object(Illuminate/Http/Request))
#66 C:/Users/pathu/Desktop/puretec pos/vendor/laravel/framework/src/Illuminate/Foundation/resources/server.php(16): require_once('C://Users//pathu//...')
#67 {main}
"} 
[2026-06-18 10:03:25] local.ERROR: SQLSTATE[HY000] [2002] No connection could be made because the target machine actively refused it (Connection: mysql, SQL: select * from `users` where `email` = admin@purepos.lk and `is_active` = 1 and `users`.`deleted_at` is null limit 1) {"exception":"[object] (Illuminate\\Database\\QueryException(code: 2002): SQLSTATE[HY000] [2002] No connection could be made because the target machine actively refused it (Connection: mysql, SQL: select * from `users` where `email` = admin@purepos.lk and `is_active` = 1 and `users`.`deleted_at` is null limit 1) at C:/Users/pathu/Desktop/puretec pos/vendor/laravel/framework/src/Illuminate/Database/Connection.php:829)
[stacktrace]
#0 C:/Users/pathu/Desktop/puretec pos/vendor/laravel/framework/src/Illuminate/Database/Connection.php(983): Illuminate/Database/Connection->runQueryCallback('select * from `...', Array, Object(Closure))
#1 C:/Users/pathu/Desktop/puretec pos/vendor/laravel/framework/src/Illuminate/Database/Connection.php(962): Illuminate/Database/Connection->tryAgainIfCausedByLostConnection(Object(Illuminate/Database/QueryException), 'select * from `...', Array, Object(Closure))
#2 C:/Users/pathu/Desktop/puretec pos/vendor/laravel/framework/src/Illuminate/Database/Connection.php(785): Illuminate/Database/Connection->handleQueryException(Object(Illuminate/Database/QueryException), 'select * from `...', Array, Object(Closure))
#3 C:/Users/pathu/Desktop/puretec pos/vendor/laravel/framework/src/Illuminate/Database/Connection.php(414): Illuminate/Database/Connection->run('select * from `...', Array, Object(Closure))
#4 C:/Users/pathu/Desktop/puretec pos/vendor/laravel/framework/src/Illuminate/Database/Query/Builder.php(2913): Illuminate/Database/Connection->select('select * from `...', Array, true)
#5 C:/Users/pathu/Desktop/puretec pos/vendor/laravel/framework/src/Illuminate/Database/Query/Builder.php(2902): Illuminate/Database/Query/Builder->runSelect()
#6 C:/Users/pathu/Desktop/puretec pos/vendor/laravel/framework/src/Illuminate/Database/Query/Builder.php(3456): Illuminate/Database/Query/Builder->Illuminate/Database/Query/{closure}()
#7 C:/Users/pathu/Desktop/puretec pos/vendor/laravel/framework/src/Illuminate/Database/Query/Builder.php(2901): Illuminate/Database/Query/Builder->onceWithColumns(Array, Object(Closure))
#8 C:/Users/pathu/Desktop/puretec pos/vendor/laravel/framework/src/Illuminate/Database/Eloquent/Builder.php(739): Illuminate/Database/Query/Builder->get(Array)
#9 C:/Users/pathu/Desktop/puretec pos/vendor/laravel/framework/src/Illuminate/Database/Eloquent/Builder.php(723): Illuminate/Database/Eloquent/Builder->getModels(Array)
#10 C:/Users/pathu/Desktop/puretec pos/vendor/laravel/framework/src/Illuminate/Database/Concerns/BuildsQueries.php(333): Illuminate/Database/Eloquent/Builder->get(Array)
#11 C:/Users/pathu/Desktop/puretec pos/vendor/laravel/framework/src/Illuminate/Auth/EloquentUserProvider.php(139): Illuminate/Database/Eloquent/Builder->first()
#12 C:/Users/pathu/Desktop/puretec pos/vendor/laravel/framework/src/Illuminate/Auth/SessionGuard.php(381): Illuminate/Auth/EloquentUserProvider->retrieveByCredentials(Array)
#13 C:/Users/pathu/Desktop/puretec pos/vendor/laravel/framework/src/Illuminate/Auth/AuthManager.php(340): Illuminate/Auth/SessionGuard->attempt(Array, false)
#14 C:/Users/pathu/Desktop/puretec pos/vendor/laravel/framework/src/Illuminate/Support/Facades/Facade.php(355): Illuminate/Auth/AuthManager->__call('attempt', Array)
#15 C:/Users/pathu/Desktop/puretec pos/app/Http/Controllers/Auth/AuthController.php(27): Illuminate/Support/Facades/Facade::__callStatic('attempt', Array)
#16 C:/Users/pathu/Desktop/puretec pos/vendor/laravel/framework/src/Illuminate/Routing/Controller.php(54): App/Http/Controllers/Auth/AuthController->login(Object(Illuminate/Http/Request))
#17 C:/Users/pathu/Desktop/puretec pos/vendor/laravel/framework/src/Illuminate/Routing/ControllerDispatcher.php(43): Illuminate/Routing/Controller->callAction('login', Array)
#18 C:/Users/pathu/Desktop/puretec pos/vendor/laravel/framework/src/Illuminate/Routing/Route.php(259): Illuminate/Routing/ControllerDispatcher->dispatch(Object(Illuminate/Routing/Route), Object(App/Http/Controllers/Auth/AuthController), 'login')
#19 C:/Users/pathu/Desktop/puretec pos/vendor/laravel/framework/src/Illuminate/Routing/Route.php(205): Illuminate/Routing/Route->runController()
#20 C:/Users/pathu/Desktop/puretec pos/vendor/laravel/framework/src/Illuminate/Routing/Router.php(806): Illuminate/Routing/Route->run()
#21 C:/Users/pathu/Desktop/puretec pos/vendor/laravel/framework/src/Illuminate/Pipeline/Pipeline.php(144): Illuminate/Routing/Router->Illuminate/Routing/{closure}(Object(Illuminate/Http/Request))
#22 C:/Users/pathu/Desktop/puretec pos/app/Http/Middleware/RedirectIfAuthenticated.php(27): Illuminate/Pipeline/Pipeline->Illuminate/Pipeline/{closure}(Object(Illuminate/Http/Request))
#23 C:/Users/pathu/Desktop/puretec pos/vendor/laravel/framework/src/Illuminate/Pipeline/Pipeline.php(183): App/Http/Middleware/RedirectIfAuthenticated->handle(Object(Illuminate/Http/Request), Object(Closure))
#24 C:/Users/pathu/Desktop/puretec pos/vendor/laravel/framework/src/Illuminate/Routing/Middleware/SubstituteBindings.php(50): Illuminate/Pipeline/Pipeline->Illuminate/Pipeline/{closure}(Object(Illuminate/Http/Request))
#25 C:/Users/pathu/Desktop/puretec pos/vendor/laravel/framework/src/Illuminate/Pipeline/Pipeline.php(183): Illuminate/Routing/Middleware/SubstituteBindings->handle(Object(Illuminate/Http/Request), Object(Closure))
#26 C:/Users/pathu/Desktop/puretec pos/vendor/laravel/framework/src/Illuminate/Foundation/Http/Middleware/VerifyCsrfToken.php(78): Illuminate/Pipeline/Pipeline->Illuminate/Pipeline/{closure}(Object(Illuminate/Http/Request))
#27 C:/Users/pathu/Desktop/puretec pos/vendor/laravel/framework/src/Illuminate/Pipeline/Pipeline.php(183): Illuminate/Foundation/Http/Middleware/VerifyCsrfToken->handle(Object(Illuminate/Http/Request), Object(Closure))
#28 C:/Users/pathu/Desktop/puretec pos/vendor/laravel/framework/src/Illuminate/View/Middleware/ShareErrorsFromSession.php(49): Illuminate/Pipeline/Pipeline->Illuminate/Pipeline/{closure}(Object(Illuminate/Http/Request))
#29 C:/Users/pathu/Desktop/puretec pos/vendor/laravel/framework/src/Illuminate/Pipeline/Pipeline.php(183): Illuminate/View/Middleware/ShareErrorsFromSession->handle(Object(Illuminate/Http/Request), Object(Closure))
#30 C:/Users/pathu/Desktop/puretec pos/vendor/laravel/framework/src/Illuminate/Session/Middleware/StartSession.php(121): Illuminate/Pipeline/Pipeline->Illuminate/Pipeline/{closure}(Object(Illuminate/Http/Request))
#31 C:/Users/pathu/Desktop/puretec pos/vendor/laravel/framework/src/Illuminate/Session/Middleware/StartSession.php(64): Illuminate/Session/Middleware/StartSession->handleStatefulRequest(Object(Illuminate/Http/Request), Object(Illuminate/Session/Store), Object(Closure))
#32 C:/Users/pathu/Desktop/puretec pos/vendor/laravel/framework/src/Illuminate/Pipeline/Pipeline.php(183): Illuminate/Session/Middleware/StartSession->handle(Object(Illuminate/Http/Request), Object(Closure))
#33 C:/Users/pathu/Desktop/puretec pos/vendor/laravel/framework/src/Illuminate/Cookie/Middleware/AddQueuedCookiesToResponse.php(37): Illuminate/Pipeline/Pipeline->Illuminate/Pipeline/{closure}(Object(Illuminate/Http/Request))
#34 C:/Users/pathu/Desktop/puretec pos/vendor/laravel/framework/src/Illuminate/Pipeline/Pipeline.php(183): Illuminate/Cookie/Middleware/AddQueuedCookiesToResponse->handle(Object(Illuminate/Http/Request), Object(Closure))
#35 C:/Users/pathu/Desktop/puretec pos/vendor/laravel/framework/src/Illuminate/Cookie/Middleware/EncryptCookies.php(67): Illuminate/Pipeline/Pipeline->Illuminate/Pipeline/{closure}(Object(Illuminate/Http/Request))
#36 C:/Users/pathu/Desktop/puretec pos/vendor/laravel/framework/src/Illuminate/Pipeline/Pipeline.php(183): Illuminate/Cookie/Middleware/EncryptCookies->handle(Object(Illuminate/Http/Request), Object(Closure))
#37 C:/Users/pathu/Desktop/puretec pos/vendor/laravel/framework/src/Illuminate/Pipeline/Pipeline.php(119): Illuminate/Pipeline/Pipeline->Illuminate/Pipeline/{closure}(Object(Illuminate/Http/Request))
#38 C:/Users/pathu/Desktop/puretec pos/vendor/laravel/framework/src/Illuminate/Routing/Router.php(805): Illuminate/Pipeline/Pipeline->then(Object(Closure))
#39 C:/Users/pathu/Desktop/puretec pos/vendor/laravel/framework/src/Illuminate/Routing/Router.php(784): Illuminate/Routing/Router->runRouteWithinStack(Object(Illuminate/Routing/Route), Object(Illuminate/Http/Request))
#40 C:/Users/pathu/Desktop/puretec pos/vendor/laravel/framework/src/Illuminate/Routing/Router.php(748): Illuminate/Routing/Router->runRoute(Object(Illuminate/Http/Request), Object(Illuminate/Routing/Route))
#41 C:/Users/pathu/Desktop/puretec pos/vendor/laravel/framework/src/Illuminate/Routing/Router.php(737): Illuminate/Routing/Router->dispatchToRoute(Object(Illuminate/Http/Request))
#42 C:/Users/pathu/Desktop/puretec pos/vendor/laravel/framework/src/Illuminate/Foundation/Http/Kernel.php(200): Illuminate/Routing/Router->dispatch(Object(Illuminate/Http/Request))
#43 C:/Users/pathu/Desktop/puretec pos/vendor/laravel/framework/src/Illuminate/Pipeline/Pipeline.php(144): Illuminate/Foundation/Http/Kernel->Illuminate/Foundation/Http/{closure}(Object(Illuminate/Http/Request))
#44 C:/Users/pathu/Desktop/puretec pos/vendor/laravel/framework/src/Illuminate/Foundation/Http/Middleware/TransformsRequest.php(21): Illuminate/Pipeline/Pipeline->Illuminate/Pipeline/{closure}(Object(Illuminate/Http/Request))
#45 C:/Users/pathu/Desktop/puretec pos/vendor/laravel/framework/src/Illuminate/Foundation/Http/Middleware/ConvertEmptyStringsToNull.php(31): Illuminate/Foundation/Http/Middleware/TransformsRequest->handle(Object(Illuminate/Http/Request), Object(Closure))
#46 C:/Users/pathu/Desktop/puretec pos/vendor/laravel/framework/src/Illuminate/Pipeline/Pipeline.php(183): Illuminate/Foundation/Http/Middleware/ConvertEmptyStringsToNull->handle(Object(Illuminate/Http/Request), Object(Closure))
#47 C:/Users/pathu/Desktop/puretec pos/vendor/laravel/framework/src/Illuminate/Foundation/Http/Middleware/ValidatePostSize.php(27): Illuminate/Pipeline/Pipeline->Illuminate/Pipeline/{closure}(Object(Illuminate/Http/Request))
#48 C:/Users/pathu/Desktop/puretec pos/vendor/laravel/framework/src/Illuminate/Pipeline/Pipeline.php(183): Illuminate/Foundation/Http/Middleware/ValidatePostSize->handle(Object(Illuminate/Http/Request), Object(Closure))
#49 C:/Users/pathu/Desktop/puretec pos/vendor/laravel/framework/src/Illuminate/Http/Middleware/HandleCors.php(49): Illuminate/Pipeline/Pipeline->Illuminate/Pipeline/{closure}(Object(Illuminate/Http/Request))
#50 C:/Users/pathu/Desktop/puretec pos/vendor/laravel/framework/src/Illuminate/Pipeline/Pipeline.php(183): Illuminate/Http/Middleware/HandleCors->handle(Object(Illuminate/Http/Request), Object(Closure))
#51 C:/Users/pathu/Desktop/puretec pos/vendor/laravel/framework/src/Illuminate/Pipeline/Pipeline.php(119): Illuminate/Pipeline/Pipeline->Illuminate/Pipeline/{closure}(Object(Illuminate/Http/Request))
#52 C:/Users/pathu/Desktop/puretec pos/vendor/laravel/framework/src/Illuminate/Foundation/Http/Kernel.php(175): Illuminate/Pipeline/Pipeline->then(Object(Closure))
#53 C:/Users/pathu/Desktop/puretec pos/vendor/laravel/framework/src/Illuminate/Foundation/Http/Kernel.php(144): Illuminate/Foundation/Http/Kernel->sendRequestThroughRouter(Object(Illuminate/Http/Request))
#54 C:/Users/pathu/Desktop/puretec pos/public/index.php(36): Illuminate/Foundation/Http/Kernel->handle(Object(Illuminate/Http/Request))
#55 C:/Users/pathu/Desktop/puretec pos/vendor/laravel/framework/src/Illuminate/Foundation/resources/server.php(16): require_once('C://Users//pathu//...')
#56 {main}

[previous exception] [object] (PDOException(code: 2002): SQLSTATE[HY000] [2002] No connection could be made because the target machine actively refused it at C:/Users/pathu/Desktop/puretec pos/vendor/laravel/framework/src/Illuminate/Database/Connectors/Connector.php:65)
[stacktrace]
#0 C:/Users/pathu/Desktop/puretec pos/vendor/laravel/framework/src/Illuminate/Database/Connectors/Connector.php(65): PDO->__construct('mysql:host=127....', 'root', Object(SensitiveParameterValue), Array)
#1 C:/Users/pathu/Desktop/puretec pos/vendor/laravel/framework/src/Illuminate/Database/Connectors/Connector.php(83): Illuminate/Database/Connectors/Connector->createPdoConnection('mysql:host=127....', 'root', '', Array)
#2 C:/Users/pathu/Desktop/puretec pos/vendor/laravel/framework/src/Illuminate/Database/Connectors/Connector.php(48): Illuminate/Database/Connectors/Connector->tryAgainIfCausedByLostConnection(Object(PDOException), 'mysql:host=127....', 'root', '', Array)
#3 C:/Users/pathu/Desktop/puretec pos/vendor/laravel/framework/src/Illuminate/Database/Connectors/MySqlConnector.php(24): Illuminate/Database/Connectors/Connector->createConnection('mysql:host=127....', Array, Array)
#4 C:/Users/pathu/Desktop/puretec pos/vendor/laravel/framework/src/Illuminate/Database/Connectors/ConnectionFactory.php(184): Illuminate/Database/Connectors/MySqlConnector->connect(Array)
#5 [internal function]: Illuminate/Database/Connectors/ConnectionFactory->Illuminate/Database/Connectors/{closure}()
#6 C:/Users/pathu/Desktop/puretec pos/vendor/laravel/framework/src/Illuminate/Database/Connection.php(1339): call_user_func(Object(Closure))
#7 C:/Users/pathu/Desktop/puretec pos/vendor/laravel/framework/src/Illuminate/Database/Connection.php(1375): Illuminate/Database/Connection->getPdo()
#8 C:/Users/pathu/Desktop/puretec pos/vendor/laravel/framework/src/Illuminate/Database/Connection.php(528): Illuminate/Database/Connection->getReadPdo()
#9 C:/Users/pathu/Desktop/puretec pos/vendor/laravel/framework/src/Illuminate/Database/Connection.php(423): Illuminate/Database/Connection->getPdoForSelect(true)
#10 C:/Users/pathu/Desktop/puretec pos/vendor/laravel/framework/src/Illuminate/Database/Connection.php(816): Illuminate/Database/Connection->Illuminate/Database/{closure}('select * from `...', Array)
#11 C:/Users/pathu/Desktop/puretec pos/vendor/laravel/framework/src/Illuminate/Database/Connection.php(983): Illuminate/Database/Connection->runQueryCallback('select * from `...', Array, Object(Closure))
#12 C:/Users/pathu/Desktop/puretec pos/vendor/laravel/framework/src/Illuminate/Database/Connection.php(962): Illuminate/Database/Connection->tryAgainIfCausedByLostConnection(Object(Illuminate/Database/QueryException), 'select * from `...', Array, Object(Closure))
#13 C:/Users/pathu/Desktop/puretec pos/vendor/laravel/framework/src/Illuminate/Database/Connection.php(785): Illuminate/Database/Connection->handleQueryException(Object(Illuminate/Database/QueryException), 'select * from `...', Array, Object(Closure))
#14 C:/Users/pathu/Desktop/puretec pos/vendor/laravel/framework/src/Illuminate/Database/Connection.php(414): Illuminate/Database/Connection->run('select * from `...', Array, Object(Closure))
#15 C:/Users/pathu/Desktop/puretec pos/vendor/laravel/framework/src/Illuminate/Database/Query/Builder.php(2913): Illuminate/Database/Connection->select('select * from `...', Array, true)
#16 C:/Users/pathu/Desktop/puretec pos/vendor/laravel/framework/src/Illuminate/Database/Query/Builder.php(2902): Illuminate/Database/Query/Builder->runSelect()
#17 C:/Users/pathu/Desktop/puretec pos/vendor/laravel/framework/src/Illuminate/Database/Query/Builder.php(3456): Illuminate/Database/Query/Builder->Illuminate/Database/Query/{closure}()
#18 C:/Users/pathu/Desktop/puretec pos/vendor/laravel/framework/src/Illuminate/Database/Query/Builder.php(2901): Illuminate/Database/Query/Builder->onceWithColumns(Array, Object(Closure))
#19 C:/Users/pathu/Desktop/puretec pos/vendor/laravel/framework/src/Illuminate/Database/Eloquent/Builder.php(739): Illuminate/Database/Query/Builder->get(Array)
#20 C:/Users/pathu/Desktop/puretec pos/vendor/laravel/framework/src/Illuminate/Database/Eloquent/Builder.php(723): Illuminate/Database/Eloquent/Builder->getModels(Array)
#21 C:/Users/pathu/Desktop/puretec pos/vendor/laravel/framework/src/Illuminate/Database/Concerns/BuildsQueries.php(333): Illuminate/Database/Eloquent/Builder->get(Array)
#22 C:/Users/pathu/Desktop/puretec pos/vendor/laravel/framework/src/Illuminate/Auth/EloquentUserProvider.php(139): Illuminate/Database/Eloquent/Builder->first()
#23 C:/Users/pathu/Desktop/puretec pos/vendor/laravel/framework/src/Illuminate/Auth/SessionGuard.php(381): Illuminate/Auth/EloquentUserProvider->retrieveByCredentials(Array)
#24 C:/Users/pathu/Desktop/puretec pos/vendor/laravel/framework/src/Illuminate/Auth/AuthManager.php(340): Illuminate/Auth/SessionGuard->attempt(Array, false)
#25 C:/Users/pathu/Desktop/puretec pos/vendor/laravel/framework/src/Illuminate/Support/Facades/Facade.php(355): Illuminate/Auth/AuthManager->__call('attempt', Array)
#26 C:/Users/pathu/Desktop/puretec pos/app/Http/Controllers/Auth/AuthController.php(27): Illuminate/Support/Facades/Facade::__callStatic('attempt', Array)
#27 C:/Users/pathu/Desktop/puretec pos/vendor/laravel/framework/src/Illuminate/Routing/Controller.php(54): App/Http/Controllers/Auth/AuthController->login(Object(Illuminate/Http/Request))
#28 C:/Users/pathu/Desktop/puretec pos/vendor/laravel/framework/src/Illuminate/Routing/ControllerDispatcher.php(43): Illuminate/Routing/Controller->callAction('login', Array)
#29 C:/Users/pathu/Desktop/puretec pos/vendor/laravel/framework/src/Illuminate/Routing/Route.php(259): Illuminate/Routing/ControllerDispatcher->dispatch(Object(Illuminate/Routing/Route), Object(App/Http/Controllers/Auth/AuthController), 'login')
#30 C:/Users/pathu/Desktop/puretec pos/vendor/laravel/framework/src/Illuminate/Routing/Route.php(205): Illuminate/Routing/Route->runController()
#31 C:/Users/pathu/Desktop/puretec pos/vendor/laravel/framework/src/Illuminate/Routing/Router.php(806): Illuminate/Routing/Route->run()
#32 C:/Users/pathu/Desktop/puretec pos/vendor/laravel/framework/src/Illuminate/Pipeline/Pipeline.php(144): Illuminate/Routing/Router->Illuminate/Routing/{closure}(Object(Illuminate/Http/Request))
#33 C:/Users/pathu/Desktop/puretec pos/app/Http/Middleware/RedirectIfAuthenticated.php(27): Illuminate/Pipeline/Pipeline->Illuminate/Pipeline/{closure}(Object(Illuminate/Http/Request))
#34 C:/Users/pathu/Desktop/puretec pos/vendor/laravel/framework/src/Illuminate/Pipeline/Pipeline.php(183): App/Http/Middleware/RedirectIfAuthenticated->handle(Object(Illuminate/Http/Request), Object(Closure))
#35 C:/Users/pathu/Desktop/puretec pos/vendor/laravel/framework/src/Illuminate/Routing/Middleware/SubstituteBindings.php(50): Illuminate/Pipeline/Pipeline->Illuminate/Pipeline/{closure}(Object(Illuminate/Http/Request))
#36 C:/Users/pathu/Desktop/puretec pos/vendor/laravel/framework/src/Illuminate/Pipeline/Pipeline.php(183): Illuminate/Routing/Middleware/SubstituteBindings->handle(Object(Illuminate/Http/Request), Object(Closure))
#37 C:/Users/pathu/Desktop/puretec pos/vendor/laravel/framework/src/Illuminate/Foundation/Http/Middleware/VerifyCsrfToken.php(78): Illuminate/Pipeline/Pipeline->Illuminate/Pipeline/{closure}(Object(Illuminate/Http/Request))
#38 C:/Users/pathu/Desktop/puretec pos/vendor/laravel/framework/src/Illuminate/Pipeline/Pipeline.php(183): Illuminate/Foundation/Http/Middleware/VerifyCsrfToken->handle(Object(Illuminate/Http/Request), Object(Closure))
#39 C:/Users/pathu/Desktop/puretec pos/vendor/laravel/framework/src/Illuminate/View/Middleware/ShareErrorsFromSession.php(49): Illuminate/Pipeline/Pipeline->Illuminate/Pipeline/{closure}(Object(Illuminate/Http/Request))
#40 C:/Users/pathu/Desktop/puretec pos/vendor/laravel/framework/src/Illuminate/Pipeline/Pipeline.php(183): Illuminate/View/Middleware/ShareErrorsFromSession->handle(Object(Illuminate/Http/Request), Object(Closure))
#41 C:/Users/pathu/Desktop/puretec pos/vendor/laravel/framework/src/Illuminate/Session/Middleware/StartSession.php(121): Illuminate/Pipeline/Pipeline->Illuminate/Pipeline/{closure}(Object(Illuminate/Http/Request))
#42 C:/Users/pathu/Desktop/puretec pos/vendor/laravel/framework/src/Illuminate/Session/Middleware/StartSession.php(64): Illuminate/Session/Middleware/StartSession->handleStatefulRequest(Object(Illuminate/Http/Request), Object(Illuminate/Session/Store), Object(Closure))
#43 C:/Users/pathu/Desktop/puretec pos/vendor/laravel/framework/src/Illuminate/Pipeline/Pipeline.php(183): Illuminate/Session/Middleware/StartSession->handle(Object(Illuminate/Http/Request), Object(Closure))
#44 C:/Users/pathu/Desktop/puretec pos/vendor/laravel/framework/src/Illuminate/Cookie/Middleware/AddQueuedCookiesToResponse.php(37): Illuminate/Pipeline/Pipeline->Illuminate/Pipeline/{closure}(Object(Illuminate/Http/Request))
#45 C:/Users/pathu/Desktop/puretec pos/vendor/laravel/framework/src/Illuminate/Pipeline/Pipeline.php(183): Illuminate/Cookie/Middleware/AddQueuedCookiesToResponse->handle(Object(Illuminate/Http/Request), Object(Closure))
#46 C:/Users/pathu/Desktop/puretec pos/vendor/laravel/framework/src/Illuminate/Cookie/Middleware/EncryptCookies.php(67): Illuminate/Pipeline/Pipeline->Illuminate/Pipeline/{closure}(Object(Illuminate/Http/Request))
#47 C:/Users/pathu/Desktop/puretec pos/vendor/laravel/framework/src/Illuminate/Pipeline/Pipeline.php(183): Illuminate/Cookie/Middleware/EncryptCookies->handle(Object(Illuminate/Http/Request), Object(Closure))
#48 C:/Users/pathu/Desktop/puretec pos/vendor/laravel/framework/src/Illuminate/Pipeline/Pipeline.php(119): Illuminate/Pipeline/Pipeline->Illuminate/Pipeline/{closure}(Object(Illuminate/Http/Request))
#49 C:/Users/pathu/Desktop/puretec pos/vendor/laravel/framework/src/Illuminate/Routing/Router.php(805): Illuminate/Pipeline/Pipeline->then(Object(Closure))
#50 C:/Users/pathu/Desktop/puretec pos/vendor/laravel/framework/src/Illuminate/Routing/Router.php(784): Illuminate/Routing/Router->runRouteWithinStack(Object(Illuminate/Routing/Route), Object(Illuminate/Http/Request))
#51 C:/Users/pathu/Desktop/puretec pos/vendor/laravel/framework/src/Illuminate/Routing/Router.php(748): Illuminate/Routing/Router->runRoute(Object(Illuminate/Http/Request), Object(Illuminate/Routing/Route))
#52 C:/Users/pathu/Desktop/puretec pos/vendor/laravel/framework/src/Illuminate/Routing/Router.php(737): Illuminate/Routing/Router->dispatchToRoute(Object(Illuminate/Http/Request))
#53 C:/Users/pathu/Desktop/puretec pos/vendor/laravel/framework/src/Illuminate/Foundation/Http/Kernel.php(200): Illuminate/Routing/Router->dispatch(Object(Illuminate/Http/Request))
#54 C:/Users/pathu/Desktop/puretec pos/vendor/laravel/framework/src/Illuminate/Pipeline/Pipeline.php(144): Illuminate/Foundation/Http/Kernel->Illuminate/Foundation/Http/{closure}(Object(Illuminate/Http/Request))
#55 C:/Users/pathu/Desktop/puretec pos/vendor/laravel/framework/src/Illuminate/Foundation/Http/Middleware/TransformsRequest.php(21): Illuminate/Pipeline/Pipeline->Illuminate/Pipeline/{closure}(Object(Illuminate/Http/Request))
#56 C:/Users/pathu/Desktop/puretec pos/vendor/laravel/framework/src/Illuminate/Foundation/Http/Middleware/ConvertEmptyStringsToNull.php(31): Illuminate/Foundation/Http/Middleware/TransformsRequest->handle(Object(Illuminate/Http/Request), Object(Closure))
#57 C:/Users/pathu/Desktop/puretec pos/vendor/laravel/framework/src/Illuminate/Pipeline/Pipeline.php(183): Illuminate/Foundation/Http/Middleware/ConvertEmptyStringsToNull->handle(Object(Illuminate/Http/Request), Object(Closure))
#58 C:/Users/pathu/Desktop/puretec pos/vendor/laravel/framework/src/Illuminate/Foundation/Http/Middleware/ValidatePostSize.php(27): Illuminate/Pipeline/Pipeline->Illuminate/Pipeline/{closure}(Object(Illuminate/Http/Request))
#59 C:/Users/pathu/Desktop/puretec pos/vendor/laravel/framework/src/Illuminate/Pipeline/Pipeline.php(183): Illuminate/Foundation/Http/Middleware/ValidatePostSize->handle(Object(Illuminate/Http/Request), Object(Closure))
#60 C:/Users/pathu/Desktop/puretec pos/vendor/laravel/framework/src/Illuminate/Http/Middleware/HandleCors.php(49): Illuminate/Pipeline/Pipeline->Illuminate/Pipeline/{closure}(Object(Illuminate/Http/Request))
#61 C:/Users/pathu/Desktop/puretec pos/vendor/laravel/framework/src/Illuminate/Pipeline/Pipeline.php(183): Illuminate/Http/Middleware/HandleCors->handle(Object(Illuminate/Http/Request), Object(Closure))
#62 C:/Users/pathu/Desktop/puretec pos/vendor/laravel/framework/src/Illuminate/Pipeline/Pipeline.php(119): Illuminate/Pipeline/Pipeline->Illuminate/Pipeline/{closure}(Object(Illuminate/Http/Request))
#63 C:/Users/pathu/Desktop/puretec pos/vendor/laravel/framework/src/Illuminate/Foundation/Http/Kernel.php(175): Illuminate/Pipeline/Pipeline->then(Object(Closure))
#64 C:/Users/pathu/Desktop/puretec pos/vendor/laravel/framework/src/Illuminate/Foundation/Http/Kernel.php(144): Illuminate/Foundation/Http/Kernel->sendRequestThroughRouter(Object(Illuminate/Http/Request))
#65 C:/Users/pathu/Desktop/puretec pos/public/index.php(36): Illuminate/Foundation/Http/Kernel->handle(Object(Illuminate/Http/Request))
#66 C:/Users/pathu/Desktop/puretec pos/vendor/laravel/framework/src/Illuminate/Foundation/resources/server.php(16): require_once('C://Users//pathu//...')
#67 {main}
"} 
[2026-06-18 15:37:13] local.ERROR: SQLSTATE[HY000] [2002] No connection could be made because the target machine actively refused it (Connection: mysql, SQL: select * from `users` where `id` = 1 and `users`.`deleted_at` is null limit 1) {"exception":"[object] (Illuminate\\Database\\QueryException(code: 2002): SQLSTATE[HY000] [2002] No connection could be made because the target machine actively refused it (Connection: mysql, SQL: select * from `users` where `id` = 1 and `users`.`deleted_at` is null limit 1) at C:/Users/pathu/Desktop/puretec pos/vendor/laravel/framework/src/Illuminate/Database/Connection.php:829)
[stacktrace]
#0 C:/Users/pathu/Desktop/puretec pos/vendor/laravel/framework/src/Illuminate/Database/Connection.php(983): Illuminate/Database/Connection->runQueryCallback('select * from `...', Array, Object(Closure))
#1 C:/Users/pathu/Desktop/puretec pos/vendor/laravel/framework/src/Illuminate/Database/Connection.php(962): Illuminate/Database/Connection->tryAgainIfCausedByLostConnection(Object(Illuminate/Database/QueryException), 'select * from `...', Array, Object(Closure))
#2 C:/Users/pathu/Desktop/puretec pos/vendor/laravel/framework/src/Illuminate/Database/Connection.php(785): Illuminate/Database/Connection->handleQueryException(Object(Illuminate/Database/QueryException), 'select * from `...', Array, Object(Closure))
#3 C:/Users/pathu/Desktop/puretec pos/vendor/laravel/framework/src/Illuminate/Database/Connection.php(414): Illuminate/Database/Connection->run('select * from `...', Array, Object(Closure))
#4 C:/Users/pathu/Desktop/puretec pos/vendor/laravel/framework/src/Illuminate/Database/Query/Builder.php(2913): Illuminate/Database/Connection->select('select * from `...', Array, true)
#5 C:/Users/pathu/Desktop/puretec pos/vendor/laravel/framework/src/Illuminate/Database/Query/Builder.php(2902): Illuminate/Database/Query/Builder->runSelect()
#6 C:/Users/pathu/Desktop/puretec pos/vendor/laravel/framework/src/Illuminate/Database/Query/Builder.php(3456): Illuminate/Database/Query/Builder->Illuminate/Database/Query/{closure}()
#7 C:/Users/pathu/Desktop/puretec pos/vendor/laravel/framework/src/Illuminate/Database/Query/Builder.php(2901): Illuminate/Database/Query/Builder->onceWithColumns(Array, Object(Closure))
#8 C:/Users/pathu/Desktop/puretec pos/vendor/laravel/framework/src/Illuminate/Database/Eloquent/Builder.php(739): Illuminate/Database/Query/Builder->get(Array)
#9 C:/Users/pathu/Desktop/puretec pos/vendor/laravel/framework/src/Illuminate/Database/Eloquent/Builder.php(723): Illuminate/Database/Eloquent/Builder->getModels(Array)
#10 C:/Users/pathu/Desktop/puretec pos/vendor/laravel/framework/src/Illuminate/Database/Concerns/BuildsQueries.php(333): Illuminate/Database/Eloquent/Builder->get(Array)
#11 C:/Users/pathu/Desktop/puretec pos/vendor/laravel/framework/src/Illuminate/Auth/EloquentUserProvider.php(59): Illuminate/Database/Eloquent/Builder->first()
#12 C:/Users/pathu/Desktop/puretec pos/vendor/laravel/framework/src/Illuminate/Auth/SessionGuard.php(159): Illuminate/Auth/EloquentUserProvider->retrieveById(1)
#13 C:/Users/pathu/Desktop/puretec pos/vendor/laravel/framework/src/Illuminate/Auth/GuardHelpers.php(56): Illuminate/Auth/SessionGuard->user()
#14 C:/Users/pathu/Desktop/puretec pos/vendor/laravel/framework/src/Illuminate/Auth/Middleware/Authenticate.php(76): Illuminate/Auth/SessionGuard->check()
#15 C:/Users/pathu/Desktop/puretec pos/vendor/laravel/framework/src/Illuminate/Auth/Middleware/Authenticate.php(55): Illuminate/Auth/Middleware/Authenticate->authenticate(Object(Illuminate/Http/Request), Array)
#16 C:/Users/pathu/Desktop/puretec pos/vendor/laravel/framework/src/Illuminate/Pipeline/Pipeline.php(183): Illuminate/Auth/Middleware/Authenticate->handle(Object(Illuminate/Http/Request), Object(Closure))
#17 C:/Users/pathu/Desktop/puretec pos/vendor/laravel/framework/src/Illuminate/Foundation/Http/Middleware/VerifyCsrfToken.php(78): Illuminate/Pipeline/Pipeline->Illuminate/Pipeline/{closure}(Object(Illuminate/Http/Request))
#18 C:/Users/pathu/Desktop/puretec pos/vendor/laravel/framework/src/Illuminate/Pipeline/Pipeline.php(183): Illuminate/Foundation/Http/Middleware/VerifyCsrfToken->handle(Object(Illuminate/Http/Request), Object(Closure))
#19 C:/Users/pathu/Desktop/puretec pos/vendor/laravel/framework/src/Illuminate/View/Middleware/ShareErrorsFromSession.php(49): Illuminate/Pipeline/Pipeline->Illuminate/Pipeline/{closure}(Object(Illuminate/Http/Request))
#20 C:/Users/pathu/Desktop/puretec pos/vendor/laravel/framework/src/Illuminate/Pipeline/Pipeline.php(183): Illuminate/View/Middleware/ShareErrorsFromSession->handle(Object(Illuminate/Http/Request), Object(Closure))
#21 C:/Users/pathu/Desktop/puretec pos/vendor/laravel/framework/src/Illuminate/Session/Middleware/StartSession.php(121): Illuminate/Pipeline/Pipeline->Illuminate/Pipeline/{closure}(Object(Illuminate/Http/Request))
#22 C:/Users/pathu/Desktop/puretec pos/vendor/laravel/framework/src/Illuminate/Session/Middleware/StartSession.php(64): Illuminate/Session/Middleware/StartSession->handleStatefulRequest(Object(Illuminate/Http/Request), Object(Illuminate/Session/Store), Object(Closure))
#23 C:/Users/pathu/Desktop/puretec pos/vendor/laravel/framework/src/Illuminate/Pipeline/Pipeline.php(183): Illuminate/Session/Middleware/StartSession->handle(Object(Illuminate/Http/Request), Object(Closure))
#24 C:/Users/pathu/Desktop/puretec pos/vendor/laravel/framework/src/Illuminate/Cookie/Middleware/AddQueuedCookiesToResponse.php(37): Illuminate/Pipeline/Pipeline->Illuminate/Pipeline/{closure}(Object(Illuminate/Http/Request))
#25 C:/Users/pathu/Desktop/puretec pos/vendor/laravel/framework/src/Illuminate/Pipeline/Pipeline.php(183): Illuminate/Cookie/Middleware/AddQueuedCookiesToResponse->handle(Object(Illuminate/Http/Request), Object(Closure))
#26 C:/Users/pathu/Desktop/puretec pos/vendor/laravel/framework/src/Illuminate/Cookie/Middleware/EncryptCookies.php(67): Illuminate/Pipeline/Pipeline->Illuminate/Pipeline/{closure}(Object(Illuminate/Http/Request))
#27 C:/Users/pathu/Desktop/puretec pos/vendor/laravel/framework/src/Illuminate/Pipeline/Pipeline.php(183): Illuminate/Cookie/Middleware/EncryptCookies->handle(Object(Illuminate/Http/Request), Object(Closure))
#28 C:/Users/pathu/Desktop/puretec pos/vendor/laravel/framework/src/Illuminate/Pipeline/Pipeline.php(119): Illuminate/Pipeline/Pipeline->Illuminate/Pipeline/{closure}(Object(Illuminate/Http/Request))
#29 C:/Users/pathu/Desktop/puretec pos/vendor/laravel/framework/src/Illuminate/Routing/Router.php(805): Illuminate/Pipeline/Pipeline->then(Object(Closure))
#30 C:/Users/pathu/Desktop/puretec pos/vendor/laravel/framework/src/Illuminate/Routing/Router.php(784): Illuminate/Routing/Router->runRouteWithinStack(Object(Illuminate/Routing/Route), Object(Illuminate/Http/Request))
#31 C:/Users/pathu/Desktop/puretec pos/vendor/laravel/framework/src/Illuminate/Routing/Router.php(748): Illuminate/Routing/Router->runRoute(Object(Illuminate/Http/Request), Object(Illuminate/Routing/Route))
#32 C:/Users/pathu/Desktop/puretec pos/vendor/laravel/framework/src/Illuminate/Routing/Router.php(737): Illuminate/Routing/Router->dispatchToRoute(Object(Illuminate/Http/Request))
#33 C:/Users/pathu/Desktop/puretec pos/vendor/laravel/framework/src/Illuminate/Foundation/Http/Kernel.php(200): Illuminate/Routing/Router->dispatch(Object(Illuminate/Http/Request))
#34 C:/Users/pathu/Desktop/puretec pos/vendor/laravel/framework/src/Illuminate/Pipeline/Pipeline.php(144): Illuminate/Foundation/Http/Kernel->Illuminate/Foundation/Http/{closure}(Object(Illuminate/Http/Request))
#35 C:/Users/pathu/Desktop/puretec pos/vendor/laravel/framework/src/Illuminate/Foundation/Http/Middleware/TransformsRequest.php(21): Illuminate/Pipeline/Pipeline->Illuminate/Pipeline/{closure}(Object(Illuminate/Http/Request))
#36 C:/Users/pathu/Desktop/puretec pos/vendor/laravel/framework/src/Illuminate/Foundation/Http/Middleware/ConvertEmptyStringsToNull.php(31): Illuminate/Foundation/Http/Middleware/TransformsRequest->handle(Object(Illuminate/Http/Request), Object(Closure))
#37 C:/Users/pathu/Desktop/puretec pos/vendor/laravel/framework/src/Illuminate/Pipeline/Pipeline.php(183): Illuminate/Foundation/Http/Middleware/ConvertEmptyStringsToNull->handle(Object(Illuminate/Http/Request), Object(Closure))
#38 C:/Users/pathu/Desktop/puretec pos/vendor/laravel/framework/src/Illuminate/Foundation/Http/Middleware/ValidatePostSize.php(27): Illuminate/Pipeline/Pipeline->Illuminate/Pipeline/{closure}(Object(Illuminate/Http/Request))
#39 C:/Users/pathu/Desktop/puretec pos/vendor/laravel/framework/src/Illuminate/Pipeline/Pipeline.php(183): Illuminate/Foundation/Http/Middleware/ValidatePostSize->handle(Object(Illuminate/Http/Request), Object(Closure))
#40 C:/Users/pathu/Desktop/puretec pos/vendor/laravel/framework/src/Illuminate/Http/Middleware/HandleCors.php(49): Illuminate/Pipeline/Pipeline->Illuminate/Pipeline/{closure}(Object(Illuminate/Http/Request))
#41 C:/Users/pathu/Desktop/puretec pos/vendor/laravel/framework/src/Illuminate/Pipeline/Pipeline.php(183): Illuminate/Http/Middleware/HandleCors->handle(Object(Illuminate/Http/Request), Object(Closure))
#42 C:/Users/pathu/Desktop/puretec pos/vendor/laravel/framework/src/Illuminate/Pipeline/Pipeline.php(119): Illuminate/Pipeline/Pipeline->Illuminate/Pipeline/{closure}(Object(Illuminate/Http/Request))
#43 C:/Users/pathu/Desktop/puretec pos/vendor/laravel/framework/src/Illuminate/Foundation/Http/Kernel.php(175): Illuminate/Pipeline/Pipeline->then(Object(Closure))
#44 C:/Users/pathu/Desktop/puretec pos/vendor/laravel/framework/src/Illuminate/Foundation/Http/Kernel.php(144): Illuminate/Foundation/Http/Kernel->sendRequestThroughRouter(Object(Illuminate/Http/Request))
#45 C:/Users/pathu/Desktop/puretec pos/public/index.php(36): Illuminate/Foundation/Http/Kernel->handle(Object(Illuminate/Http/Request))
#46 C:/Users/pathu/Desktop/puretec pos/vendor/laravel/framework/src/Illuminate/Foundation/resources/server.php(16): require_once('C://Users//pathu//...')
#47 {main}

[previous exception] [object] (PDOException(code: 2002): SQLSTATE[HY000] [2002] No connection could be made because the target machine actively refused it at C:/Users/pathu/Desktop/puretec pos/vendor/laravel/framework/src/Illuminate/Database/Connectors/Connector.php:65)
[stacktrace]
#0 C:/Users/pathu/Desktop/puretec pos/vendor/laravel/framework/src/Illuminate/Database/Connectors/Connector.php(65): PDO->__construct('mysql:host=127....', 'root', Object(SensitiveParameterValue), Array)
#1 C:/Users/pathu/Desktop/puretec pos/vendor/laravel/framework/src/Illuminate/Database/Connectors/Connector.php(83): Illuminate/Database/Connectors/Connector->createPdoConnection('mysql:host=127....', 'root', '', Array)
#2 C:/Users/pathu/Desktop/puretec pos/vendor/laravel/framework/src/Illuminate/Database/Connectors/Connector.php(48): Illuminate/Database/Connectors/Connector->tryAgainIfCausedByLostConnection(Object(PDOException), 'mysql:host=127....', 'root', '', Array)
#3 C:/Users/pathu/Desktop/puretec pos/vendor/laravel/framework/src/Illuminate/Database/Connectors/MySqlConnector.php(24): Illuminate/Database/Connectors/Connector->createConnection('mysql:host=127....', Array, Array)
#4 C:/Users/pathu/Desktop/puretec pos/vendor/laravel/framework/src/Illuminate/Database/Connectors/ConnectionFactory.php(184): Illuminate/Database/Connectors/MySqlConnector->connect(Array)
#5 [internal function]: Illuminate/Database/Connectors/ConnectionFactory->Illuminate/Database/Connectors/{closure}()
#6 C:/Users/pathu/Desktop/puretec pos/vendor/laravel/framework/src/Illuminate/Database/Connection.php(1339): call_user_func(Object(Closure))
#7 C:/Users/pathu/Desktop/puretec pos/vendor/laravel/framework/src/Illuminate/Database/Connection.php(1375): Illuminate/Database/Connection->getPdo()
#8 C:/Users/pathu/Desktop/puretec pos/vendor/laravel/framework/src/Illuminate/Database/Connection.php(528): Illuminate/Database/Connection->getReadPdo()
#9 C:/Users/pathu/Desktop/puretec pos/vendor/laravel/framework/src/Illuminate/Database/Connection.php(423): Illuminate/Database/Connection->getPdoForSelect(true)
#10 C:/Users/pathu/Desktop/puretec pos/vendor/laravel/framework/src/Illuminate/Database/Connection.php(816): Illuminate/Database/Connection->Illuminate/Database/{closure}('select * from `...', Array)
#11 C:/Users/pathu/Desktop/puretec pos/vendor/laravel/framework/src/Illuminate/Database/Connection.php(983): Illuminate/Database/Connection->runQueryCallback('select * from `...', Array, Object(Closure))
#12 C:/Users/pathu/Desktop/puretec pos/vendor/laravel/framework/src/Illuminate/Database/Connection.php(962): Illuminate/Database/Connection->tryAgainIfCausedByLostConnection(Object(Illuminate/Database/QueryException), 'select * from `...', Array, Object(Closure))
#13 C:/Users/pathu/Desktop/puretec pos/vendor/laravel/framework/src/Illuminate/Database/Connection.php(785): Illuminate/Database/Connection->handleQueryException(Object(Illuminate/Database/QueryException), 'select * from `...', Array, Object(Closure))
#14 C:/Users/pathu/Desktop/puretec pos/vendor/laravel/framework/src/Illuminate/Database/Connection.php(414): Illuminate/Database/Connection->run('select * from `...', Array, Object(Closure))
#15 C:/Users/pathu/Desktop/puretec pos/vendor/laravel/framework/src/Illuminate/Database/Query/Builder.php(2913): Illuminate/Database/Connection->select('select * from `...', Array, true)
#16 C:/Users/pathu/Desktop/puretec pos/vendor/laravel/framework/src/Illuminate/Database/Query/Builder.php(2902): Illuminate/Database/Query/Builder->runSelect()
#17 C:/Users/pathu/Desktop/puretec pos/vendor/laravel/framework/src/Illuminate/Database/Query/Builder.php(3456): Illuminate/Database/Query/Builder->Illuminate/Database/Query/{closure}()
#18 C:/Users/pathu/Desktop/puretec pos/vendor/laravel/framework/src/Illuminate/Database/Query/Builder.php(2901): Illuminate/Database/Query/Builder->onceWithColumns(Array, Object(Closure))
#19 C:/Users/pathu/Desktop/puretec pos/vendor/laravel/framework/src/Illuminate/Database/Eloquent/Builder.php(739): Illuminate/Database/Query/Builder->get(Array)
#20 C:/Users/pathu/Desktop/puretec pos/vendor/laravel/framework/src/Illuminate/Database/Eloquent/Builder.php(723): Illuminate/Database/Eloquent/Builder->getModels(Array)
#21 C:/Users/pathu/Desktop/puretec pos/vendor/laravel/framework/src/Illuminate/Database/Concerns/BuildsQueries.php(333): Illuminate/Database/Eloquent/Builder->get(Array)
#22 C:/Users/pathu/Desktop/puretec pos/vendor/laravel/framework/src/Illuminate/Auth/EloquentUserProvider.php(59): Illuminate/Database/Eloquent/Builder->first()
#23 C:/Users/pathu/Desktop/puretec pos/vendor/laravel/framework/src/Illuminate/Auth/SessionGuard.php(159): Illuminate/Auth/EloquentUserProvider->retrieveById(1)
#24 C:/Users/pathu/Desktop/puretec pos/vendor/laravel/framework/src/Illuminate/Auth/GuardHelpers.php(56): Illuminate/Auth/SessionGuard->user()
#25 C:/Users/pathu/Desktop/puretec pos/vendor/laravel/framework/src/Illuminate/Auth/Middleware/Authenticate.php(76): Illuminate/Auth/SessionGuard->check()
#26 C:/Users/pathu/Desktop/puretec pos/vendor/laravel/framework/src/Illuminate/Auth/Middleware/Authenticate.php(55): Illuminate/Auth/Middleware/Authenticate->authenticate(Object(Illuminate/Http/Request), Array)
#27 C:/Users/pathu/Desktop/puretec pos/vendor/laravel/framework/src/Illuminate/Pipeline/Pipeline.php(183): Illuminate/Auth/Middleware/Authenticate->handle(Object(Illuminate/Http/Request), Object(Closure))
#28 C:/Users/pathu/Desktop/puretec pos/vendor/laravel/framework/src/Illuminate/Foundation/Http/Middleware/VerifyCsrfToken.php(78): Illuminate/Pipeline/Pipeline->Illuminate/Pipeline/{closure}(Object(Illuminate/Http/Request))
#29 C:/Users/pathu/Desktop/puretec pos/vendor/laravel/framework/src/Illuminate/Pipeline/Pipeline.php(183): Illuminate/Foundation/Http/Middleware/VerifyCsrfToken->handle(Object(Illuminate/Http/Request), Object(Closure))
#30 C:/Users/pathu/Desktop/puretec pos/vendor/laravel/framework/src/Illuminate/View/Middleware/ShareErrorsFromSession.php(49): Illuminate/Pipeline/Pipeline->Illuminate/Pipeline/{closure}(Object(Illuminate/Http/Request))
#31 C:/Users/pathu/Desktop/puretec pos/vendor/laravel/framework/src/Illuminate/Pipeline/Pipeline.php(183): Illuminate/View/Middleware/ShareErrorsFromSession->handle(Object(Illuminate/Http/Request), Object(Closure))
#32 C:/Users/pathu/Desktop/puretec pos/vendor/laravel/framework/src/Illuminate/Session/Middleware/StartSession.php(121): Illuminate/Pipeline/Pipeline->Illuminate/Pipeline/{closure}(Object(Illuminate/Http/Request))
#33 C:/Users/pathu/Desktop/puretec pos/vendor/laravel/framework/src/Illuminate/Session/Middleware/StartSession.php(64): Illuminate/Session/Middleware/StartSession->handleStatefulRequest(Object(Illuminate/Http/Request), Object(Illuminate/Session/Store), Object(Closure))
#34 C:/Users/pathu/Desktop/puretec pos/vendor/laravel/framework/src/Illuminate/Pipeline/Pipeline.php(183): Illuminate/Session/Middleware/StartSession->handle(Object(Illuminate/Http/Request), Object(Closure))
#35 C:/Users/pathu/Desktop/puretec pos/vendor/laravel/framework/src/Illuminate/Cookie/Middleware/AddQueuedCookiesToResponse.php(37): Illuminate/Pipeline/Pipeline->Illuminate/Pipeline/{closure}(Object(Illuminate/Http/Request))
#36 C:/Users/pathu/Desktop/puretec pos/vendor/laravel/framework/src/Illuminate/Pipeline/Pipeline.php(183): Illuminate/Cookie/Middleware/AddQueuedCookiesToResponse->handle(Object(Illuminate/Http/Request), Object(Closure))
#37 C:/Users/pathu/Desktop/puretec pos/vendor/laravel/framework/src/Illuminate/Cookie/Middleware/EncryptCookies.php(67): Illuminate/Pipeline/Pipeline->Illuminate/Pipeline/{closure}(Object(Illuminate/Http/Request))
#38 C:/Users/pathu/Desktop/puretec pos/vendor/laravel/framework/src/Illuminate/Pipeline/Pipeline.php(183): Illuminate/Cookie/Middleware/EncryptCookies->handle(Object(Illuminate/Http/Request), Object(Closure))
#39 C:/Users/pathu/Desktop/puretec pos/vendor/laravel/framework/src/Illuminate/Pipeline/Pipeline.php(119): Illuminate/Pipeline/Pipeline->Illuminate/Pipeline/{closure}(Object(Illuminate/Http/Request))
#40 C:/Users/pathu/Desktop/puretec pos/vendor/laravel/framework/src/Illuminate/Routing/Router.php(805): Illuminate/Pipeline/Pipeline->then(Object(Closure))
#41 C:/Users/pathu/Desktop/puretec pos/vendor/laravel/framework/src/Illuminate/Routing/Router.php(784): Illuminate/Routing/Router->runRouteWithinStack(Object(Illuminate/Routing/Route), Object(Illuminate/Http/Request))
#42 C:/Users/pathu/Desktop/puretec pos/vendor/laravel/framework/src/Illuminate/Routing/Router.php(748): Illuminate/Routing/Router->runRoute(Object(Illuminate/Http/Request), Object(Illuminate/Routing/Route))
#43 C:/Users/pathu/Desktop/puretec pos/vendor/laravel/framework/src/Illuminate/Routing/Router.php(737): Illuminate/Routing/Router->dispatchToRoute(Object(Illuminate/Http/Request))
#44 C:/Users/pathu/Desktop/puretec pos/vendor/laravel/framework/src/Illuminate/Foundation/Http/Kernel.php(200): Illuminate/Routing/Router->dispatch(Object(Illuminate/Http/Request))
#45 C:/Users/pathu/Desktop/puretec pos/vendor/laravel/framework/src/Illuminate/Pipeline/Pipeline.php(144): Illuminate/Foundation/Http/Kernel->Illuminate/Foundation/Http/{closure}(Object(Illuminate/Http/Request))
#46 C:/Users/pathu/Desktop/puretec pos/vendor/laravel/framework/src/Illuminate/Foundation/Http/Middleware/TransformsRequest.php(21): Illuminate/Pipeline/Pipeline->Illuminate/Pipeline/{closure}(Object(Illuminate/Http/Request))
#47 C:/Users/pathu/Desktop/puretec pos/vendor/laravel/framework/src/Illuminate/Foundation/Http/Middleware/ConvertEmptyStringsToNull.php(31): Illuminate/Foundation/Http/Middleware/TransformsRequest->handle(Object(Illuminate/Http/Request), Object(Closure))
#48 C:/Users/pathu/Desktop/puretec pos/vendor/laravel/framework/src/Illuminate/Pipeline/Pipeline.php(183): Illuminate/Foundation/Http/Middleware/ConvertEmptyStringsToNull->handle(Object(Illuminate/Http/Request), Object(Closure))
#49 C:/Users/pathu/Desktop/puretec pos/vendor/laravel/framework/src/Illuminate/Foundation/Http/Middleware/ValidatePostSize.php(27): Illuminate/Pipeline/Pipeline->Illuminate/Pipeline/{closure}(Object(Illuminate/Http/Request))
#50 C:/Users/pathu/Desktop/puretec pos/vendor/laravel/framework/src/Illuminate/Pipeline/Pipeline.php(183): Illuminate/Foundation/Http/Middleware/ValidatePostSize->handle(Object(Illuminate/Http/Request), Object(Closure))
#51 C:/Users/pathu/Desktop/puretec pos/vendor/laravel/framework/src/Illuminate/Http/Middleware/HandleCors.php(49): Illuminate/Pipeline/Pipeline->Illuminate/Pipeline/{closure}(Object(Illuminate/Http/Request))
#52 C:/Users/pathu/Desktop/puretec pos/vendor/laravel/framework/src/Illuminate/Pipeline/Pipeline.php(183): Illuminate/Http/Middleware/HandleCors->handle(Object(Illuminate/Http/Request), Object(Closure))
#53 C:/Users/pathu/Desktop/puretec pos/vendor/laravel/framework/src/Illuminate/Pipeline/Pipeline.php(119): Illuminate/Pipeline/Pipeline->Illuminate/Pipeline/{closure}(Object(Illuminate/Http/Request))
#54 C:/Users/pathu/Desktop/puretec pos/vendor/laravel/framework/src/Illuminate/Foundation/Http/Kernel.php(175): Illuminate/Pipeline/Pipeline->then(Object(Closure))
#55 C:/Users/pathu/Desktop/puretec pos/vendor/laravel/framework/src/Illuminate/Foundation/Http/Kernel.php(144): Illuminate/Foundation/Http/Kernel->sendRequestThroughRouter(Object(Illuminate/Http/Request))
#56 C:/Users/pathu/Desktop/puretec pos/public/index.php(36): Illuminate/Foundation/Http/Kernel->handle(Object(Illuminate/Http/Request))
#57 C:/Users/pathu/Desktop/puretec pos/vendor/laravel/framework/src/Illuminate/Foundation/resources/server.php(16): require_once('C://Users//pathu//...')
#58 {main}
"} 
[2026-06-18 20:04:44] local.ERROR: SQLSTATE[HY000] [2002] No connection could be made because the target machine actively refused it (Connection: mysql, SQL: select * from `users` where `email` = admin@purepos.lk and `is_active` = 1 and `users`.`deleted_at` is null limit 1) {"exception":"[object] (Illuminate\\Database\\QueryException(code: 2002): SQLSTATE[HY000] [2002] No connection could be made because the target machine actively refused it (Connection: mysql, SQL: select * from `users` where `email` = admin@purepos.lk and `is_active` = 1 and `users`.`deleted_at` is null limit 1) at C:/Users/pathu/Desktop/puretec pos/vendor/laravel/framework/src/Illuminate/Database/Connection.php:829)
[stacktrace]
#0 C:/Users/pathu/Desktop/puretec pos/vendor/laravel/framework/src/Illuminate/Database/Connection.php(983): Illuminate/Database/Connection->runQueryCallback('select * from `...', Array, Object(Closure))
#1 C:/Users/pathu/Desktop/puretec pos/vendor/laravel/framework/src/Illuminate/Database/Connection.php(962): Illuminate/Database/Connection->tryAgainIfCausedByLostConnection(Object(Illuminate/Database/QueryException), 'select * from `...', Array, Object(Closure))
#2 C:/Users/pathu/Desktop/puretec pos/vendor/laravel/framework/src/Illuminate/Database/Connection.php(785): Illuminate/Database/Connection->handleQueryException(Object(Illuminate/Database/QueryException), 'select * from `...', Array, Object(Closure))
#3 C:/Users/pathu/Desktop/puretec pos/vendor/laravel/framework/src/Illuminate/Database/Connection.php(414): Illuminate/Database/Connection->run('select * from `...', Array, Object(Closure))
#4 C:/Users/pathu/Desktop/puretec pos/vendor/laravel/framework/src/Illuminate/Database/Query/Builder.php(2913): Illuminate/Database/Connection->select('select * from `...', Array, true)
#5 C:/Users/pathu/Desktop/puretec pos/vendor/laravel/framework/src/Illuminate/Database/Query/Builder.php(2902): Illuminate/Database/Query/Builder->runSelect()
#6 C:/Users/pathu/Desktop/puretec pos/vendor/laravel/framework/src/Illuminate/Database/Query/Builder.php(3456): Illuminate/Database/Query/Builder->Illuminate/Database/Query/{closure}()
#7 C:/Users/pathu/Desktop/puretec pos/vendor/laravel/framework/src/Illuminate/Database/Query/Builder.php(2901): Illuminate/Database/Query/Builder->onceWithColumns(Array, Object(Closure))
#8 C:/Users/pathu/Desktop/puretec pos/vendor/laravel/framework/src/Illuminate/Database/Eloquent/Builder.php(739): Illuminate/Database/Query/Builder->get(Array)
#9 C:/Users/pathu/Desktop/puretec pos/vendor/laravel/framework/src/Illuminate/Database/Eloquent/Builder.php(723): Illuminate/Database/Eloquent/Builder->getModels(Array)
#10 C:/Users/pathu/Desktop/puretec pos/vendor/laravel/framework/src/Illuminate/Database/Concerns/BuildsQueries.php(333): Illuminate/Database/Eloquent/Builder->get(Array)
#11 C:/Users/pathu/Desktop/puretec pos/vendor/laravel/framework/src/Illuminate/Auth/EloquentUserProvider.php(139): Illuminate/Database/Eloquent/Builder->first()
#12 C:/Users/pathu/Desktop/puretec pos/vendor/laravel/framework/src/Illuminate/Auth/SessionGuard.php(381): Illuminate/Auth/EloquentUserProvider->retrieveByCredentials(Array)
#13 C:/Users/pathu/Desktop/puretec pos/vendor/laravel/framework/src/Illuminate/Auth/AuthManager.php(340): Illuminate/Auth/SessionGuard->attempt(Array, false)
#14 C:/Users/pathu/Desktop/puretec pos/vendor/laravel/framework/src/Illuminate/Support/Facades/Facade.php(355): Illuminate/Auth/AuthManager->__call('attempt', Array)
#15 C:/Users/pathu/Desktop/puretec pos/app/Http/Controllers/Auth/AuthController.php(27): Illuminate/Support/Facades/Facade::__callStatic('attempt', Array)
#16 C:/Users/pathu/Desktop/puretec pos/vendor/laravel/framework/src/Illuminate/Routing/Controller.php(54): App/Http/Controllers/Auth/AuthController->login(Object(Illuminate/Http/Request))
#17 C:/Users/pathu/Desktop/puretec pos/vendor/laravel/framework/src/Illuminate/Routing/ControllerDispatcher.php(43): Illuminate/Routing/Controller->callAction('login', Array)
#18 C:/Users/pathu/Desktop/puretec pos/vendor/laravel/framework/src/Illuminate/Routing/Route.php(259): Illuminate/Routing/ControllerDispatcher->dispatch(Object(Illuminate/Routing/Route), Object(App/Http/Controllers/Auth/AuthController), 'login')
#19 C:/Users/pathu/Desktop/puretec pos/vendor/laravel/framework/src/Illuminate/Routing/Route.php(205): Illuminate/Routing/Route->runController()
#20 C:/Users/pathu/Desktop/puretec pos/vendor/laravel/framework/src/Illuminate/Routing/Router.php(806): Illuminate/Routing/Route->run()
#21 C:/Users/pathu/Desktop/puretec pos/vendor/laravel/framework/src/Illuminate/Pipeline/Pipeline.php(144): Illuminate/Routing/Router->Illuminate/Routing/{closure}(Object(Illuminate/Http/Request))
#22 C:/Users/pathu/Desktop/puretec pos/app/Http/Middleware/RedirectIfAuthenticated.php(27): Illuminate/Pipeline/Pipeline->Illuminate/Pipeline/{closure}(Object(Illuminate/Http/Request))
#23 C:/Users/pathu/Desktop/puretec pos/vendor/laravel/framework/src/Illuminate/Pipeline/Pipeline.php(183): App/Http/Middleware/RedirectIfAuthenticated->handle(Object(Illuminate/Http/Request), Object(Closure))
#24 C:/Users/pathu/Desktop/puretec pos/vendor/laravel/framework/src/Illuminate/Routing/Middleware/SubstituteBindings.php(50): Illuminate/Pipeline/Pipeline->Illuminate/Pipeline/{closure}(Object(Illuminate/Http/Request))
#25 C:/Users/pathu/Desktop/puretec pos/vendor/laravel/framework/src/Illuminate/Pipeline/Pipeline.php(183): Illuminate/Routing/Middleware/SubstituteBindings->handle(Object(Illuminate/Http/Request), Object(Closure))
#26 C:/Users/pathu/Desktop/puretec pos/vendor/laravel/framework/src/Illuminate/Foundation/Http/Middleware/VerifyCsrfToken.php(78): Illuminate/Pipeline/Pipeline->Illuminate/Pipeline/{closure}(Object(Illuminate/Http/Request))
#27 C:/Users/pathu/Desktop/puretec pos/vendor/laravel/framework/src/Illuminate/Pipeline/Pipeline.php(183): Illuminate/Foundation/Http/Middleware/VerifyCsrfToken->handle(Object(Illuminate/Http/Request), Object(Closure))
#28 C:/Users/pathu/Desktop/puretec pos/vendor/laravel/framework/src/Illuminate/View/Middleware/ShareErrorsFromSession.php(49): Illuminate/Pipeline/Pipeline->Illuminate/Pipeline/{closure}(Object(Illuminate/Http/Request))
#29 C:/Users/pathu/Desktop/puretec pos/vendor/laravel/framework/src/Illuminate/Pipeline/Pipeline.php(183): Illuminate/View/Middleware/ShareErrorsFromSession->handle(Object(Illuminate/Http/Request), Object(Closure))
#30 C:/Users/pathu/Desktop/puretec pos/vendor/laravel/framework/src/Illuminate/Session/Middleware/StartSession.php(121): Illuminate/Pipeline/Pipeline->Illuminate/Pipeline/{closure}(Object(Illuminate/Http/Request))
#31 C:/Users/pathu/Desktop/puretec pos/vendor/laravel/framework/src/Illuminate/Session/Middleware/StartSession.php(64): Illuminate/Session/Middleware/StartSession->handleStatefulRequest(Object(Illuminate/Http/Request), Object(Illuminate/Session/Store), Object(Closure))
#32 C:/Users/pathu/Desktop/puretec pos/vendor/laravel/framework/src/Illuminate/Pipeline/Pipeline.php(183): Illuminate/Session/Middleware/StartSession->handle(Object(Illuminate/Http/Request), Object(Closure))
#33 C:/Users/pathu/Desktop/puretec pos/vendor/laravel/framework/src/Illuminate/Cookie/Middleware/AddQueuedCookiesToResponse.php(37): Illuminate/Pipeline/Pipeline->Illuminate/Pipeline/{closure}(Object(Illuminate/Http/Request))
#34 C:/Users/pathu/Desktop/puretec pos/vendor/laravel/framework/src/Illuminate/Pipeline/Pipeline.php(183): Illuminate/Cookie/Middleware/AddQueuedCookiesToResponse->handle(Object(Illuminate/Http/Request), Object(Closure))
#35 C:/Users/pathu/Desktop/puretec pos/vendor/laravel/framework/src/Illuminate/Cookie/Middleware/EncryptCookies.php(67): Illuminate/Pipeline/Pipeline->Illuminate/Pipeline/{closure}(Object(Illuminate/Http/Request))
#36 C:/Users/pathu/Desktop/puretec pos/vendor/laravel/framework/src/Illuminate/Pipeline/Pipeline.php(183): Illuminate/Cookie/Middleware/EncryptCookies->handle(Object(Illuminate/Http/Request), Object(Closure))
#37 C:/Users/pathu/Desktop/puretec pos/vendor/laravel/framework/src/Illuminate/Pipeline/Pipeline.php(119): Illuminate/Pipeline/Pipeline->Illuminate/Pipeline/{closure}(Object(Illuminate/Http/Request))
#38 C:/Users/pathu/Desktop/puretec pos/vendor/laravel/framework/src/Illuminate/Routing/Router.php(805): Illuminate/Pipeline/Pipeline->then(Object(Closure))
#39 C:/Users/pathu/Desktop/puretec pos/vendor/laravel/framework/src/Illuminate/Routing/Router.php(784): Illuminate/Routing/Router->runRouteWithinStack(Object(Illuminate/Routing/Route), Object(Illuminate/Http/Request))
#40 C:/Users/pathu/Desktop/puretec pos/vendor/laravel/framework/src/Illuminate/Routing/Router.php(748): Illuminate/Routing/Router->runRoute(Object(Illuminate/Http/Request), Object(Illuminate/Routing/Route))
#41 C:/Users/pathu/Desktop/puretec pos/vendor/laravel/framework/src/Illuminate/Routing/Router.php(737): Illuminate/Routing/Router->dispatchToRoute(Object(Illuminate/Http/Request))
#42 C:/Users/pathu/Desktop/puretec pos/vendor/laravel/framework/src/Illuminate/Foundation/Http/Kernel.php(200): Illuminate/Routing/Router->dispatch(Object(Illuminate/Http/Request))
#43 C:/Users/pathu/Desktop/puretec pos/vendor/laravel/framework/src/Illuminate/Pipeline/Pipeline.php(144): Illuminate/Foundation/Http/Kernel->Illuminate/Foundation/Http/{closure}(Object(Illuminate/Http/Request))
#44 C:/Users/pathu/Desktop/puretec pos/vendor/laravel/framework/src/Illuminate/Foundation/Http/Middleware/TransformsRequest.php(21): Illuminate/Pipeline/Pipeline->Illuminate/Pipeline/{closure}(Object(Illuminate/Http/Request))
#45 C:/Users/pathu/Desktop/puretec pos/vendor/laravel/framework/src/Illuminate/Foundation/Http/Middleware/ConvertEmptyStringsToNull.php(31): Illuminate/Foundation/Http/Middleware/TransformsRequest->handle(Object(Illuminate/Http/Request), Object(Closure))
#46 C:/Users/pathu/Desktop/puretec pos/vendor/laravel/framework/src/Illuminate/Pipeline/Pipeline.php(183): Illuminate/Foundation/Http/Middleware/ConvertEmptyStringsToNull->handle(Object(Illuminate/Http/Request), Object(Closure))
#47 C:/Users/pathu/Desktop/puretec pos/vendor/laravel/framework/src/Illuminate/Foundation/Http/Middleware/ValidatePostSize.php(27): Illuminate/Pipeline/Pipeline->Illuminate/Pipeline/{closure}(Object(Illuminate/Http/Request))
#48 C:/Users/pathu/Desktop/puretec pos/vendor/laravel/framework/src/Illuminate/Pipeline/Pipeline.php(183): Illuminate/Foundation/Http/Middleware/ValidatePostSize->handle(Object(Illuminate/Http/Request), Object(Closure))
#49 C:/Users/pathu/Desktop/puretec pos/vendor/laravel/framework/src/Illuminate/Http/Middleware/HandleCors.php(49): Illuminate/Pipeline/Pipeline->Illuminate/Pipeline/{closure}(Object(Illuminate/Http/Request))
#50 C:/Users/pathu/Desktop/puretec pos/vendor/laravel/framework/src/Illuminate/Pipeline/Pipeline.php(183): Illuminate/Http/Middleware/HandleCors->handle(Object(Illuminate/Http/Request), Object(Closure))
#51 C:/Users/pathu/Desktop/puretec pos/vendor/laravel/framework/src/Illuminate/Pipeline/Pipeline.php(119): Illuminate/Pipeline/Pipeline->Illuminate/Pipeline/{closure}(Object(Illuminate/Http/Request))
#52 C:/Users/pathu/Desktop/puretec pos/vendor/laravel/framework/src/Illuminate/Foundation/Http/Kernel.php(175): Illuminate/Pipeline/Pipeline->then(Object(Closure))
#53 C:/Users/pathu/Desktop/puretec pos/vendor/laravel/framework/src/Illuminate/Foundation/Http/Kernel.php(144): Illuminate/Foundation/Http/Kernel->sendRequestThroughRouter(Object(Illuminate/Http/Request))
#54 C:/Users/pathu/Desktop/puretec pos/public/index.php(36): Illuminate/Foundation/Http/Kernel->handle(Object(Illuminate/Http/Request))
#55 C:/Users/pathu/Desktop/puretec pos/vendor/laravel/framework/src/Illuminate/Foundation/resources/server.php(16): require_once('C://Users//pathu//...')
#56 {main}

[previous exception] [object] (PDOException(code: 2002): SQLSTATE[HY000] [2002] No connection could be made because the target machine actively refused it at C:/Users/pathu/Desktop/puretec pos/vendor/laravel/framework/src/Illuminate/Database/Connectors/Connector.php:65)
[stacktrace]
#0 C:/Users/pathu/Desktop/puretec pos/vendor/laravel/framework/src/Illuminate/Database/Connectors/Connector.php(65): PDO->__construct('mysql:host=127....', 'root', Object(SensitiveParameterValue), Array)
#1 C:/Users/pathu/Desktop/puretec pos/vendor/laravel/framework/src/Illuminate/Database/Connectors/Connector.php(83): Illuminate/Database/Connectors/Connector->createPdoConnection('mysql:host=127....', 'root', '', Array)
#2 C:/Users/pathu/Desktop/puretec pos/vendor/laravel/framework/src/Illuminate/Database/Connectors/Connector.php(48): Illuminate/Database/Connectors/Connector->tryAgainIfCausedByLostConnection(Object(PDOException), 'mysql:host=127....', 'root', '', Array)
#3 C:/Users/pathu/Desktop/puretec pos/vendor/laravel/framework/src/Illuminate/Database/Connectors/MySqlConnector.php(24): Illuminate/Database/Connectors/Connector->createConnection('mysql:host=127....', Array, Array)
#4 C:/Users/pathu/Desktop/puretec pos/vendor/laravel/framework/src/Illuminate/Database/Connectors/ConnectionFactory.php(184): Illuminate/Database/Connectors/MySqlConnector->connect(Array)
#5 [internal function]: Illuminate/Database/Connectors/ConnectionFactory->Illuminate/Database/Connectors/{closure}()
#6 C:/Users/pathu/Desktop/puretec pos/vendor/laravel/framework/src/Illuminate/Database/Connection.php(1339): call_user_func(Object(Closure))
#7 C:/Users/pathu/Desktop/puretec pos/vendor/laravel/framework/src/Illuminate/Database/Connection.php(1375): Illuminate/Database/Connection->getPdo()
#8 C:/Users/pathu/Desktop/puretec pos/vendor/laravel/framework/src/Illuminate/Database/Connection.php(528): Illuminate/Database/Connection->getReadPdo()
#9 C:/Users/pathu/Desktop/puretec pos/vendor/laravel/framework/src/Illuminate/Database/Connection.php(423): Illuminate/Database/Connection->getPdoForSelect(true)
#10 C:/Users/pathu/Desktop/puretec pos/vendor/laravel/framework/src/Illuminate/Database/Connection.php(816): Illuminate/Database/Connection->Illuminate/Database/{closure}('select * from `...', Array)
#11 C:/Users/pathu/Desktop/puretec pos/vendor/laravel/framework/src/Illuminate/Database/Connection.php(983): Illuminate/Database/Connection->runQueryCallback('select * from `...', Array, Object(Closure))
#12 C:/Users/pathu/Desktop/puretec pos/vendor/laravel/framework/src/Illuminate/Database/Connection.php(962): Illuminate/Database/Connection->tryAgainIfCausedByLostConnection(Object(Illuminate/Database/QueryException), 'select * from `...', Array, Object(Closure))
#13 C:/Users/pathu/Desktop/puretec pos/vendor/laravel/framework/src/Illuminate/Database/Connection.php(785): Illuminate/Database/Connection->handleQueryException(Object(Illuminate/Database/QueryException), 'select * from `...', Array, Object(Closure))
#14 C:/Users/pathu/Desktop/puretec pos/vendor/laravel/framework/src/Illuminate/Database/Connection.php(414): Illuminate/Database/Connection->run('select * from `...', Array, Object(Closure))
#15 C:/Users/pathu/Desktop/puretec pos/vendor/laravel/framework/src/Illuminate/Database/Query/Builder.php(2913): Illuminate/Database/Connection->select('select * from `...', Array, true)
#16 C:/Users/pathu/Desktop/puretec pos/vendor/laravel/framework/src/Illuminate/Database/Query/Builder.php(2902): Illuminate/Database/Query/Builder->runSelect()
#17 C:/Users/pathu/Desktop/puretec pos/vendor/laravel/framework/src/Illuminate/Database/Query/Builder.php(3456): Illuminate/Database/Query/Builder->Illuminate/Database/Query/{closure}()
#18 C:/Users/pathu/Desktop/puretec pos/vendor/laravel/framework/src/Illuminate/Database/Query/Builder.php(2901): Illuminate/Database/Query/Builder->onceWithColumns(Array, Object(Closure))
#19 C:/Users/pathu/Desktop/puretec pos/vendor/laravel/framework/src/Illuminate/Database/Eloquent/Builder.php(739): Illuminate/Database/Query/Builder->get(Array)
#20 C:/Users/pathu/Desktop/puretec pos/vendor/laravel/framework/src/Illuminate/Database/Eloquent/Builder.php(723): Illuminate/Database/Eloquent/Builder->getModels(Array)
#21 C:/Users/pathu/Desktop/puretec pos/vendor/laravel/framework/src/Illuminate/Database/Concerns/BuildsQueries.php(333): Illuminate/Database/Eloquent/Builder->get(Array)
#22 C:/Users/pathu/Desktop/puretec pos/vendor/laravel/framework/src/Illuminate/Auth/EloquentUserProvider.php(139): Illuminate/Database/Eloquent/Builder->first()
#23 C:/Users/pathu/Desktop/puretec pos/vendor/laravel/framework/src/Illuminate/Auth/SessionGuard.php(381): Illuminate/Auth/EloquentUserProvider->retrieveByCredentials(Array)
#24 C:/Users/pathu/Desktop/puretec pos/vendor/laravel/framework/src/Illuminate/Auth/AuthManager.php(340): Illuminate/Auth/SessionGuard->attempt(Array, false)
#25 C:/Users/pathu/Desktop/puretec pos/vendor/laravel/framework/src/Illuminate/Support/Facades/Facade.php(355): Illuminate/Auth/AuthManager->__call('attempt', Array)
#26 C:/Users/pathu/Desktop/puretec pos/app/Http/Controllers/Auth/AuthController.php(27): Illuminate/Support/Facades/Facade::__callStatic('attempt', Array)
#27 C:/Users/pathu/Desktop/puretec pos/vendor/laravel/framework/src/Illuminate/Routing/Controller.php(54): App/Http/Controllers/Auth/AuthController->login(Object(Illuminate/Http/Request))
#28 C:/Users/pathu/Desktop/puretec pos/vendor/laravel/framework/src/Illuminate/Routing/ControllerDispatcher.php(43): Illuminate/Routing/Controller->callAction('login', Array)
#29 C:/Users/pathu/Desktop/puretec pos/vendor/laravel/framework/src/Illuminate/Routing/Route.php(259): Illuminate/Routing/ControllerDispatcher->dispatch(Object(Illuminate/Routing/Route), Object(App/Http/Controllers/Auth/AuthController), 'login')
#30 C:/Users/pathu/Desktop/puretec pos/vendor/laravel/framework/src/Illuminate/Routing/Route.php(205): Illuminate/Routing/Route->runController()
#31 C:/Users/pathu/Desktop/puretec pos/vendor/laravel/framework/src/Illuminate/Routing/Router.php(806): Illuminate/Routing/Route->run()
#32 C:/Users/pathu/Desktop/puretec pos/vendor/laravel/framework/src/Illuminate/Pipeline/Pipeline.php(144): Illuminate/Routing/Router->Illuminate/Routing/{closure}(Object(Illuminate/Http/Request))
#33 C:/Users/pathu/Desktop/puretec pos/app/Http/Middleware/RedirectIfAuthenticated.php(27): Illuminate/Pipeline/Pipeline->Illuminate/Pipeline/{closure}(Object(Illuminate/Http/Request))
#34 C:/Users/pathu/Desktop/puretec pos/vendor/laravel/framework/src/Illuminate/Pipeline/Pipeline.php(183): App/Http/Middleware/RedirectIfAuthenticated->handle(Object(Illuminate/Http/Request), Object(Closure))
#35 C:/Users/pathu/Desktop/puretec pos/vendor/laravel/framework/src/Illuminate/Routing/Middleware/SubstituteBindings.php(50): Illuminate/Pipeline/Pipeline->Illuminate/Pipeline/{closure}(Object(Illuminate/Http/Request))
#36 C:/Users/pathu/Desktop/puretec pos/vendor/laravel/framework/src/Illuminate/Pipeline/Pipeline.php(183): Illuminate/Routing/Middleware/SubstituteBindings->handle(Object(Illuminate/Http/Request), Object(Closure))
#37 C:/Users/pathu/Desktop/puretec pos/vendor/laravel/framework/src/Illuminate/Foundation/Http/Middleware/VerifyCsrfToken.php(78): Illuminate/Pipeline/Pipeline->Illuminate/Pipeline/{closure}(Object(Illuminate/Http/Request))
#38 C:/Users/pathu/Desktop/puretec pos/vendor/laravel/framework/src/Illuminate/Pipeline/Pipeline.php(183): Illuminate/Foundation/Http/Middleware/VerifyCsrfToken->handle(Object(Illuminate/Http/Request), Object(Closure))
#39 C:/Users/pathu/Desktop/puretec pos/vendor/laravel/framework/src/Illuminate/View/Middleware/ShareErrorsFromSession.php(49): Illuminate/Pipeline/Pipeline->Illuminate/Pipeline/{closure}(Object(Illuminate/Http/Request))
#40 C:/Users/pathu/Desktop/puretec pos/vendor/laravel/framework/src/Illuminate/Pipeline/Pipeline.php(183): Illuminate/View/Middleware/ShareErrorsFromSession->handle(Object(Illuminate/Http/Request), Object(Closure))
#41 C:/Users/pathu/Desktop/puretec pos/vendor/laravel/framework/src/Illuminate/Session/Middleware/StartSession.php(121): Illuminate/Pipeline/Pipeline->Illuminate/Pipeline/{closure}(Object(Illuminate/Http/Request))
#42 C:/Users/pathu/Desktop/puretec pos/vendor/laravel/framework/src/Illuminate/Session/Middleware/StartSession.php(64): Illuminate/Session/Middleware/StartSession->handleStatefulRequest(Object(Illuminate/Http/Request), Object(Illuminate/Session/Store), Object(Closure))
#43 C:/Users/pathu/Desktop/puretec pos/vendor/laravel/framework/src/Illuminate/Pipeline/Pipeline.php(183): Illuminate/Session/Middleware/StartSession->handle(Object(Illuminate/Http/Request), Object(Closure))
#44 C:/Users/pathu/Desktop/puretec pos/vendor/laravel/framework/src/Illuminate/Cookie/Middleware/AddQueuedCookiesToResponse.php(37): Illuminate/Pipeline/Pipeline->Illuminate/Pipeline/{closure}(Object(Illuminate/Http/Request))
#45 C:/Users/pathu/Desktop/puretec pos/vendor/laravel/framework/src/Illuminate/Pipeline/Pipeline.php(183): Illuminate/Cookie/Middleware/AddQueuedCookiesToResponse->handle(Object(Illuminate/Http/Request), Object(Closure))
#46 C:/Users/pathu/Desktop/puretec pos/vendor/laravel/framework/src/Illuminate/Cookie/Middleware/EncryptCookies.php(67): Illuminate/Pipeline/Pipeline->Illuminate/Pipeline/{closure}(Object(Illuminate/Http/Request))
#47 C:/Users/pathu/Desktop/puretec pos/vendor/laravel/framework/src/Illuminate/Pipeline/Pipeline.php(183): Illuminate/Cookie/Middleware/EncryptCookies->handle(Object(Illuminate/Http/Request), Object(Closure))
#48 C:/Users/pathu/Desktop/puretec pos/vendor/laravel/framework/src/Illuminate/Pipeline/Pipeline.php(119): Illuminate/Pipeline/Pipeline->Illuminate/Pipeline/{closure}(Object(Illuminate/Http/Request))
#49 C:/Users/pathu/Desktop/puretec pos/vendor/laravel/framework/src/Illuminate/Routing/Router.php(805): Illuminate/Pipeline/Pipeline->then(Object(Closure))
#50 C:/Users/pathu/Desktop/puretec pos/vendor/laravel/framework/src/Illuminate/Routing/Router.php(784): Illuminate/Routing/Router->runRouteWithinStack(Object(Illuminate/Routing/Route), Object(Illuminate/Http/Request))
#51 C:/Users/pathu/Desktop/puretec pos/vendor/laravel/framework/src/Illuminate/Routing/Router.php(748): Illuminate/Routing/Router->runRoute(Object(Illuminate/Http/Request), Object(Illuminate/Routing/Route))
#52 C:/Users/pathu/Desktop/puretec pos/vendor/laravel/framework/src/Illuminate/Routing/Router.php(737): Illuminate/Routing/Router->dispatchToRoute(Object(Illuminate/Http/Request))
#53 C:/Users/pathu/Desktop/puretec pos/vendor/laravel/framework/src/Illuminate/Foundation/Http/Kernel.php(200): Illuminate/Routing/Router->dispatch(Object(Illuminate/Http/Request))
#54 C:/Users/pathu/Desktop/puretec pos/vendor/laravel/framework/src/Illuminate/Pipeline/Pipeline.php(144): Illuminate/Foundation/Http/Kernel->Illuminate/Foundation/Http/{closure}(Object(Illuminate/Http/Request))
#55 C:/Users/pathu/Desktop/puretec pos/vendor/laravel/framework/src/Illuminate/Foundation/Http/Middleware/TransformsRequest.php(21): Illuminate/Pipeline/Pipeline->Illuminate/Pipeline/{closure}(Object(Illuminate/Http/Request))
#56 C:/Users/pathu/Desktop/puretec pos/vendor/laravel/framework/src/Illuminate/Foundation/Http/Middleware/ConvertEmptyStringsToNull.php(31): Illuminate/Foundation/Http/Middleware/TransformsRequest->handle(Object(Illuminate/Http/Request), Object(Closure))
#57 C:/Users/pathu/Desktop/puretec pos/vendor/laravel/framework/src/Illuminate/Pipeline/Pipeline.php(183): Illuminate/Foundation/Http/Middleware/ConvertEmptyStringsToNull->handle(Object(Illuminate/Http/Request), Object(Closure))
#58 C:/Users/pathu/Desktop/puretec pos/vendor/laravel/framework/src/Illuminate/Foundation/Http/Middleware/ValidatePostSize.php(27): Illuminate/Pipeline/Pipeline->Illuminate/Pipeline/{closure}(Object(Illuminate/Http/Request))
#59 C:/Users/pathu/Desktop/puretec pos/vendor/laravel/framework/src/Illuminate/Pipeline/Pipeline.php(183): Illuminate/Foundation/Http/Middleware/ValidatePostSize->handle(Object(Illuminate/Http/Request), Object(Closure))
#60 C:/Users/pathu/Desktop/puretec pos/vendor/laravel/framework/src/Illuminate/Http/Middleware/HandleCors.php(49): Illuminate/Pipeline/Pipeline->Illuminate/Pipeline/{closure}(Object(Illuminate/Http/Request))
#61 C:/Users/pathu/Desktop/puretec pos/vendor/laravel/framework/src/Illuminate/Pipeline/Pipeline.php(183): Illuminate/Http/Middleware/HandleCors->handle(Object(Illuminate/Http/Request), Object(Closure))
#62 C:/Users/pathu/Desktop/puretec pos/vendor/laravel/framework/src/Illuminate/Pipeline/Pipeline.php(119): Illuminate/Pipeline/Pipeline->Illuminate/Pipeline/{closure}(Object(Illuminate/Http/Request))
#63 C:/Users/pathu/Desktop/puretec pos/vendor/laravel/framework/src/Illuminate/Foundation/Http/Kernel.php(175): Illuminate/Pipeline/Pipeline->then(Object(Closure))
#64 C:/Users/pathu/Desktop/puretec pos/vendor/laravel/framework/src/Illuminate/Foundation/Http/Kernel.php(144): Illuminate/Foundation/Http/Kernel->sendRequestThroughRouter(Object(Illuminate/Http/Request))
#65 C:/Users/pathu/Desktop/puretec pos/public/index.php(36): Illuminate/Foundation/Http/Kernel->handle(Object(Illuminate/Http/Request))
#66 C:/Users/pathu/Desktop/puretec pos/vendor/laravel/framework/src/Illuminate/Foundation/resources/server.php(16): require_once('C://Users//pathu//...')
#67 {main}
"} 
